INFO 2026-03-27 08:10:52,774 autoreload 6180 21816 Watching for file changes with StatReloader
INFO 2026-03-27 08:10:53,970 basehttp 6180 20432 "GET / HTTP/1.1" 200 12068
WARNING 2026-03-27 08:10:56,634 basehttp 6180 20432 "GET /favicon.ico HTTP/1.1" 404 2208
INFO 2026-03-27 08:16:58,791 autoreload 20444 7072 Watching for file changes with StatReloader
INFO 2026-03-27 08:17:27,966 autoreload 15372 21164 Watching for file changes with StatReloader
INFO 2026-03-27 08:17:48,416 basehttp 15372 15392 "GET / HTTP/1.1" 200 12068
INFO 2026-03-27 08:17:50,044 autoreload 15372 21164 C:\PycharmProjects\letter_portal\config\urls.py changed, reloading.
INFO 2026-03-27 08:17:53,560 autoreload 5664 17436 Watching for file changes with StatReloader
INFO 2026-03-27 08:19:50,176 autoreload 9176 2376 Watching for file changes with StatReloader
INFO 2026-03-27 08:21:03,814 autoreload 9176 2376 C:\PycharmProjects\letter_portal\apps\accounts\views.py changed, reloading.
INFO 2026-03-27 08:21:08,372 autoreload 16472 16432 Watching for file changes with StatReloader
INFO 2026-03-27 08:24:49,387 autoreload 3788 2360 Watching for file changes with StatReloader
INFO 2026-03-27 08:26:22,771 autoreload 3788 2360 C:\PycharmProjects\letter_portal\apps\dashboard\urls.py changed, reloading.
INFO 2026-03-27 08:26:29,708 autoreload 20220 17600 Watching for file changes with StatReloader
INFO 2026-03-27 08:27:19,919 autoreload 20220 17600 C:\PycharmProjects\letter_portal\apps\letters\urls.py changed, reloading.
INFO 2026-03-27 08:27:24,988 autoreload 20408 21848 Watching for file changes with StatReloader
INFO 2026-03-27 08:30:08,402 autoreload 20408 21848 C:\PycharmProjects\letter_portal\apps\letters\views.py changed, reloading.
INFO 2026-03-27 08:30:14,192 autoreload 20948 14204 Watching for file changes with StatReloader
INFO 2026-03-27 08:30:18,954 basehttp 20948 17680 "GET / HTTP/1.1" 302 0
INFO 2026-03-27 08:30:19,032 basehttp 20948 17680 "GET /accounts/login/?next=/ HTTP/1.1" 200 11005
ERROR 2026-03-27 08:30:44,238 basehttp 20948 17680 "POST /accounts/login/ HTTP/1.1" 500 4893175
INFO 2026-03-27 08:31:16,575 basehttp 20948 17680 "GET /accounts/login/?next=/ HTTP/1.1" 200 11005
ERROR 2026-03-27 08:31:32,752 basehttp 20948 17680 "GET /accounts/password-reset/ HTTP/1.1" 500 89783
INFO 2026-03-27 08:31:34,561 basehttp 20948 17680 "GET /accounts/login/?next=/ HTTP/1.1" 200 11005
INFO 2026-03-27 08:31:36,538 basehttp 20948 17680 "GET /accounts/help/ HTTP/1.1" 302 0
INFO 2026-03-27 08:31:36,551 basehttp 20948 17680 "GET /accounts/login/?next=/accounts/help/ HTTP/1.1" 200 11019
INFO 2026-03-27 08:31:43,843 basehttp 20948 17680 "GET /accounts/login/?next=/ HTTP/1.1" 200 11005
INFO 2026-03-27 08:31:46,416 basehttp 20948 17680 "GET /accounts/login/?next=/ HTTP/1.1" 200 11005
INFO 2026-03-27 08:31:47,593 basehttp 20948 17680 "GET /accounts/login/?next=/ HTTP/1.1" 200 11005
INFO 2026-03-27 08:32:39,398 autoreload 20948 14204 C:\PycharmProjects\letter_portal\apps\accounts\signals.py changed, reloading.
INFO 2026-03-27 08:32:43,682 autoreload 8304 17264 Watching for file changes with StatReloader
INFO 2026-03-27 08:32:45,100 basehttp 8304 2260 "GET /accounts/login/?next=/ HTTP/1.1" 200 11005
ERROR 2026-03-27 08:32:58,640 basehttp 8304 2260 "POST /accounts/login/ HTTP/1.1" 500 256298
INFO 2026-03-27 08:35:00,224 autoreload 8304 17264 C:\PycharmProjects\letter_portal\apps\accounts\models.py changed, reloading.
INFO 2026-03-27 08:35:04,407 autoreload 8912 21604 Watching for file changes with StatReloader
ERROR 2026-03-27 08:35:09,852 basehttp 8912 1232 "POST /accounts/login/ HTTP/1.1" 500 256298
INFO 2026-03-27 08:36:27,813 autoreload 8912 21604 C:\PycharmProjects\letter_portal\apps\accounts\models.py changed, reloading.
INFO 2026-03-27 08:36:31,431 autoreload 16436 5164 Watching for file changes with StatReloader
ERROR 2026-03-27 08:36:38,420 basehttp 16436 22148 "POST /accounts/login/ HTTP/1.1" 500 256298
INFO 2026-03-27 08:39:00,516 autoreload 16436 5164 C:\PycharmProjects\letter_portal\apps\accounts\views.py changed, reloading.
INFO 2026-03-27 08:39:55,276 autoreload 20388 18564 Watching for file changes with StatReloader
INFO 2026-03-27 08:40:03,011 basehttp 20388 19688 "POST /accounts/login/ HTTP/1.1" 302 0
ERROR 2026-03-27 08:40:03,265 basehttp 20388 19688 "GET / HTTP/1.1" 500 89891
ERROR 2026-03-27 08:42:21,322 basehttp 20388 19688 "GET / HTTP/1.1" 500 107166
ERROR 2026-03-27 08:42:23,690 basehttp 20388 19688 "GET / HTTP/1.1" 500 107166
INFO 2026-03-27 08:43:23,976 autoreload 20388 18564 C:\PycharmProjects\letter_portal\apps\dashboard\views.py changed, reloading.
INFO 2026-03-27 08:43:27,843 autoreload 2196 9468 Watching for file changes with StatReloader
ERROR 2026-03-27 08:43:32,180 basehttp 2196 7172 "GET / HTTP/1.1" 500 107272
INFO 2026-03-27 08:44:16,036 autoreload 2196 9468 C:\PycharmProjects\letter_portal\apps\dashboard\views.py changed, reloading.
INFO 2026-03-27 08:44:19,433 autoreload 6640 20140 Watching for file changes with StatReloader
ERROR 2026-03-27 08:44:21,991 basehttp 6640 16440 "GET / HTTP/1.1" 500 107272
INFO 2026-03-27 08:48:25,343 autoreload 6640 20140 C:\PycharmProjects\letter_portal\apps\dashboard\views.py changed, reloading.
INFO 2026-03-27 08:48:33,833 autoreload 19548 9164 Watching for file changes with StatReloader
ERROR 2026-03-27 08:48:36,075 basehttp 19548 21896 "GET / HTTP/1.1" 500 116438
INFO 2026-03-27 08:49:39,417 autoreload 19548 9164 C:\PycharmProjects\letter_portal\apps\dashboard\context_processors.py changed, reloading.
INFO 2026-03-27 08:49:42,975 autoreload 11296 9376 Watching for file changes with StatReloader
INFO 2026-03-27 08:49:45,384 basehttp 11296 12128 - Broken pipe from ('127.0.0.1', 54991)
ERROR 2026-03-27 08:49:46,618 basehttp 11296 17768 "GET / HTTP/1.1" 500 311925
INFO 2026-03-27 08:52:11,532 autoreload 18228 20392 Watching for file changes with StatReloader
INFO 2026-03-27 08:52:16,416 basehttp 18228 13176 "GET / HTTP/1.1" 200 35937
ERROR 2026-03-27 08:52:23,550 basehttp 18228 13176 "GET /letters/ HTTP/1.1" 500 89474
INFO 2026-03-27 08:52:26,361 basehttp 18228 13176 "GET / HTTP/1.1" 200 35457
ERROR 2026-03-27 08:52:34,136 basehttp 18228 13176 "GET /accounts/profile/ HTTP/1.1" 500 102204
INFO 2026-03-27 08:52:37,235 basehttp 18228 13176 "GET / HTTP/1.1" 200 35457
ERROR 2026-03-27 08:52:48,127 basehttp 18228 13176 "GET /letters/reports/ HTTP/1.1" 500 89621
ERROR 2026-03-27 08:52:50,714 basehttp 18228 13176 "GET /letters/audit/ HTTP/1.1" 500 93695
ERROR 2026-03-27 08:52:55,952 basehttp 18228 13176 "GET /letters/my-drafts/ HTTP/1.1" 500 89614
ERROR 2026-03-27 08:53:08,683 basehttp 18228 13176 "GET /accounts/help/ HTTP/1.1" 500 89549
INFO 2026-03-27 08:53:52,376 basehttp 18228 13176 "GET / HTTP/1.1" 200 35457
INFO 2026-03-27 08:54:58,332 basehttp 18228 24128 "GET / HTTP/1.1" 200 35457
ERROR 2026-03-27 08:55:09,579 basehttp 18228 24128 "GET /letters/ HTTP/1.1" 500 89474
INFO 2026-03-27 19:00:08,213 basehttp 18228 7172 "GET / HTTP/1.1" 200 35457
ERROR 2026-03-27 19:00:12,834 basehttp 18228 7172 "GET /letters/ HTTP/1.1" 500 89474
ERROR 2026-03-27 19:00:16,225 basehttp 18228 7172 "GET /letters/reports/ HTTP/1.1" 500 89621
ERROR 2026-03-27 19:00:28,617 basehttp 18228 7172 "GET /accounts/profile/ HTTP/1.1" 500 102204
INFO 2026-03-27 19:00:33,073 basehttp 18228 7172 "GET / HTTP/1.1" 200 35457
WARNING 2026-03-27 19:04:47,602 basehttp 18228 7172 "GET /accounts/logout/ HTTP/1.1" 405 0
WARNING 2026-03-27 19:04:56,936 basehttp 18228 7172 "GET /accounts/ HTTP/1.1" 404 14865
INFO 2026-03-27 19:04:59,888 basehttp 18228 7172 "GET / HTTP/1.1" 200 35457
WARNING 2026-03-27 19:05:06,677 basehttp 18228 7172 "GET /accounts/logout/ HTTP/1.1" 405 0
INFO 2026-03-27 19:05:27,973 autoreload 22516 19484 Watching for file changes with StatReloader
INFO 2026-03-27 19:05:31,570 basehttp 22516 22744 "GET / HTTP/1.1" 200 35457
WARNING 2026-03-27 19:05:36,852 basehttp 22516 22744 "GET /accounts/logout/ HTTP/1.1" 405 0
INFO 2026-03-27 19:34:19,669 autoreload 13124 18540 Watching for file changes with StatReloader
INFO 2026-03-27 19:34:22,189 basehttp 13124 22108 "GET / HTTP/1.1" 302 0
INFO 2026-03-27 19:34:22,301 basehttp 13124 22108 "GET /accounts/login/?next=/ HTTP/1.1" 200 11005
WARNING 2026-03-27 19:34:22,688 basehttp 13124 22108 "GET /favicon.ico HTTP/1.1" 404 4756
ERROR 2026-03-27 19:34:53,472 basehttp 13124 22108 "GET /accounts/login/?next=/ HTTP/1.1" 500 136623
ERROR 2026-03-27 19:34:56,380 basehttp 13124 22108 "GET /accounts/login/?next=/ HTTP/1.1" 500 136623
ERROR 2026-03-27 19:35:10,925 basehttp 13124 22108 "GET /accounts/login/?next=/ HTTP/1.1" 500 136623
INFO 2026-03-27 19:35:14,100 basehttp 13124 22108 "GET /accounts/login/?next=/ HTTP/1.1" 200 11005
INFO 2026-03-27 19:35:23,285 basehttp 13124 22108 "GET /accounts/login/?next=/ HTTP/1.1" 200 11005
ERROR 2026-03-27 19:35:26,833 basehttp 13124 22108 "GET /accounts/login/?next=/ HTTP/1.1" 500 136623
ERROR 2026-03-27 19:36:08,178 basehttp 13124 22108 "GET /accounts/login/?next=/ HTTP/1.1" 500 136623
ERROR 2026-03-27 19:36:10,229 basehttp 13124 22108 "GET /accounts/login/?next=/ HTTP/1.1" 500 136858
INFO 2026-03-27 19:37:28,658 basehttp 13124 22108 "GET /accounts/login/?next=/ HTTP/1.1" 200 8130
INFO 2026-03-27 19:37:33,170 basehttp 13124 22108 "GET /accounts/login/?next=/ HTTP/1.1" 200 8130
INFO 2026-03-27 19:38:56,547 basehttp 13124 22108 "GET /accounts/login/?next=/ HTTP/1.1" 200 27785
INFO 2026-03-27 19:38:59,149 basehttp 13124 22108 "GET /accounts/login/?next=/ HTTP/1.1" 200 27785
INFO 2026-03-27 19:39:03,193 basehttp 13124 22108 "GET /accounts/login/?next=/ HTTP/1.1" 200 27785
INFO 2026-03-27 19:39:05,684 basehttp 13124 22108 "GET /accounts/login/?next=/ HTTP/1.1" 200 27785
INFO 2026-03-27 19:41:28,685 basehttp 13124 22108 "POST /accounts/login/ HTTP/1.1" 302 0
INFO 2026-03-27 19:41:29,286 basehttp 13124 22108 "GET / HTTP/1.1" 200 35937
WARNING 2026-03-27 19:43:10,531 basehttp 13124 22108 "GET /accounts/logout/ HTTP/1.1" 405 0
INFO 2026-03-27 19:43:23,229 basehttp 13124 22108 "GET / HTTP/1.1" 200 35457
INFO 2026-03-27 19:52:52,678 basehttp 13124 22520 "GET / HTTP/1.1" 200 43802
INFO 2026-03-27 20:05:03,276 autoreload 13124 18540 C:\PycharmProjects\letter_portal\apps\accounts\urls.py changed, reloading.
INFO 2026-03-27 20:05:07,898 autoreload 3032 20900 Watching for file changes with StatReloader
INFO 2026-03-27 20:20:40,402 autoreload 3032 20900 C:\PycharmProjects\letter_portal\apps\accounts\urls.py changed, reloading.
INFO 2026-03-27 20:20:42,991 autoreload 22072 18916 Watching for file changes with StatReloader
INFO 2026-03-27 20:20:44,285 basehttp 22072 4920 "GET / HTTP/1.1" 200 38992
INFO 2026-03-27 20:20:44,343 basehttp 22072 4920 "GET /static/css/style.css HTTP/1.1" 200 13357
INFO 2026-03-27 20:20:44,438 basehttp 22072 21284 "GET /static/js/main.js HTTP/1.1" 200 795
INFO 2026-03-27 20:20:49,820 basehttp 22072 21284 "POST /accounts/logout/ HTTP/1.1" 302 0
INFO 2026-03-27 20:20:49,834 basehttp 22072 21284 "GET /accounts/login/ HTTP/1.1" 200 10061
INFO 2026-03-27 20:20:49,883 basehttp 22072 21284 "GET /static/css/login.css HTTP/1.1" 200 8203
INFO 2026-03-27 20:20:53,036 basehttp 22072 21284 "GET /accounts/login/ HTTP/1.1" 200 10061
INFO 2026-03-27 20:21:04,991 basehttp 22072 21284 "POST /accounts/login/ HTTP/1.1" 302 0
INFO 2026-03-27 20:21:05,245 basehttp 22072 21284 "GET / HTTP/1.1" 200 39472
INFO 2026-03-27 20:21:47,667 basehttp 22072 21284 "GET / HTTP/1.1" 200 38992
INFO 2026-03-27 20:21:47,726 basehttp 22072 21284 "GET /static/css/style.css HTTP/1.1" 304 0
INFO 2026-03-27 20:21:47,727 basehttp 22072 4920 "GET /static/js/main.js HTTP/1.1" 304 0
INFO 2026-03-27 20:21:50,498 basehttp 22072 4920 "GET / HTTP/1.1" 200 38992
ERROR 2026-03-27 20:21:53,810 basehttp 22072 4920 "GET /letters/my-drafts/ HTTP/1.1" 500 89485
INFO 2026-03-27 20:27:42,793 basehttp 22072 7972 "GET / HTTP/1.1" 200 38992
INFO 2026-03-27 20:27:42,837 basehttp 22072 7972 "GET /static/css/style.css HTTP/1.1" 304 0
INFO 2026-03-27 20:27:42,842 basehttp 22072 18592 "GET /static/js/main.js HTTP/1.1" 304 0
INFO 2026-03-27 20:28:11,776 basehttp 22072 18592 "GET / HTTP/1.1" 200 31837
INFO 2026-03-27 20:29:39,310 basehttp 22072 18592 "GET / HTTP/1.1" 200 31894
INFO 2026-03-27 20:29:39,357 basehttp 22072 7972 "GET /static/css/style.css HTTP/1.1" 304 0
INFO 2026-03-27 20:29:39,359 basehttp 22072 18592 "GET /static/css/dashboard.css HTTP/1.1" 200 7585
INFO 2026-03-27 20:29:39,365 basehttp 22072 11524 "GET /static/js/main.js HTTP/1.1" 304 0
INFO 2026-03-27 20:29:40,982 basehttp 22072 11524 "GET / HTTP/1.1" 200 31894
INFO 2026-03-27 20:29:42,269 basehttp 22072 11524 "GET / HTTP/1.1" 200 31894
INFO 2026-03-27 20:29:43,851 basehttp 22072 11524 "GET / HTTP/1.1" 200 31894
INFO 2026-03-27 20:29:45,052 basehttp 22072 11524 "GET / HTTP/1.1" 200 31894
INFO 2026-03-27 20:29:45,103 basehttp 22072 11524 "GET /static/css/dashboard.css HTTP/1.1" 304 0
INFO 2026-03-27 20:30:27,242 basehttp 22072 11524 "GET / HTTP/1.1" 200 31894
INFO 2026-03-27 20:30:27,292 basehttp 22072 11524 "GET /static/css/dashboard.css HTTP/1.1" 304 0
INFO 2026-03-27 20:30:28,641 basehttp 22072 11524 "GET / HTTP/1.1" 200 31894
INFO 2026-03-27 20:32:06,647 basehttp 22072 21348 "GET / HTTP/1.1" 200 31894
INFO 2026-03-27 20:32:06,708 basehttp 22072 20592 "GET /static/css/dashboard.css HTTP/1.1" 304 0
INFO 2026-03-27 20:32:06,712 basehttp 22072 21348 "GET /static/css/style.css HTTP/1.1" 200 8702
INFO 2026-03-27 20:32:06,714 basehttp 22072 7996 "GET /static/js/main.js HTTP/1.1" 304 0
INFO 2026-03-27 20:32:08,058 basehttp 22072 7996 "GET / HTTP/1.1" 200 31894
INFO 2026-03-27 20:32:08,102 basehttp 22072 7996 "GET /static/css/style.css HTTP/1.1" 304 0
INFO 2026-03-27 20:32:09,238 basehttp 22072 7996 "GET / HTTP/1.1" 200 31894
INFO 2026-03-27 20:32:09,289 basehttp 22072 7996 "GET /static/css/style.css HTTP/1.1" 304 0
ERROR 2026-03-27 20:32:36,655 basehttp 22072 7996 "GET /letters/ HTTP/1.1" 500 89345
ERROR 2026-03-27 20:32:40,128 basehttp 22072 7996 "GET /letters/my-drafts/ HTTP/1.1" 500 89485
INFO 2026-03-27 20:32:42,972 basehttp 22072 7996 "GET / HTTP/1.1" 200 31894
INFO 2026-03-27 20:32:43,023 basehttp 22072 7996 "GET /static/css/style.css HTTP/1.1" 304 0
INFO 2026-03-27 20:32:43,029 basehttp 22072 7996 "GET /static/css/dashboard.css HTTP/1.1" 304 0
INFO 2026-03-27 20:34:08,442 basehttp 22072 7996 "GET / HTTP/1.1" 200 31894
INFO 2026-03-27 20:34:08,497 basehttp 22072 7996 "GET /static/css/style.css HTTP/1.1" 304 0
INFO 2026-03-27 20:34:08,499 basehttp 22072 20592 "GET /static/js/main.js HTTP/1.1" 200 2819
INFO 2026-03-27 20:34:08,500 basehttp 22072 21348 "GET /static/css/dashboard.css HTTP/1.1" 200 8124
ERROR 2026-03-27 20:34:10,629 basehttp 22072 20592 "GET /letters/ HTTP/1.1" 500 89345
INFO 2026-03-27 20:34:13,847 basehttp 22072 20592 "GET / HTTP/1.1" 200 31905
INFO 2026-03-27 20:34:13,895 basehttp 22072 20592 "GET /static/css/dashboard.css HTTP/1.1" 304 0
INFO 2026-03-27 20:34:13,896 basehttp 22072 21348 "GET /static/js/main.js HTTP/1.1" 304 0
INFO 2026-03-27 20:34:54,450 basehttp 22072 20592 "GET /static/css/style.css HTTP/1.1" 304 0
INFO 2026-03-27 20:34:54,451 basehttp 22072 7996 "GET /static/css/dashboard.css HTTP/1.1" 304 0
WARNING 2026-03-27 20:34:54,465 basehttp 22072 21348 "GET /.well-known/appspecific/com.chrome.devtools.json HTTP/1.1" 404 4867
ERROR 2026-03-27 20:35:49,483 basehttp 22072 21348 "GET /letters/ HTTP/1.1" 500 89345
INFO 2026-03-27 20:36:12,404 basehttp 22072 21348 "GET / HTTP/1.1" 200 31905
INFO 2026-03-27 20:36:12,510 basehttp 22072 7996 "GET /static/css/dashboard.css HTTP/1.1" 304 0
INFO 2026-03-27 20:36:12,515 basehttp 22072 20592 "GET /static/js/main.js HTTP/1.1" 304 0
INFO 2026-03-27 20:36:12,517 basehttp 22072 21348 "GET /static/css/style.css HTTP/1.1" 200 10252
INFO 2026-03-27 20:36:19,035 basehttp 22072 21348 "GET / HTTP/1.1" 200 31905
INFO 2026-03-27 20:36:19,095 basehttp 22072 21348 "GET /static/css/style.css HTTP/1.1" 304 0
INFO 2026-03-27 20:36:20,249 basehttp 22072 21348 "GET / HTTP/1.1" 200 31905
INFO 2026-03-27 20:36:20,303 basehttp 22072 21348 "GET /static/css/style.css HTTP/1.1" 304 0
INFO 2026-03-27 20:37:40,332 basehttp 22072 21348 "GET / HTTP/1.1" 200 31917
INFO 2026-03-27 20:37:40,392 basehttp 22072 21348 "GET /static/css/style.css HTTP/1.1" 304 0
INFO 2026-03-27 20:37:40,393 basehttp 22072 20592 "GET /static/css/dashboard.css HTTP/1.1" 304 0
INFO 2026-03-27 20:37:40,395 basehttp 22072 7996 "GET /static/js/main.js HTTP/1.1" 304 0
INFO 2026-03-27 20:37:41,852 basehttp 22072 7996 "GET / HTTP/1.1" 200 31917
INFO 2026-03-27 20:38:09,298 basehttp 22072 7996 "GET / HTTP/1.1" 200 31917
INFO 2026-03-27 20:38:09,349 basehttp 22072 7996 "GET /static/css/style.css HTTP/1.1" 304 0
INFO 2026-03-27 20:38:09,352 basehttp 22072 20592 "GET /static/css/dashboard.css HTTP/1.1" 304 0
INFO 2026-03-27 20:38:09,353 basehttp 22072 21348 "GET /static/js/main.js HTTP/1.1" 304 0
INFO 2026-03-27 20:38:10,587 basehttp 22072 21348 "GET / HTTP/1.1" 200 31917
INFO 2026-03-27 20:38:37,682 basehttp 22072 21348 "GET / HTTP/1.1" 200 31917
INFO 2026-03-27 20:38:37,750 basehttp 22072 21348 "GET /static/css/style.css HTTP/1.1" 304 0
INFO 2026-03-27 20:38:37,750 basehttp 22072 7996 "GET /static/js/main.js HTTP/1.1" 304 0
INFO 2026-03-27 20:38:37,752 basehttp 22072 20592 "GET /static/css/dashboard.css HTTP/1.1" 200 9437
INFO 2026-03-27 20:38:39,810 basehttp 22072 20592 "GET / HTTP/1.1" 200 31917
INFO 2026-03-27 20:38:39,865 basehttp 22072 20592 "GET /static/css/dashboard.css HTTP/1.1" 304 0
INFO 2026-03-27 20:38:44,231 basehttp 22072 20592 "GET / HTTP/1.1" 200 31917
INFO 2026-03-27 20:38:44,282 basehttp 22072 20592 "GET /static/css/dashboard.css HTTP/1.1" 304 0
INFO 2026-03-27 20:39:06,270 basehttp 22072 20592 "GET / HTTP/1.1" 200 31917
INFO 2026-03-27 20:39:06,333 basehttp 22072 7996 "GET /static/css/dashboard.css HTTP/1.1" 304 0
INFO 2026-03-27 20:39:06,333 basehttp 22072 20592 "GET /static/css/style.css HTTP/1.1" 304 0
INFO 2026-03-27 20:39:06,333 basehttp 22072 21348 "GET /static/js/main.js HTTP/1.1" 304 0
INFO 2026-03-27 20:39:08,605 basehttp 22072 21348 "GET / HTTP/1.1" 200 31917
INFO 2026-03-27 20:41:00,074 basehttp 22072 21348 "GET / HTTP/1.1" 200 31917
INFO 2026-03-27 20:41:00,141 basehttp 22072 21348 "GET /static/css/style.css HTTP/1.1" 304 0
INFO 2026-03-27 20:41:00,141 basehttp 22072 7996 "GET /static/css/dashboard.css HTTP/1.1" 304 0
INFO 2026-03-27 20:41:00,142 basehttp 22072 20592 "GET /static/js/main.js HTTP/1.1" 304 0
INFO 2026-03-27 20:46:16,201 basehttp 22072 17624 "GET / HTTP/1.1" 200 31917
INFO 2026-03-27 20:46:16,259 basehttp 22072 17624 "GET /static/css/style.css HTTP/1.1" 304 0
INFO 2026-03-27 20:46:16,260 basehttp 22072 15544 "GET /static/css/dashboard.css HTTP/1.1" 304 0
INFO 2026-03-27 20:46:16,264 basehttp 22072 456 "GET /static/js/main.js HTTP/1.1" 304 0
INFO 2026-03-27 20:46:18,090 basehttp 22072 456 "GET / HTTP/1.1" 200 31917
INFO 2026-03-27 20:46:19,247 basehttp 22072 456 "GET / HTTP/1.1" 200 31917
INFO 2026-03-27 20:46:20,655 basehttp 22072 456 "GET / HTTP/1.1" 200 31917
INFO 2026-03-27 20:53:14,248 basehttp 22072 18576 "GET / HTTP/1.1" 200 31917
INFO 2026-03-27 20:53:14,306 basehttp 22072 19544 "GET /static/css/dashboard.css HTTP/1.1" 304 0
INFO 2026-03-27 20:53:14,308 basehttp 22072 18576 "GET /static/css/style.css HTTP/1.1" 200 23645
INFO 2026-03-27 20:53:14,316 basehttp 22072 15856 "GET /static/js/main.js HTTP/1.1" 304 0
INFO 2026-03-27 20:53:16,394 basehttp 22072 15856 "GET / HTTP/1.1" 200 31917
INFO 2026-03-27 20:53:16,436 basehttp 22072 15856 "GET /static/css/style.css HTTP/1.1" 304 0
INFO 2026-03-27 20:55:32,410 basehttp 22072 15856 "GET / HTTP/1.1" 200 31917
INFO 2026-03-27 20:55:32,530 basehttp 22072 15856 "GET /static/css/style.css HTTP/1.1" 304 0
INFO 2026-03-27 20:55:32,530 basehttp 22072 19544 "GET /static/js/main.js HTTP/1.1" 304 0
INFO 2026-03-27 20:55:32,530 basehttp 22072 18576 "GET /static/css/dashboard.css HTTP/1.1" 304 0
INFO 2026-03-27 20:55:36,721 basehttp 22072 18576 "GET / HTTP/1.1" 200 42607
INFO 2026-03-27 20:55:57,602 basehttp 22072 18576 "GET / HTTP/1.1" 200 42607
INFO 2026-03-27 20:55:57,697 basehttp 22072 18576 "GET /static/css/style.css HTTP/1.1" 304 0
ERROR 2026-03-27 20:57:43,509 basehttp 22072 18576 "GET /letters/completed/ HTTP/1.1" 500 89577
INFO 2026-03-27 20:57:48,822 basehttp 22072 18576 "GET / HTTP/1.1" 200 42607
INFO 2026-03-27 20:57:48,890 basehttp 22072 18576 "GET /static/css/style.css HTTP/1.1" 304 0
INFO 2026-03-27 20:57:48,890 basehttp 22072 19544 "GET /static/css/dashboard.css HTTP/1.1" 304 0
INFO 2026-03-27 20:57:48,891 basehttp 22072 15856 "GET /static/js/main.js HTTP/1.1" 304 0
INFO 2026-03-27 20:59:01,227 basehttp 22072 19544 "GET / HTTP/1.1" 200 42725
INFO 2026-03-27 20:59:01,287 basehttp 22072 15856 "GET /static/css/style.css HTTP/1.1" 304 0
INFO 2026-03-27 20:59:01,288 basehttp 22072 19544 "GET /static/css/theme.css HTTP/1.1" 200 3294
INFO 2026-03-27 21:02:07,233 basehttp 22072 19172 "GET / HTTP/1.1" 200 42725
INFO 2026-03-27 21:02:07,301 basehttp 22072 19172 "GET /static/css/theme.css HTTP/1.1" 304 0
INFO 2026-03-27 21:02:07,301 basehttp 22072 21020 "GET /static/css/style.css HTTP/1.1" 304 0
INFO 2026-03-27 21:02:07,307 basehttp 22072 1800 "GET /static/js/main.js HTTP/1.1" 304 0
INFO 2026-03-27 21:02:07,307 basehttp 22072 18488 "GET /static/css/dashboard.css HTTP/1.1" 304 0
INFO 2026-03-27 21:02:09,835 basehttp 22072 1800 "GET / HTTP/1.1" 200 42732
INFO 2026-03-27 21:02:17,535 basehttp 22072 1800 "GET / HTTP/1.1" 200 42725
INFO 2026-03-27 21:02:40,853 basehttp 22072 1800 "GET / HTTP/1.1" 200 42732
INFO 2026-03-27 21:02:43,920 basehttp 22072 1800 "GET / HTTP/1.1" 200 42732
INFO 2026-03-27 21:02:51,196 basehttp 22072 1800 "GET / HTTP/1.1" 200 42732
INFO 2026-03-27 21:02:54,304 basehttp 22072 1800 "GET / HTTP/1.1" 200 42725
INFO 2026-03-27 21:11:13,772 basehttp 22072 13752 "GET / HTTP/1.1" 200 42725
INFO 2026-03-27 21:11:13,829 basehttp 22072 11980 "GET /static/css/style.css HTTP/1.1" 304 0
INFO 2026-03-27 21:11:13,829 basehttp 22072 13752 "GET /static/css/theme.css HTTP/1.1" 304 0
INFO 2026-03-27 21:11:13,836 basehttp 22072 20296 "GET /static/css/dashboard.css HTTP/1.1" 304 0
INFO 2026-03-27 21:11:13,838 basehttp 22072 14280 "GET /static/js/main.js HTTP/1.1" 304 0
INFO 2026-03-27 21:11:16,582 basehttp 22072 14280 "GET / HTTP/1.1" 200 43712
INFO 2026-03-27 21:11:21,249 basehttp 22072 14280 "GET / HTTP/1.1" 200 43712
INFO 2026-03-27 21:11:54,161 basehttp 22072 14280 "GET / HTTP/1.1" 200 43712
INFO 2026-03-27 21:13:47,905 basehttp 22072 14280 "GET / HTTP/1.1" 200 43712
INFO 2026-03-27 21:13:47,970 basehttp 22072 14280 "GET /static/css/style.css HTTP/1.1" 304 0
INFO 2026-03-27 21:15:00,788 basehttp 22072 14280 "GET / HTTP/1.1" 200 43712
INFO 2026-03-27 21:15:00,854 basehttp 22072 14280 "GET /static/css/theme.css HTTP/1.1" 304 0
INFO 2026-03-27 21:15:00,854 basehttp 22072 13752 "GET /static/js/main.js HTTP/1.1" 304 0
INFO 2026-03-27 21:15:00,855 basehttp 22072 20296 "GET /static/css/dashboard.css HTTP/1.1" 304 0
INFO 2026-03-27 21:15:02,365 basehttp 22072 20296 "GET / HTTP/1.1" 200 43712
INFO 2026-03-27 21:15:24,488 basehttp 22072 20296 "GET / HTTP/1.1" 200 43712
INFO 2026-03-27 21:15:36,395 basehttp 22072 20296 "GET / HTTP/1.1" 200 43712
INFO 2026-03-27 21:15:49,722 basehttp 22072 20296 "GET / HTTP/1.1" 200 42725
INFO 2026-03-27 21:16:14,983 basehttp 22072 20296 "GET / HTTP/1.1" 200 43650
INFO 2026-03-27 21:16:15,038 basehttp 22072 20296 "GET /static/css/style.css HTTP/1.1" 200 27630
INFO 2026-03-27 21:16:16,672 basehttp 22072 20296 "GET / HTTP/1.1" 200 43650
INFO 2026-03-27 21:16:19,437 basehttp 22072 20296 "GET / HTTP/1.1" 200 43650
INFO 2026-03-27 21:19:26,463 basehttp 22072 20296 "GET / HTTP/1.1" 200 43650
INFO 2026-03-27 21:19:26,537 basehttp 22072 20296 "GET /static/css/theme.css HTTP/1.1" 304 0
INFO 2026-03-27 21:19:26,537 basehttp 22072 14280 "GET /static/css/dashboard.css HTTP/1.1" 304 0
INFO 2026-03-27 21:19:26,537 basehttp 22072 13752 "GET /static/css/style.css HTTP/1.1" 304 0
INFO 2026-03-27 21:19:26,550 basehttp 22072 3884 "GET /static/js/main.js HTTP/1.1" 304 0
INFO 2026-03-27 21:20:34,556 basehttp 22072 3884 "GET / HTTP/1.1" 200 43650
INFO 2026-03-27 21:20:34,620 basehttp 22072 3884 "GET /static/css/style.css HTTP/1.1" 200 29903
INFO 2026-03-27 21:38:19,904 basehttp 22072 17100 "GET / HTTP/1.1" 200 43650
INFO 2026-03-27 21:38:19,998 basehttp 22072 17100 "GET /static/css/theme.css HTTP/1.1" 304 0
INFO 2026-03-27 21:38:19,998 basehttp 22072 16668 "GET /static/css/style.css HTTP/1.1" 304 0
INFO 2026-03-27 21:38:20,006 basehttp 22072 5568 "GET /static/css/dashboard.css HTTP/1.1" 304 0
INFO 2026-03-27 21:38:20,050 basehttp 22072 11832 "GET /static/js/main.js HTTP/1.1" 304 0
INFO 2026-03-27 21:40:53,895 basehttp 22072 11832 "GET / HTTP/1.1" 200 43650
INFO 2026-03-27 21:40:53,986 basehttp 22072 11832 "GET /static/css/style.css HTTP/1.1" 304 0
INFO 2026-03-27 21:41:07,334 basehttp 22072 11832 "GET / HTTP/1.1" 200 43650
INFO 2026-03-27 21:41:46,981 basehttp 22072 11832 "GET / HTTP/1.1" 200 43650
INFO 2026-03-27 21:42:30,321 basehttp 22072 11832 "GET / HTTP/1.1" 200 43650
INFO 2026-03-27 21:42:33,423 basehttp 22072 11832 "GET / HTTP/1.1" 200 43650
INFO 2026-03-27 21:44:03,574 basehttp 22072 11832 "GET / HTTP/1.1" 200 43530
INFO 2026-03-27 21:44:03,639 basehttp 22072 11832 "GET /static/css/theme.css HTTP/1.1" 304 0
INFO 2026-03-27 21:44:03,640 basehttp 22072 1316 "GET /static/css/style.css HTTP/1.1" 304 0
INFO 2026-03-27 21:44:37,123 basehttp 22072 1316 "GET / HTTP/1.1" 200 43650
INFO 2026-03-27 21:44:37,186 basehttp 22072 1316 "GET /static/css/dashboard.css HTTP/1.1" 304 0
INFO 2026-03-27 21:44:41,402 basehttp 22072 1316 "GET / HTTP/1.1" 200 43650
INFO 2026-03-27 21:44:45,236 basehttp 22072 1316 "GET / HTTP/1.1" 200 43650
INFO 2026-03-27 21:45:56,885 basehttp 22072 1316 "GET / HTTP/1.1" 200 43689
INFO 2026-03-27 21:45:56,950 basehttp 22072 1316 "GET /static/js/main.js HTTP/1.1" 304 0
INFO 2026-03-27 21:47:00,121 basehttp 22072 1316 "GET / HTTP/1.1" 200 42764
INFO 2026-03-27 21:47:00,193 basehttp 22072 1316 "GET /static/css/style.css HTTP/1.1" 304 0
INFO 2026-03-27 21:47:27,477 basehttp 22072 1316 "GET / HTTP/1.1" 200 42764
INFO 2026-03-27 21:47:40,525 basehttp 22072 1316 "GET / HTTP/1.1" 200 42764
INFO 2026-03-27 21:48:20,390 basehttp 22072 1316 "GET / HTTP/1.1" 200 43513
INFO 2026-03-27 21:48:40,372 basehttp 22072 1316 "GET / HTTP/1.1" 200 42765
INFO 2026-03-27 21:48:46,624 basehttp 22072 1316 "GET / HTTP/1.1" 200 43530
INFO 2026-03-27 21:48:49,087 basehttp 22072 1316 "GET / HTTP/1.1" 200 43530
INFO 2026-03-27 21:48:54,268 basehttp 22072 1316 "GET / HTTP/1.1" 200 43530
INFO 2026-03-27 21:49:00,296 basehttp 22072 1316 "GET / HTTP/1.1" 200 43530
INFO 2026-03-27 21:49:30,550 basehttp 22072 1316 "POST /accounts/logout/ HTTP/1.1" 302 0
INFO 2026-03-27 21:49:30,566 basehttp 22072 1316 "GET /accounts/login/ HTTP/1.1" 200 10179
INFO 2026-03-27 21:49:30,638 basehttp 22072 1316 "GET /static/css/login.css HTTP/1.1" 304 0
INFO 2026-03-27 21:49:53,703 basehttp 22072 1316 "POST /accounts/login/ HTTP/1.1" 302 0
INFO 2026-03-27 21:49:54,002 basehttp 22072 1316 "GET / HTTP/1.1" 200 44016
INFO 2026-03-27 21:49:54,084 basehttp 22072 1316 "GET /static/css/style.css HTTP/1.1" 304 0
INFO 2026-03-27 21:50:06,303 basehttp 22072 1316 "POST /accounts/logout/ HTTP/1.1" 302 0
INFO 2026-03-27 21:50:06,315 basehttp 22072 1316 "GET /accounts/login/ HTTP/1.1" 200 10179
INFO 2026-03-27 21:50:06,379 basehttp 22072 1316 "GET /static/css/theme.css HTTP/1.1" 304 0
INFO 2026-03-27 21:50:21,330 basehttp 22072 1316 "POST /accounts/login/ HTTP/1.1" 302 0
INFO 2026-03-27 21:50:21,610 basehttp 22072 1316 "GET / HTTP/1.1" 200 44016
ERROR 2026-03-27 21:50:36,406 basehttp 22072 1316 "GET /letters/reports/ HTTP/1.1" 500 89498
ERROR 2026-03-27 21:51:00,800 basehttp 22072 1316 "GET /accounts/profile/ HTTP/1.1" 500 102105
ERROR 2026-03-27 21:51:04,803 basehttp 22072 1316 "GET /accounts/password-change/ HTTP/1.1" 500 89821
INFO 2026-03-27 21:52:14,681 basehttp 22072 1316 "GET / HTTP/1.1" 200 43530
INFO 2026-03-27 21:52:14,743 basehttp 22072 1316 "GET /static/css/dashboard.css HTTP/1.1" 304 0
INFO 2026-03-27 21:52:18,274 basehttp 22072 1316 "GET / HTTP/1.1" 200 43530
INFO 2026-03-27 21:52:24,504 basehttp 22072 1316 "GET / HTTP/1.1" 200 43530
INFO 2026-03-27 21:52:46,550 basehttp 22072 1316 "GET / HTTP/1.1" 200 43530
INFO 2026-03-27 21:52:47,599 basehttp 22072 1316 "GET / HTTP/1.1" 200 43530
ERROR 2026-03-27 21:52:49,339 basehttp 22072 1316 "GET /letters/ HTTP/1.1" 500 89351
ERROR 2026-03-27 21:52:52,998 basehttp 22072 1316 "GET /letters/my-drafts/ HTTP/1.1" 500 89491
INFO 2026-03-27 21:53:34,405 basehttp 22072 1316 "GET / HTTP/1.1" 200 43530
INFO 2026-03-27 21:53:34,515 basehttp 22072 1316 "GET /static/css/style.css HTTP/1.1" 304 0
INFO 2026-03-27 21:53:34,527 basehttp 22072 1316 "GET /static/js/main.js HTTP/1.1" 304 0
ERROR 2026-03-27 21:53:37,074 basehttp 22072 1316 "GET /accounts/profile/ HTTP/1.1" 500 102105
ERROR 2026-03-27 21:53:39,347 basehttp 22072 1316 "GET /accounts/profile/ HTTP/1.1" 500 102242
ERROR 2026-03-27 21:53:53,153 basehttp 22072 1316 "GET /accounts/profile/ HTTP/1.1" 500 102105
INFO 2026-03-27 21:54:38,788 basehttp 22072 1316 "GET / HTTP/1.1" 200 43530
INFO 2026-03-27 21:54:40,587 basehttp 22072 1316 "GET /accounts/password-change/ HTTP/1.1" 200 1900
ERROR 2026-03-27 21:54:53,438 basehttp 22072 1316 "GET /accounts/profile/ HTTP/1.1" 500 102105
ERROR 2026-03-27 21:57:27,188 basehttp 22072 1316 "GET /accounts/profile/ HTTP/1.1" 500 102242
ERROR 2026-03-27 21:57:29,687 basehttp 22072 1316 "GET /accounts/profile/ HTTP/1.1" 500 102242
ERROR 2026-03-27 21:57:35,682 basehttp 22072 1316 "GET /accounts/profile/ HTTP/1.1" 500 102242
ERROR 2026-03-27 21:57:40,282 basehttp 22072 1316 "GET /accounts/profile/ HTTP/1.1" 500 102105
ERROR 2026-03-27 21:58:32,614 basehttp 22072 1316 "GET /accounts/profile/ HTTP/1.1" 500 102242
INFO 2026-03-27 22:04:05,075 basehttp 22072 16932 "GET / HTTP/1.1" 200 43530
INFO 2026-03-27 22:04:05,133 basehttp 22072 16932 "GET /static/css/theme.css HTTP/1.1" 304 0
INFO 2026-03-27 22:04:05,134 basehttp 22072 18248 "GET /static/css/style.css HTTP/1.1" 304 0
INFO 2026-03-27 22:04:05,143 basehttp 22072 2604 "GET /static/css/dashboard.css HTTP/1.1" 304 0
INFO 2026-03-27 22:04:05,144 basehttp 22072 6792 "GET /static/js/main.js HTTP/1.1" 304 0
INFO 2026-03-27 22:04:06,436 basehttp 22072 6792 "GET / HTTP/1.1" 200 43530
ERROR 2026-03-27 22:04:14,345 basehttp 22072 6792 "GET /accounts/profile/ HTTP/1.1" 500 102105
ERROR 2026-03-27 22:06:54,083 basehttp 22072 6792 "GET /accounts/profile/ HTTP/1.1" 500 99262
INFO 2026-03-27 22:06:54,691 autoreload 22072 18916 C:\PycharmProjects\letter_portal\apps\accounts\views.py changed, reloading.
INFO 2026-03-27 22:06:59,668 autoreload 19088 6064 Watching for file changes with StatReloader
ERROR 2026-03-27 22:07:02,758 basehttp 19088 8216 "GET /accounts/profile/ HTTP/1.1" 500 144186
INFO 2026-03-27 22:07:38,085 autoreload 19088 6064 C:\PycharmProjects\letter_portal\apps\accounts\views.py changed, reloading.
INFO 2026-03-27 22:07:44,852 autoreload 12892 19372 Watching for file changes with StatReloader
ERROR 2026-03-27 22:07:47,165 basehttp 12892 21112 "GET /accounts/profile/ HTTP/1.1" 500 102242
ERROR 2026-03-27 22:08:54,519 basehttp 12892 21112 "GET /accounts/profile/ HTTP/1.1" 500 102242
INFO 2026-03-27 22:08:54,887 autoreload 12892 19372 C:\PycharmProjects\letter_portal\apps\accounts\models.py changed, reloading.
INFO 2026-03-27 22:08:58,070 autoreload 15500 15084 Watching for file changes with StatReloader
ERROR 2026-03-27 22:09:00,060 basehttp 15500 20532 "GET /accounts/profile/ HTTP/1.1" 500 98148
ERROR 2026-03-27 22:09:02,307 basehttp 15500 20532 "GET /accounts/profile/ HTTP/1.1" 500 98148
ERROR 2026-03-27 22:10:46,850 basehttp 15500 20532 "GET /accounts/profile/ HTTP/1.1" 500 98094
INFO 2026-03-27 22:10:47,556 autoreload 15500 15084 C:\PycharmProjects\letter_portal\apps\accounts\views.py changed, reloading.
INFO 2026-03-27 22:10:50,895 autoreload 13364 18380 Watching for file changes with StatReloader
ERROR 2026-03-27 22:10:53,285 basehttp 13364 220 "GET /accounts/profile/ HTTP/1.1" 500 143749
ERROR 2026-03-27 22:11:32,651 basehttp 13364 220 "GET /accounts/profile/ HTTP/1.1" 500 143749
INFO 2026-03-27 22:13:06,655 autoreload 13364 18380 C:\PycharmProjects\letter_portal\apps\accounts\views.py changed, reloading.
INFO 2026-03-27 22:13:10,178 autoreload 4536 10608 Watching for file changes with StatReloader
INFO 2026-03-27 22:13:11,830 basehttp 4536 17012 "GET /accounts/profile/ HTTP/1.1" 200 42983
INFO 2026-03-27 22:13:11,904 basehttp 4536 19220 "GET /static/css/style.css HTTP/1.1" 304 0
INFO 2026-03-27 22:13:11,905 basehttp 4536 17012 "GET /static/css/theme.css HTTP/1.1" 304 0
INFO 2026-03-27 22:13:11,905 basehttp 4536 21084 "GET /static/css/dashboard.css HTTP/1.1" 304 0
INFO 2026-03-27 22:13:11,923 basehttp 4536 16600 "GET /static/js/main.js HTTP/1.1" 304 0
INFO 2026-03-27 22:13:23,130 basehttp 4536 16600 "GET / HTTP/1.1" 200 43530
INFO 2026-03-27 22:13:28,602 basehttp 4536 16600 "GET /accounts/profile/ HTTP/1.1" 200 42983
INFO 2026-03-27 22:13:35,420 basehttp 4536 16600 "GET /accounts/password-change/ HTTP/1.1" 200 1900
ERROR 2026-03-27 22:13:38,205 basehttp 4536 16600 "GET /accounts/notifications/ HTTP/1.1" 500 93960
ERROR 2026-03-27 22:13:41,624 basehttp 4536 16600 "GET /accounts/profile/settings/ HTTP/1.1" 500 89793
INFO 2026-03-27 22:13:52,648 basehttp 4536 16600 "GET / HTTP/1.1" 200 43530
INFO 2026-03-27 22:13:56,040 basehttp 4536 16600 "GET /accounts/profile/ HTTP/1.1" 200 42983
INFO 2026-03-27 22:15:34,291 basehttp 4536 16600 "GET /accounts/profile/ HTTP/1.1" 200 43138
INFO 2026-03-27 22:15:36,162 basehttp 4536 16600 "GET /accounts/profile/ HTTP/1.1" 200 43138
INFO 2026-03-27 22:15:39,032 basehttp 4536 16600 "GET / HTTP/1.1" 200 43530
INFO 2026-03-27 22:15:44,378 basehttp 4536 16600 "GET / HTTP/1.1" 200 43530
INFO 2026-03-27 22:15:49,038 basehttp 4536 16600 "GET / HTTP/1.1" 200 43530
INFO 2026-03-27 22:15:52,982 basehttp 4536 16600 "GET /accounts/profile/ HTTP/1.1" 200 43138
INFO 2026-03-27 22:15:56,289 basehttp 4536 16600 "GET /accounts/password-change/ HTTP/1.1" 200 1900
INFO 2026-03-27 22:16:44,688 basehttp 4536 16600 "GET /accounts/profile/ HTTP/1.1" 200 44028
INFO 2026-03-27 22:16:46,587 basehttp 4536 16600 "GET /accounts/profile/ HTTP/1.1" 200 44028
INFO 2026-03-27 22:16:47,691 basehttp 4536 16600 "GET /accounts/profile/ HTTP/1.1" 200 44028
INFO 2026-03-27 22:16:49,613 basehttp 4536 16600 "GET / HTTP/1.1" 200 43530
INFO 2026-03-27 22:16:53,669 basehttp 4536 16600 "GET /accounts/profile/ HTTP/1.1" 200 44028
INFO 2026-03-27 22:17:04,885 basehttp 4536 16600 "GET /accounts/password-change/ HTTP/1.1" 200 1900
INFO 2026-03-27 22:20:43,613 basehttp 4536 16600 "GET /accounts/password-change/ HTTP/1.1" 200 36824
INFO 2026-03-27 22:20:43,694 basehttp 4536 16600 "GET /static/css/style.css HTTP/1.1" 304 0
INFO 2026-03-27 22:20:56,866 basehttp 4536 16600 "GET / HTTP/1.1" 200 43530
INFO 2026-03-27 22:21:00,005 basehttp 4536 16600 "GET /accounts/profile/ HTTP/1.1" 200 44012
INFO 2026-03-27 22:21:03,045 basehttp 4536 16600 "GET / HTTP/1.1" 200 43530
INFO 2026-03-27 22:21:08,228 basehttp 4536 16600 "GET /accounts/password-change/ HTTP/1.1" 200 36824
INFO 2026-03-27 22:22:24,424 basehttp 4536 16600 "GET /accounts/password-change/ HTTP/1.1" 200 36824
INFO 2026-03-27 22:22:24,477 basehttp 4536 16600 "GET /static/css/theme.css HTTP/1.1" 304 0
INFO 2026-03-27 22:22:25,430 basehttp 4536 16600 "GET /accounts/password-change/ HTTP/1.1" 200 36824
INFO 2026-03-27 22:22:26,406 basehttp 4536 16600 "GET /accounts/password-change/ HTTP/1.1" 200 36824
INFO 2026-03-27 22:22:28,815 basehttp 4536 16600 "GET /accounts/password-change/ HTTP/1.1" 200 36824
INFO 2026-03-27 22:22:29,669 basehttp 4536 16600 "GET /accounts/password-change/ HTTP/1.1" 200 36824
INFO 2026-03-27 22:22:29,890 basehttp 4536 16600 "GET /accounts/password-change/ HTTP/1.1" 200 36824
INFO 2026-03-27 22:22:30,107 basehttp 4536 16600 "GET /accounts/password-change/ HTTP/1.1" 200 36824
INFO 2026-03-27 22:22:30,290 basehttp 4536 16600 "GET /accounts/password-change/ HTTP/1.1" 200 36824
INFO 2026-03-27 22:22:30,471 basehttp 4536 16600 "GET /accounts/password-change/ HTTP/1.1" 200 36824
INFO 2026-03-27 22:22:30,668 basehttp 4536 16600 "GET /accounts/password-change/ HTTP/1.1" 200 36824
INFO 2026-03-27 22:22:30,887 basehttp 4536 16600 "GET /accounts/password-change/ HTTP/1.1" 200 36824
INFO 2026-03-27 22:22:31,090 basehttp 4536 16600 "GET /accounts/password-change/ HTTP/1.1" 200 36824
INFO 2026-03-27 22:22:53,624 basehttp 4536 16600 "GET /accounts/password-change/ HTTP/1.1" 200 36824
INFO 2026-03-27 22:22:53,693 basehttp 4536 16600 "GET /static/css/dashboard.css HTTP/1.1" 304 0
INFO 2026-03-27 22:22:54,552 basehttp 4536 16600 "GET /accounts/password-change/ HTTP/1.1" 200 37713
INFO 2026-03-27 22:22:55,690 basehttp 4536 16600 "GET /accounts/password-change/ HTTP/1.1" 200 37713
INFO 2026-03-27 22:22:58,098 basehttp 4536 16600 "GET /accounts/profile/ HTTP/1.1" 200 44023
INFO 2026-03-27 22:22:59,288 basehttp 4536 16600 "GET / HTTP/1.1" 200 43530
INFO 2026-03-27 22:23:01,849 basehttp 4536 16600 "GET /accounts/password-change/ HTTP/1.1" 200 37713
INFO 2026-03-27 22:23:04,268 basehttp 4536 16600 "GET /accounts/profile/ HTTP/1.1" 200 44023
INFO 2026-03-27 22:23:06,367 basehttp 4536 16600 "GET /accounts/password-change/ HTTP/1.1" 200 37713
INFO 2026-03-27 22:23:07,674 basehttp 4536 16600 "GET /accounts/profile/ HTTP/1.1" 200 44024
INFO 2026-03-27 22:23:07,719 basehttp 4536 16600 "GET /static/js/main.js HTTP/1.1" 304 0
ERROR 2026-03-27 22:23:09,353 basehttp 4536 16600 "GET /accounts/notifications/ HTTP/1.1" 500 93960
ERROR 2026-03-27 22:23:34,067 basehttp 4536 16600 "GET /accounts/profile/settings/ HTTP/1.1" 500 89793
INFO 2026-03-27 22:25:06,258 basehttp 4536 16600 "GET /accounts/notifications/ HTTP/1.1" 200 34597
INFO 2026-03-27 22:25:15,890 basehttp 4536 16600 "GET / HTTP/1.1" 200 43530
INFO 2026-03-27 22:25:21,207 basehttp 4536 16600 "GET /accounts/profile/ HTTP/1.1" 200 44024
INFO 2026-03-27 22:27:54,490 basehttp 4536 16600 "GET /accounts/profile/ HTTP/1.1" 200 44024
INFO 2026-03-27 22:27:54,564 basehttp 4536 16600 "GET /static/css/style.css HTTP/1.1" 200 29907
INFO 2026-03-27 22:28:01,736 basehttp 4536 16600 "GET /accounts/notifications/ HTTP/1.1" 200 34597
INFO 2026-03-27 22:28:05,751 basehttp 4536 16600 "GET / HTTP/1.1" 200 43530
ERROR 2026-03-27 22:28:09,166 basehttp 4536 16600 "GET /letters/audit/ HTTP/1.1" 500 93572
ERROR 2026-03-27 22:28:15,123 basehttp 4536 16600 "GET /letters/audit/ HTTP/1.1" 500 93572
ERROR 2026-03-27 22:28:18,736 basehttp 4536 16600 "GET /letters/my-drafts/ HTTP/1.1" 500 89491
ERROR 2026-03-27 22:28:20,818 basehttp 4536 16600 "GET /letters/ HTTP/1.1" 500 89351
INFO 2026-03-27 22:33:56,325 autoreload 21316 22412 Watching for file changes with StatReloader
INFO 2026-03-27 22:34:01,644 basehttp 21316 7584 "POST /accounts/logout/ HTTP/1.1" 302 0
INFO 2026-03-27 22:34:01,793 basehttp 21316 7584 "GET /accounts/login/ HTTP/1.1" 200 10179
INFO 2026-03-27 22:34:02,540 basehttp 21316 7584 "GET /static/css/theme.css HTTP/1.1" 304 0
INFO 2026-03-27 22:34:02,544 basehttp 21316 22488 "GET /static/css/style.css HTTP/1.1" 304 0
INFO 2026-03-27 22:34:02,701 basehttp 21316 11164 "GET /static/css/dashboard.css HTTP/1.1" 304 0
INFO 2026-03-27 22:34:02,775 basehttp 21316 12708 "GET /static/css/login.css HTTP/1.1" 304 0
INFO 2026-03-27 22:34:02,808 basehttp 21316 10948 "GET /static/js/main.js HTTP/1.1" 304 0
INFO 2026-03-27 22:34:20,487 basehttp 21316 10948 "POST /accounts/login/ HTTP/1.1" 302 0
INFO 2026-03-27 22:34:21,448 basehttp 21316 10948 "GET / HTTP/1.1" 200 47276
ERROR 2026-03-27 22:34:33,544 basehttp 21316 10948 "GET /letters/create/facs/ HTTP/1.1" 500 89665
ERROR 2026-03-27 22:34:39,432 basehttp 21316 10948 "GET /letters/create/artiva/ HTTP/1.1" 500 89737
ERROR 2026-03-27 22:34:42,988 basehttp 21316 10948 "GET /letters/ HTTP/1.1" 500 89369
ERROR 2026-03-27 22:34:45,707 basehttp 21316 10948 "GET /letters/my-drafts/ HTTP/1.1" 500 89509
ERROR 2026-03-27 22:34:48,422 basehttp 21316 10948 "GET /letters/delegated/ HTTP/1.1" 500 89595
ERROR 2026-03-27 22:34:54,125 basehttp 21316 10948 "GET /letters/pending/ HTTP/1.1" 500 89785
ERROR 2026-03-27 22:34:56,867 basehttp 21316 10948 "GET /letters/radius/pending/ HTTP/1.1" 500 93983
ERROR 2026-03-27 22:35:18,348 basehttp 21316 10948 "GET /letters/ HTTP/1.1" 500 89369
ERROR 2026-03-27 22:46:32,652 basehttp 21316 21096 "GET /accounts/users/ HTTP/1.1" 500 89749
INFO 2026-03-27 22:46:36,236 basehttp 21316 21096 "GET /admin/ HTTP/1.1" 200 5537
ERROR 2026-03-27 22:46:46,709 basehttp 21316 21096 "GET /letters/create/facs/ HTTP/1.1" 500 89665
ERROR 2026-03-27 22:47:26,383 basehttp 21316 21096 "GET /letters/create/artiva/ HTTP/1.1" 500 89737
ERROR 2026-03-27 22:47:37,715 basehttp 21316 21096 "GET /letters/ HTTP/1.1" 500 89369
ERROR 2026-03-27 22:47:48,026 basehttp 21316 21096 "GET /letters/my-drafts/ HTTP/1.1" 500 89509
INFO 2026-03-27 22:55:36,692 basehttp 21316 22124 "GET /letters/create/facs/ HTTP/1.1" 200 40299
INFO 2026-03-27 22:55:36,749 basehttp 21316 22124 "GET /static/css/theme.css HTTP/1.1" 304 0
INFO 2026-03-27 22:55:36,750 basehttp 21316 740 "GET /static/css/style.css HTTP/1.1" 304 0
INFO 2026-03-27 22:55:36,760 basehttp 21316 21368 "GET /static/css/dashboard.css HTTP/1.1" 304 0
INFO 2026-03-27 22:55:36,763 basehttp 21316 7192 "GET /static/js/main.js HTTP/1.1" 304 0
INFO 2026-03-27 22:56:05,015 basehttp 21316 7192 "GET /letters/ HTTP/1.1" 200 29227
INFO 2026-03-27 22:56:08,789 basehttp 21316 7192 "GET /letters/ HTTP/1.1" 200 29227
INFO 2026-03-27 22:56:11,096 basehttp 21316 7192 "GET /letters/create/artiva/ HTTP/1.1" 200 37443
INFO 2026-03-27 22:56:13,656 basehttp 21316 7192 "GET /letters/ HTTP/1.1" 200 29227
INFO 2026-03-27 22:56:14,734 basehttp 21316 7192 "GET /letters/my-drafts/ HTTP/1.1" 200 28340
INFO 2026-03-27 22:56:19,556 basehttp 21316 7192 "GET /letters/ HTTP/1.1" 200 29227
INFO 2026-03-27 22:56:21,485 basehttp 21316 7192 "GET /letters/create/facs/ HTTP/1.1" 200 40299
INFO 2026-03-27 22:56:23,367 basehttp 21316 7192 "GET /letters/create/artiva/ HTTP/1.1" 200 37443
INFO 2026-03-27 22:56:46,349 basehttp 21316 7192 "GET /letters/ HTTP/1.1" 200 29227
INFO 2026-03-27 22:56:49,114 basehttp 21316 7192 "GET /letters/create/facs/ HTTP/1.1" 200 40299
INFO 2026-03-27 22:56:50,842 basehttp 21316 7192 "GET /letters/create/artiva/ HTTP/1.1" 200 37443
INFO 2026-03-27 22:56:53,139 basehttp 21316 7192 "GET /letters/my-drafts/ HTTP/1.1" 200 28340
INFO 2026-03-27 22:56:54,031 basehttp 21316 7192 "GET /letters/ HTTP/1.1" 200 29227
INFO 2026-03-27 22:56:56,348 basehttp 21316 7192 "GET /letters/create/facs/ HTTP/1.1" 200 40299
INFO 2026-03-27 22:56:58,070 basehttp 21316 7192 "GET /letters/create/artiva/ HTTP/1.1" 200 37443
INFO 2026-03-27 22:57:00,707 basehttp 21316 7192 "GET / HTTP/1.1" 200 46771
INFO 2026-03-27 22:57:39,829 basehttp 21316 7192 "GET / HTTP/1.1" 200 46771
INFO 2026-03-27 22:57:41,502 basehttp 21316 7192 "GET /letters/ HTTP/1.1" 200 29227
INFO 2026-03-27 23:04:12,684 basehttp 21316 10380 "GET /letters/ HTTP/1.1" 200 29227
INFO 2026-03-27 23:04:12,743 basehttp 21316 10380 "GET /static/css/style.css HTTP/1.1" 304 0
INFO 2026-03-27 23:04:14,670 basehttp 21316 10380 "GET /letters/ HTTP/1.1" 200 29227
INFO 2026-03-27 23:04:16,870 basehttp 21316 10380 "GET / HTTP/1.1" 200 46771
INFO 2026-03-27 23:04:18,605 basehttp 21316 10380 "GET /letters/my-drafts/ HTTP/1.1" 200 28340
INFO 2026-03-27 23:04:25,181 basehttp 21316 10380 "GET /letters/ HTTP/1.1" 200 29227
ERROR 2026-03-27 23:04:27,077 basehttp 21316 10380 "GET /letters/delegated/ HTTP/1.1" 500 89603
ERROR 2026-03-27 23:04:33,241 basehttp 21316 10380 "GET /letters/radius/pending/ HTTP/1.1" 500 93991
INFO 2026-03-27 23:05:54,185 basehttp 21316 10380 "GET /letters/pending/ HTTP/1.1" 200 26060
ERROR 2026-03-27 23:05:57,368 basehttp 21316 10380 "GET /letters/radius/pending/ HTTP/1.1" 500 93999
INFO 2026-03-27 23:07:44,476 basehttp 21316 10380 "GET /letters/radius/pending/ HTTP/1.1" 200 29777
INFO 2026-03-27 23:07:50,842 basehttp 21316 10380 "GET / HTTP/1.1" 200 46771
INFO 2026-03-27 23:07:53,730 basehttp 21316 10380 "GET /letters/pending/ HTTP/1.1" 200 26060
INFO 2026-03-27 23:07:55,409 basehttp 21316 10380 "GET /letters/radius/pending/ HTTP/1.1" 200 29777
INFO 2026-03-27 23:07:57,290 basehttp 21316 10380 "GET /letters/sessions/pending/ HTTP/1.1" 200 27469
INFO 2026-03-27 23:08:01,865 basehttp 21316 10380 "GET / HTTP/1.1" 200 46771
INFO 2026-03-27 23:08:03,468 basehttp 21316 10380 "GET /letters/pending/ HTTP/1.1" 200 26060
INFO 2026-03-27 23:08:04,885 basehttp 21316 10380 "GET /letters/radius/pending/ HTTP/1.1" 200 29777
INFO 2026-03-27 23:08:05,532 basehttp 21316 10380 "GET /letters/sessions/pending/ HTTP/1.1" 200 27469
INFO 2026-03-27 23:08:06,370 basehttp 21316 10380 "GET /letters/client/pending/ HTTP/1.1" 200 123
INFO 2026-03-27 23:08:12,476 basehttp 21316 10380 "GET /letters/radius/pending/ HTTP/1.1" 200 29777
INFO 2026-03-27 23:08:13,653 basehttp 21316 10380 "GET /letters/pending/ HTTP/1.1" 200 26060
INFO 2026-03-27 23:08:14,548 basehttp 21316 10380 "GET /letters/radius/pending/ HTTP/1.1" 200 29777
INFO 2026-03-27 23:08:15,237 basehttp 21316 10380 "GET /letters/sessions/pending/ HTTP/1.1" 200 27469
INFO 2026-03-27 23:08:15,974 basehttp 21316 10380 "GET /letters/client/pending/ HTTP/1.1" 200 123
INFO 2026-03-27 23:08:23,977 basehttp 21316 10380 "GET /letters/client/pending/ HTTP/1.1" 200 123
INFO 2026-03-27 23:08:31,211 basehttp 21316 10380 "GET /letters/client/pending/ HTTP/1.1" 200 27098
INFO 2026-03-27 23:08:31,267 basehttp 21316 10380 "GET /static/css/style.css HTTP/1.1" 304 0
INFO 2026-03-27 23:09:20,078 basehttp 21316 10380 "GET /letters/radius/pending/ HTTP/1.1" 200 29777
INFO 2026-03-27 23:09:20,131 basehttp 21316 10380 "GET /static/css/theme.css HTTP/1.1" 304 0
INFO 2026-03-27 23:09:20,132 basehttp 21316 4004 "GET /static/css/dashboard.css HTTP/1.1" 304 0
INFO 2026-03-27 23:09:20,988 basehttp 21316 4004 "GET /letters/sessions/pending/ HTTP/1.1" 200 27469
INFO 2026-03-27 23:09:21,924 basehttp 21316 4004 "GET /letters/client/pending/ HTTP/1.1" 200 27098
INFO 2026-03-27 23:09:23,031 basehttp 21316 4004 "GET /letters/pending/ HTTP/1.1" 200 26060
ERROR 2026-03-27 23:09:23,957 basehttp 21316 4004 "GET /letters/delegated/ HTTP/1.1" 500 89611
INFO 2026-03-27 23:10:43,264 basehttp 21316 4004 "GET /letters/pending/ HTTP/1.1" 200 26060
INFO 2026-03-27 23:10:43,360 basehttp 21316 4004 "GET /static/js/main.js HTTP/1.1" 304 0
INFO 2026-03-27 23:10:44,088 basehttp 21316 4004 "GET /letters/delegated/ HTTP/1.1" 200 30558
INFO 2026-03-27 23:10:53,670 basehttp 21316 4004 "GET / HTTP/1.1" 200 46771
INFO 2026-03-27 23:11:27,456 basehttp 21316 4004 "GET / HTTP/1.1" 200 46771
INFO 2026-03-27 23:11:32,204 basehttp 21316 4004 "GET /letters/reports/ HTTP/1.1" 200 27990
INFO 2026-03-27 23:11:49,909 basehttp 21316 4004 "GET / HTTP/1.1" 200 46771
INFO 2026-03-27 23:11:53,482 basehttp 21316 4004 "GET /letters/reports/ HTTP/1.1" 200 27990
INFO 2026-03-27 23:11:55,073 basehttp 21316 4004 "GET /letters/audit/ HTTP/1.1" 200 27208
ERROR 2026-03-27 23:12:56,885 basehttp 21316 4004 "GET /accounts/users/ HTTP/1.1" 500 89763
INFO 2026-03-27 23:13:21,384 basehttp 21316 4004 "GET /letters/audit/ HTTP/1.1" 200 27208
INFO 2026-03-27 23:13:21,428 basehttp 21316 4004 "GET /static/css/style.css HTTP/1.1" 304 0
ERROR 2026-03-27 23:13:25,402 basehttp 21316 4004 "GET /accounts/roles/permissions/ HTTP/1.1" 500 89898
ERROR 2026-03-27 23:13:29,537 basehttp 21316 4004 "GET /accounts/users/ HTTP/1.1" 500 89763
ERROR 2026-03-27 23:20:44,958 basehttp 21316 19408 "GET /accounts/users/ HTTP/1.1" 500 278102
ERROR 2026-03-27 23:20:48,243 basehttp 21316 19408 "GET /accounts/users/ HTTP/1.1" 500 278102
ERROR 2026-03-27 23:21:37,210 basehttp 21316 19408 "GET /accounts/users/ HTTP/1.1" 500 278102
ERROR 2026-03-27 23:21:40,257 basehttp 21316 19408 "GET /accounts/users/ HTTP/1.1" 500 278102
ERROR 2026-03-27 23:22:16,523 basehttp 21316 19408 "GET /accounts/users/ HTTP/1.1" 500 238758
ERROR 2026-03-27 23:26:24,438 basehttp 21316 19408 "GET /accounts/users/ HTTP/1.1" 500 272487
INFO 2026-03-27 23:28:01,709 basehttp 21316 19408 "GET /accounts/users/ HTTP/1.1" 200 48294
INFO 2026-03-27 23:28:01,785 basehttp 21316 19408 "GET /static/css/theme.css HTTP/1.1" 304 0
INFO 2026-03-27 23:28:01,786 basehttp 21316 4528 "GET /static/css/style.css HTTP/1.1" 304 0
INFO 2026-03-27 23:28:01,802 basehttp 21316 4528 "GET /static/css/dashboard.css HTTP/1.1" 304 0
INFO 2026-03-27 23:28:01,802 basehttp 21316 1984 "GET /static/js/main.js HTTP/1.1" 304 0
ERROR 2026-03-27 23:28:42,791 basehttp 21316 1984 "GET /accounts/roles/permissions/ HTTP/1.1" 500 89899
INFO 2026-03-27 23:29:18,143 basehttp 21316 1984 "GET / HTTP/1.1" 200 46771
INFO 2026-03-27 23:29:21,274 basehttp 21316 1984 "GET /letters/create/facs/ HTTP/1.1" 200 40299
INFO 2026-03-27 23:29:24,550 basehttp 21316 1984 "GET /letters/create/artiva/ HTTP/1.1" 200 37443
INFO 2026-03-27 23:29:26,005 basehttp 21316 1984 "GET /letters/ HTTP/1.1" 200 29227
INFO 2026-03-27 23:29:29,889 basehttp 21316 1984 "GET /letters/my-drafts/ HTTP/1.1" 200 28340
INFO 2026-03-27 23:29:31,784 basehttp 21316 1984 "GET /letters/create/facs/ HTTP/1.1" 200 40299
INFO 2026-03-27 23:29:34,733 basehttp 21316 1984 "GET / HTTP/1.1" 200 46771
INFO 2026-03-27 23:29:40,090 basehttp 21316 1984 "GET /letters/ HTTP/1.1" 200 29227
INFO 2026-03-27 23:29:42,386 basehttp 21316 1984 "GET /letters/delegated/ HTTP/1.1" 200 30558
INFO 2026-03-27 23:29:43,797 basehttp 21316 1984 "GET /letters/radius/pending/ HTTP/1.1" 200 29777
INFO 2026-03-27 23:29:44,700 basehttp 21316 1984 "GET /letters/sessions/pending/ HTTP/1.1" 200 27469
INFO 2026-03-27 23:29:45,612 basehttp 21316 1984 "GET /letters/client/pending/ HTTP/1.1" 200 27098
INFO 2026-03-27 23:29:47,019 basehttp 21316 1984 "GET /letters/reports/ HTTP/1.1" 200 27990
INFO 2026-03-27 23:29:49,027 basehttp 21316 1984 "GET /letters/audit/ HTTP/1.1" 200 27208
INFO 2026-03-27 23:29:50,742 basehttp 21316 1984 "GET /accounts/users/ HTTP/1.1" 200 48294
INFO 2026-03-27 23:29:52,484 basehttp 21316 1984 "GET /accounts/roles/permissions/ HTTP/1.1" 200 123
INFO 2026-03-27 23:30:56,457 basehttp 21316 1984 "GET /accounts/roles/permissions/ HTTP/1.1" 200 117719
INFO 2026-03-27 23:32:10,448 basehttp 21316 12896 "GET /accounts/users/ HTTP/1.1" 200 48294
INFO 2026-03-27 23:32:12,377 basehttp 21316 12896 "GET /accounts/roles/permissions/ HTTP/1.1" 200 117719
INFO 2026-03-27 23:34:07,315 basehttp 21316 12896 "GET /accounts/users/ HTTP/1.1" 200 48294
INFO 2026-03-27 23:34:11,792 basehttp 21316 12896 "GET /accounts/roles/permissions/ HTTP/1.1" 200 117719
INFO 2026-03-27 23:36:34,488 basehttp 21316 12896 "GET /accounts/roles/permissions/ HTTP/1.1" 200 116849
INFO 2026-03-27 23:36:34,623 basehttp 21316 12896 "GET /static/css/style.css HTTP/1.1" 304 0
INFO 2026-03-27 23:36:46,213 basehttp 21316 12896 "GET /accounts/roles/permissions/ HTTP/1.1" 200 116849
INFO 2026-03-27 23:36:47,456 basehttp 21316 12896 "GET /accounts/roles/permissions/ HTTP/1.1" 200 116849
INFO 2026-03-27 23:37:51,794 autoreload 21316 22412 C:\PycharmProjects\letter_portal\apps\accounts\urls.py changed, reloading.
INFO 2026-03-27 23:38:00,881 autoreload 14192 6084 Watching for file changes with StatReloader
INFO 2026-03-27 23:38:35,074 autoreload 14192 6084 C:\PycharmProjects\letter_portal\apps\accounts\views.py changed, reloading.
INFO 2026-03-27 23:38:40,527 autoreload 21344 2172 Watching for file changes with StatReloader
INFO 2026-03-27 23:39:39,267 autoreload 21344 2172 C:\PycharmProjects\letter_portal\apps\accounts\views.py changed, reloading.
INFO 2026-03-27 23:39:48,008 autoreload 18360 3916 Watching for file changes with StatReloader
INFO 2026-03-27 23:40:36,003 autoreload 18360 3916 C:\PycharmProjects\letter_portal\apps\accounts\views.py changed, reloading.
INFO 2026-03-27 23:40:41,992 autoreload 21200 15420 Watching for file changes with StatReloader
INFO 2026-03-27 23:40:46,437 basehttp 21200 3424 "GET /accounts/roles/permissions/ HTTP/1.1" 200 116849
INFO 2026-03-27 23:49:40,839 autoreload 21200 15420 C:\PycharmProjects\letter_portal\apps\accounts\urls.py changed, reloading.
INFO 2026-03-27 23:49:48,224 autoreload 12436 2648 Watching for file changes with StatReloader
INFO 2026-03-27 23:49:51,461 basehttp 12436 12896 "GET /accounts/roles/permissions/ HTTP/1.1" 200 116849
INFO 2026-03-27 23:49:51,654 basehttp 12436 21396 "GET /static/css/style.css HTTP/1.1" 304 0
INFO 2026-03-27 23:49:51,654 basehttp 12436 12896 "GET /static/css/theme.css HTTP/1.1" 304 0
INFO 2026-03-27 23:49:51,691 basehttp 12436 12896 "GET /static/js/main.js HTTP/1.1" 304 0
INFO 2026-03-27 23:49:51,736 basehttp 12436 20412 "GET /static/css/dashboard.css HTTP/1.1" 304 0
INFO 2026-03-27 23:50:19,101 basehttp 12436 20412 "GET /accounts/roles/permissions/ HTTP/1.1" 200 116558
INFO 2026-03-27 23:50:22,982 basehttp 12436 20412 "GET /accounts/roles/permissions/ HTTP/1.1" 200 116558
INFO 2026-03-27 23:52:31,759 autoreload 2944 15012 Watching for file changes with StatReloader
INFO 2026-03-27 23:52:33,687 basehttp 2944 20784 "GET /accounts/users/ HTTP/1.1" 200 48294
INFO 2026-03-27 23:52:40,976 basehttp 2944 20784 "GET /accounts/users/ HTTP/1.1" 200 48294
INFO 2026-03-27 23:52:50,574 basehttp 2944 20784 "GET /accounts/roles/permissions/ HTTP/1.1" 200 117639
INFO 2026-03-27 23:53:05,049 basehttp 2944 20784 "GET /accounts/roles/2/permissions/load/ HTTP/1.1" 200 46
INFO 2026-03-27 23:53:11,241 basehttp 2944 20784 "GET /accounts/roles/3/permissions/load/ HTTP/1.1" 200 42
INFO 2026-03-27 23:53:16,904 basehttp 2944 20784 "GET /accounts/roles/4/permissions/load/ HTTP/1.1" 200 38
INFO 2026-03-27 23:53:22,949 basehttp 2944 20784 "GET /accounts/roles/5/permissions/load/ HTTP/1.1" 200 36
INFO 2026-03-27 23:53:28,464 basehttp 2944 20784 "GET /accounts/users/ HTTP/1.1" 200 48294
INFO 2026-03-27 23:53:30,554 basehttp 2944 20784 "GET / HTTP/1.1" 200 46771
INFO 2026-03-27 23:53:34,559 basehttp 2944 20784 "GET /accounts/roles/permissions/ HTTP/1.1" 200 117639
INFO 2026-03-27 23:53:38,319 basehttp 2944 20784 "GET / HTTP/1.1" 200 46771
INFO 2026-03-27 23:53:43,351 basehttp 2944 20784 "GET /letters/ HTTP/1.1" 200 29227
INFO 2026-03-27 23:53:44,623 basehttp 2944 20784 "GET /letters/my-drafts/ HTTP/1.1" 200 28340
INFO 2026-03-27 23:53:45,403 basehttp 2944 20784 "GET /letters/delegated/ HTTP/1.1" 200 30558
INFO 2026-03-27 23:53:46,275 basehttp 2944 20784 "GET /letters/pending/ HTTP/1.1" 200 26060
INFO 2026-03-27 23:53:47,388 basehttp 2944 20784 "GET /letters/radius/pending/ HTTP/1.1" 200 29777
INFO 2026-03-27 23:53:48,696 basehttp 2944 20784 "GET /letters/client/pending/ HTTP/1.1" 200 27098
INFO 2026-03-27 23:53:50,098 basehttp 2944 20784 "GET /letters/reports/ HTTP/1.1" 200 27990
INFO 2026-03-27 23:53:52,091 basehttp 2944 20784 "GET /letters/audit/ HTTP/1.1" 200 27208
INFO 2026-03-27 23:53:57,395 basehttp 2944 20784 "GET /letters/reports/ HTTP/1.1" 200 27990
ERROR 2026-03-27 23:57:55,284 basehttp 2944 20784 "GET /letters/reports/ HTTP/1.1" 500 215898
ERROR 2026-03-27 23:57:58,321 basehttp 2944 20784 "GET /letters/reports/ HTTP/1.1" 500 215898
ERROR 2026-03-27 23:59:52,610 basehttp 2944 20784 "GET /letters/reports/ HTTP/1.1" 500 215898
INFO 2026-03-27 23:59:52,763 autoreload 2944 15012 C:\PycharmProjects\letter_portal\apps\letters\views.py changed, reloading.
INFO 2026-03-27 23:59:57,156 autoreload 21096 16748 Watching for file changes with StatReloader
ERROR 2026-03-27 23:59:59,027 basehttp 21096 21728 "GET /letters/reports/ HTTP/1.1" 500 177377
INFO 2026-03-28 00:00:36,277 autoreload 21096 16748 C:\PycharmProjects\letter_portal\apps\letters\views.py changed, reloading.
INFO 2026-03-28 00:00:40,144 autoreload 9292 10512 Watching for file changes with StatReloader
INFO 2026-03-28 00:01:20,367 autoreload 9292 10512 C:\PycharmProjects\letter_portal\apps\letters\views.py changed, reloading.
INFO 2026-03-28 00:02:49,467 autoreload 16448 21568 Watching for file changes with StatReloader
ERROR 2026-03-28 00:04:26,375 basehttp 16448 21096 "GET /letters/reports/ HTTP/1.1" 500 177377
INFO 2026-03-28 00:05:06,098 basehttp 16448 21096 "GET / HTTP/1.1" 200 46771
INFO 2026-03-28 00:05:06,161 basehttp 16448 21096 "GET /static/css/style.css HTTP/1.1" 304 0
INFO 2026-03-28 00:05:13,355 basehttp 16448 21096 "GET /letters/create/facs/ HTTP/1.1" 200 40299
INFO 2026-03-28 00:05:39,363 basehttp 16448 21096 "GET / HTTP/1.1" 200 46771
INFO 2026-03-28 00:29:19,422 basehttp 16448 13264 "GET / HTTP/1.1" 200 46771
INFO 2026-03-28 00:29:19,788 basehttp 16448 4008 "GET /static/css/style.css HTTP/1.1" 304 0
INFO 2026-03-28 00:29:19,804 basehttp 16448 21344 "GET /static/js/main.js HTTP/1.1" 304 0
INFO 2026-03-28 00:29:20,055 basehttp 16448 13264 "GET /static/css/theme.css HTTP/1.1" 304 0
INFO 2026-03-28 00:29:20,422 basehttp 16448 11720 "GET /static/css/dashboard.css HTTP/1.1" 304 0
INFO 2026-03-28 00:29:45,031 basehttp 16448 11720 - Broken pipe from ('127.0.0.1', 56405)
INFO 2026-03-28 00:29:46,292 basehttp 16448 21344 "GET /letters/create/facs/ HTTP/1.1" 200 40299
INFO 2026-03-28 00:29:46,476 basehttp 16448 13264 - Broken pipe from ('127.0.0.1', 60628)
INFO 2026-03-28 00:30:02,313 basehttp 16448 21344 "GET /letters/create/artiva/ HTTP/1.1" 200 37443
INFO 2026-03-28 00:30:05,836 basehttp 16448 21344 "GET /letters/my-drafts/ HTTP/1.1" 200 28340
INFO 2026-03-28 00:30:08,576 basehttp 16448 21344 "GET /letters/delegated/ HTTP/1.1" 200 30558
INFO 2026-03-28 00:30:12,959 basehttp 16448 21344 "GET /letters/pending/ HTTP/1.1" 200 26060
INFO 2026-03-28 00:30:14,985 basehttp 16448 21344 "GET /letters/radius/pending/ HTTP/1.1" 200 29777
INFO 2026-03-28 00:30:17,302 basehttp 16448 21344 "GET /letters/client/pending/ HTTP/1.1" 200 27098
INFO 2026-03-28 00:30:20,660 basehttp 16448 21344 "GET /letters/audit/ HTTP/1.1" 200 27208
INFO 2026-03-28 00:30:24,922 basehttp 16448 21344 "GET /accounts/users/ HTTP/1.1" 200 48294
INFO 2026-03-28 00:30:42,023 basehttp 16448 21344 "GET /accounts/roles/permissions/ HTTP/1.1" 200 117639
INFO 2026-03-28 00:30:56,495 basehttp 16448 21344 "GET /accounts/roles/2/permissions/load/ HTTP/1.1" 200 46
INFO 2026-03-28 00:31:05,196 basehttp 16448 15516 "GET /accounts/roles/3/permissions/load/ HTTP/1.1" 200 42
INFO 2026-03-28 00:31:20,174 basehttp 16448 15516 "GET /accounts/roles/4/permissions/load/ HTTP/1.1" 200 38
INFO 2026-03-28 00:31:24,027 basehttp 16448 15516 "GET /accounts/users/ HTTP/1.1" 200 48294
INFO 2026-03-28 00:31:31,755 basehttp 16448 15516 "GET /letters/pending/ HTTP/1.1" 200 26060
INFO 2026-03-28 00:31:33,685 basehttp 16448 15516 "GET /letters/radius/pending/ HTTP/1.1" 200 29777
INFO 2026-03-28 00:31:34,821 basehttp 16448 15516 "GET /letters/sessions/pending/ HTTP/1.1" 200 27469
INFO 2026-03-28 00:31:35,743 basehttp 16448 15516 "GET /letters/client/pending/ HTTP/1.1" 200 27098
INFO 2026-03-28 00:31:36,806 basehttp 16448 15516 "GET /letters/delegated/ HTTP/1.1" 200 30558
INFO 2026-03-28 00:31:37,852 basehttp 16448 15516 "GET /letters/my-drafts/ HTTP/1.1" 200 28340
INFO 2026-03-28 00:31:39,659 basehttp 16448 15516 "GET /letters/ HTTP/1.1" 200 29227
INFO 2026-03-28 00:33:20,443 basehttp 16448 22780 "GET /letters/create/facs/ HTTP/1.1" 200 40299
INFO 2026-03-28 00:35:34,808 basehttp 16448 22780 "GET /letters/ HTTP/1.1" 200 29227
INFO 2026-03-28 00:35:44,033 basehttp 16448 22780 "GET /letters/my-drafts/ HTTP/1.1" 200 28340
INFO 2026-03-28 00:35:45,933 basehttp 16448 22780 "GET /letters/delegated/ HTTP/1.1" 200 30558
INFO 2026-03-28 00:35:48,283 basehttp 16448 22780 "GET /letters/pending/ HTTP/1.1" 200 26060
INFO 2026-03-28 00:35:49,301 basehttp 16448 22780 "GET /letters/radius/pending/ HTTP/1.1" 200 29777
INFO 2026-03-28 00:35:50,204 basehttp 16448 22780 "GET /letters/sessions/pending/ HTTP/1.1" 200 27469
INFO 2026-03-28 00:35:51,278 basehttp 16448 22780 "GET /letters/client/pending/ HTTP/1.1" 200 27098
ERROR 2026-03-28 00:35:54,038 basehttp 16448 22780 "GET /letters/reports/ HTTP/1.1" 500 177246
INFO 2026-03-28 00:35:57,849 basehttp 16448 22780 "GET /letters/audit/ HTTP/1.1" 200 27208
INFO 2026-03-28 00:36:01,735 basehttp 16448 22780 "GET /accounts/users/ HTTP/1.1" 200 48294
INFO 2026-03-28 00:36:04,083 basehttp 16448 22780 "GET /accounts/roles/permissions/ HTTP/1.1" 200 117639
INFO 2026-03-28 00:36:05,976 basehttp 16448 22780 "GET / HTTP/1.1" 200 46771
INFO 2026-03-28 00:36:10,497 basehttp 16448 22780 "GET /accounts/roles/permissions/ HTTP/1.1" 200 117639
INFO 2026-03-28 00:36:38,389 basehttp 16448 22780 "GET / HTTP/1.1" 200 46771
INFO 2026-03-28 00:38:49,682 basehttp 16448 22780 "GET /accounts/profile/ HTTP/1.1" 200 48302
INFO 2026-03-28 00:38:59,189 basehttp 16448 22780 "GET /accounts/password-change/ HTTP/1.1" 200 40954
INFO 2026-03-28 00:39:04,952 basehttp 16448 22780 "GET /accounts/profile/ HTTP/1.1" 200 48302
INFO 2026-03-28 00:39:07,707 basehttp 16448 22780 "GET /accounts/notifications/ HTTP/1.1" 200 37838
INFO 2026-03-28 00:39:30,909 basehttp 16448 22780 - Broken pipe from ('127.0.0.1', 52530)
INFO 2026-03-28 00:39:31,229 basehttp 16448 6400 - Broken pipe from ('127.0.0.1', 63134)
INFO 2026-03-28 00:39:31,256 basehttp 16448 15496 - Broken pipe from ('127.0.0.1', 64907)
INFO 2026-03-28 00:39:31,428 basehttp 16448 22952 - Broken pipe from ('127.0.0.1', 60001)
INFO 2026-03-28 00:39:31,522 basehttp 16448 20864 "GET / HTTP/1.1" 200 46771
INFO 2026-03-28 00:40:28,289 basehttp 16448 20864 "GET /accounts/profile/ HTTP/1.1" 200 48289
INFO 2026-03-28 00:40:36,793 basehttp 16448 20864 "GET / HTTP/1.1" 200 46771
INFO 2026-03-28 00:42:40,263 basehttp 16448 20864 "GET / HTTP/1.1" 200 46771
INFO 2026-03-28 00:42:40,340 basehttp 16448 20864 "GET /static/css/style.css HTTP/1.1" 304 0
INFO 2026-03-28 00:44:18,250 basehttp 16448 20864 "GET /letters/audit/ HTTP/1.1" 200 27208
INFO 2026-03-28 00:44:19,500 basehttp 16448 20864 "GET /letters/radius/pending/ HTTP/1.1" 200 29777
INFO 2026-03-28 00:44:20,522 basehttp 16448 20864 "GET /letters/pending/ HTTP/1.1" 200 26060
INFO 2026-03-28 00:44:21,829 basehttp 16448 20864 "GET /letters/client/pending/ HTTP/1.1" 200 27098
ERROR 2026-03-28 00:44:23,748 basehttp 16448 20864 "GET /letters/reports/ HTTP/1.1" 500 177249
INFO 2026-03-28 00:46:48,158 autoreload 16448 21568 C:\PycharmProjects\letter_portal\apps\letters\views.py changed, reloading.
INFO 2026-03-28 00:47:04,390 autoreload 2948 23444 Watching for file changes with StatReloader
INFO 2026-03-28 00:47:11,949 basehttp 2948 13856 - Broken pipe from ('127.0.0.1', 52699)
ERROR 2026-03-28 00:47:16,839 basehttp 2948 6856 "GET /letters/reports/ HTTP/1.1" 500 153060
ERROR 2026-03-28 00:47:20,123 basehttp 2948 6856 "GET /letters/reports/ HTTP/1.1" 500 153057
ERROR 2026-03-28 00:50:29,654 basehttp 2948 14740 "GET /letters/reports/ HTTP/1.1" 500 153257
INFO 2026-03-28 00:50:30,073 autoreload 2948 23444 C:\PycharmProjects\letter_portal\apps\letters\views.py changed, reloading.
INFO 2026-03-28 00:50:37,681 autoreload 22460 11028 Watching for file changes with StatReloader
INFO 2026-03-28 00:50:40,998 basehttp 22460 20440 "GET /letters/reports/ HTTP/1.1" 200 61588
INFO 2026-03-28 00:51:33,168 basehttp 22460 20440 "GET /letters/audit/ HTTP/1.1" 200 27208
INFO 2026-03-28 00:51:35,499 basehttp 22460 20440 "GET /letters/delegated/ HTTP/1.1" 200 30558
INFO 2026-03-28 00:51:36,588 basehttp 22460 20440 "GET /letters/my-drafts/ HTTP/1.1" 200 28340
INFO 2026-03-28 00:51:37,468 basehttp 22460 20440 "GET /letters/ HTTP/1.1" 200 29227
INFO 2026-03-28 00:51:39,698 basehttp 22460 20440 "GET /letters/create/facs/ HTTP/1.1" 200 40299
INFO 2026-03-28 00:51:41,248 basehttp 22460 20440 "GET / HTTP/1.1" 200 46771
INFO 2026-03-28 00:51:43,759 basehttp 22460 20440 "GET /accounts/roles/permissions/ HTTP/1.1" 200 117639
INFO 2026-03-28 00:51:45,772 basehttp 22460 20440 "GET /accounts/users/ HTTP/1.1" 200 48294
INFO 2026-03-28 00:51:47,761 basehttp 22460 20440 "GET /letters/audit/ HTTP/1.1" 200 27208
INFO 2026-03-28 00:51:49,582 basehttp 22460 20440 "GET /letters/reports/ HTTP/1.1" 200 61588
INFO 2026-03-28 00:51:53,479 basehttp 22460 20440 "GET /letters/client/pending/ HTTP/1.1" 200 27098
INFO 2026-03-28 00:51:53,541 basehttp 22460 20440 "GET /static/css/theme.css HTTP/1.1" 304 0
INFO 2026-03-28 00:51:54,456 basehttp 22460 20440 "GET /letters/sessions/pending/ HTTP/1.1" 200 27469
INFO 2026-03-28 00:51:56,498 basehttp 22460 20440 "GET /letters/radius/pending/ HTTP/1.1" 200 29777
INFO 2026-03-28 00:51:57,575 basehttp 22460 20440 "GET /letters/pending/ HTTP/1.1" 200 26060
INFO 2026-03-28 00:51:58,569 basehttp 22460 20440 "GET /letters/delegated/ HTTP/1.1" 200 30558
INFO 2026-03-28 00:51:59,366 basehttp 22460 20440 "GET /letters/my-drafts/ HTTP/1.1" 200 28340
INFO 2026-03-28 00:52:00,172 basehttp 22460 20440 "GET /letters/ HTTP/1.1" 200 29227
INFO 2026-03-28 00:52:02,419 basehttp 22460 20440 "GET /letters/create/facs/ HTTP/1.1" 200 40299
INFO 2026-03-28 00:54:12,075 basehttp 22460 20440 "GET /letters/ HTTP/1.1" 200 29227
INFO 2026-03-28 00:54:12,143 basehttp 22460 20440 "GET /static/css/dashboard.css HTTP/1.1" 304 0
INFO 2026-03-28 00:54:12,143 basehttp 22460 11104 "GET /static/js/main.js HTTP/1.1" 304 0
INFO 2026-03-28 00:54:15,340 basehttp 22460 20440 "GET /letters/create/artiva/ HTTP/1.1" 200 37443
INFO 2026-03-28 00:54:16,849 basehttp 22460 20440 "GET /letters/ HTTP/1.1" 200 29227
INFO 2026-03-28 00:54:18,229 basehttp 22460 20440 "GET /letters/create/facs/ HTTP/1.1" 200 40299
INFO 2026-03-28 00:54:20,636 basehttp 22460 20440 "GET /letters/ HTTP/1.1" 200 29227
INFO 2026-03-28 00:54:24,657 basehttp 22460 20440 "GET / HTTP/1.1" 200 46771
INFO 2026-03-28 00:54:25,743 basehttp 22460 20440 "GET / HTTP/1.1" 200 46771
INFO 2026-03-28 01:08:54,928 basehttp 22460 20380 "GET /letters/create/facs/ HTTP/1.1" 200 40299
INFO 2026-03-28 01:08:55,538 basehttp 22460 20380 "GET /static/css/style.css HTTP/1.1" 304 0
INFO 2026-03-28 01:10:12,788 basehttp 22460 20380 "POST /letters/create/facs/ HTTP/1.1" 200 40567
INFO 2026-03-28 01:10:25,449 basehttp 22460 20380 "POST /letters/create/facs/ HTTP/1.1" 200 40567
INFO 2026-03-28 01:10:48,692 basehttp 22460 20380 "POST /letters/create/facs/ HTTP/1.1" 200 40507
INFO 2026-03-28 01:12:45,990 basehttp 22460 20380 "POST /letters/create/facs/ HTTP/1.1" 200 40567
INFO 2026-03-28 01:12:48,759 basehttp 22460 20380 "GET /letters/ HTTP/1.1" 200 29227
INFO 2026-03-28 01:12:51,066 basehttp 22460 20380 "GET /letters/create/artiva/ HTTP/1.1" 200 37443
INFO 2026-03-28 01:12:53,164 basehttp 22460 20380 "GET /letters/ HTTP/1.1" 200 29227
INFO 2026-03-28 01:12:54,661 basehttp 22460 20380 "GET /letters/create/facs/ HTTP/1.1" 200 40299
INFO 2026-03-28 01:12:57,156 basehttp 22460 20380 "GET /letters/create/facs/ HTTP/1.1" 200 40299
INFO 2026-03-28 01:13:01,487 basehttp 22460 20380 "GET /letters/create/artiva/ HTTP/1.1" 200 37443
INFO 2026-03-28 01:13:48,713 basehttp 22460 20380 "GET /letters/create/facs/ HTTP/1.1" 200 40299
INFO 2026-03-28 01:29:39,006 basehttp 22460 124 "GET /letters/create/facs/ HTTP/1.1" 200 40299
INFO 2026-03-28 01:29:39,210 basehttp 22460 124 "GET /static/css/theme.css HTTP/1.1" 304 0
INFO 2026-03-28 01:29:39,210 basehttp 22460 18536 "GET /static/css/style.css HTTP/1.1" 304 0
INFO 2026-03-28 01:29:39,224 basehttp 22460 18536 "GET /static/css/dashboard.css HTTP/1.1" 304 0
INFO 2026-03-28 01:29:39,280 basehttp 22460 21600 "GET /static/js/main.js HTTP/1.1" 304 0
INFO 2026-03-28 01:29:45,552 basehttp 22460 21600 "GET /letters/create/facs/ HTTP/1.1" 200 49190
INFO 2026-03-28 01:32:13,695 basehttp 22460 22800 "POST /letters/create/facs/ HTTP/1.1" 200 49190
INFO 2026-03-28 01:32:23,413 basehttp 22460 22800 "GET /letters/ HTTP/1.1" 200 29227
INFO 2026-03-28 01:32:27,518 basehttp 22460 22800 "GET /letters/create/facs/ HTTP/1.1" 200 49190
INFO 2026-03-28 01:32:33,378 basehttp 22460 22800 "GET /letters/my-drafts/ HTTP/1.1" 200 28340
INFO 2026-03-28 01:32:48,158 basehttp 22460 22800 "GET /letters/create/facs/ HTTP/1.1" 200 49190
INFO 2026-03-28 01:40:40,559 basehttp 22460 18876 "GET /letters/create/facs/ HTTP/1.1" 200 49190
INFO 2026-03-28 01:40:42,344 basehttp 22460 18876 "GET /letters/create/facs/ HTTP/1.1" 200 49190
INFO 2026-03-28 01:41:18,625 basehttp 22460 18876 "GET / HTTP/1.1" 200 46771
INFO 2026-03-28 01:41:27,066 basehttp 22460 18876 "GET /letters/ HTTP/1.1" 200 29227
INFO 2026-03-28 01:41:29,765 basehttp 22460 18876 "GET /letters/my-drafts/ HTTP/1.1" 200 28340
INFO 2026-03-28 01:41:31,418 basehttp 22460 18876 "GET /letters/pending/ HTTP/1.1" 200 26060
INFO 2026-03-28 01:41:32,095 basehttp 22460 18876 "GET /letters/radius/pending/ HTTP/1.1" 200 29777
INFO 2026-03-28 01:41:32,902 basehttp 22460 18876 "GET /letters/sessions/pending/ HTTP/1.1" 200 27469
INFO 2026-03-28 01:41:33,800 basehttp 22460 18876 "GET /letters/client/pending/ HTTP/1.1" 200 27098
INFO 2026-03-28 01:41:35,449 basehttp 22460 18876 "GET /letters/reports/ HTTP/1.1" 200 61588
INFO 2026-03-28 01:41:38,553 basehttp 22460 18876 "GET /letters/audit/ HTTP/1.1" 200 27208
INFO 2026-03-28 01:41:40,528 basehttp 22460 18876 "GET /accounts/users/ HTTP/1.1" 200 48294
INFO 2026-03-28 01:41:42,464 basehttp 22460 18876 "GET /accounts/roles/permissions/ HTTP/1.1" 200 117639
INFO 2026-03-28 01:41:47,100 basehttp 22460 18876 "GET / HTTP/1.1" 200 46771
INFO 2026-03-28 01:42:22,003 basehttp 22460 18876 "GET /letters/my-drafts/ HTTP/1.1" 200 28340
INFO 2026-03-28 01:42:23,036 basehttp 22460 18876 "GET /letters/ HTTP/1.1" 200 29227
INFO 2026-03-28 01:42:26,638 basehttp 22460 18876 "GET /letters/create/facs/ HTTP/1.1" 200 49190
INFO 2026-03-28 01:44:26,582 basehttp 22460 18876 "GET /letters/create/facs/ HTTP/1.1" 200 49188
INFO 2026-03-28 01:44:33,135 basehttp 22460 18876 "GET /letters/delegated/ HTTP/1.1" 200 30556
INFO 2026-03-28 01:44:33,952 basehttp 22460 18876 "GET /letters/my-drafts/ HTTP/1.1" 200 28338
INFO 2026-03-28 01:44:34,663 basehttp 22460 18876 "GET /letters/ HTTP/1.1" 200 29225
INFO 2026-03-28 01:45:32,883 basehttp 22460 18876 "POST /accounts/logout/ HTTP/1.1" 302 0
INFO 2026-03-28 01:45:32,994 basehttp 22460 18876 "GET /accounts/login/ HTTP/1.1" 200 10179
INFO 2026-03-28 01:45:33,053 basehttp 22460 18876 "GET /static/css/login.css HTTP/1.1" 304 0
INFO 2026-03-28 01:45:46,933 basehttp 22460 18876 "GET /accounts/login/ HTTP/1.1" 200 10179
INFO 2026-03-28 02:02:52,338 basehttp 22460 23520 "GET /accounts/login/ HTTP/1.1" 200 10179
INFO 2026-03-28 02:02:53,227 basehttp 22460 4928 "GET /static/css/style.css HTTP/1.1" 304 0
INFO 2026-03-28 02:02:53,485 basehttp 22460 22896 "GET /static/css/dashboard.css HTTP/1.1" 304 0
INFO 2026-03-28 02:02:53,760 basehttp 22460 15892 "GET /static/css/theme.css HTTP/1.1" 304 0
INFO 2026-03-28 02:02:54,357 basehttp 22460 13216 "GET /static/js/main.js HTTP/1.1" 304 0
INFO 2026-03-28 02:04:06,747 basehttp 22460 12608 - Broken pipe from ('127.0.0.1', 64811)
INFO 2026-03-28 02:05:14,989 autoreload 1492 21720 Watching for file changes with StatReloader
INFO 2026-03-28 02:05:20,506 basehttp 1492 11128 "GET / HTTP/1.1" 302 0
INFO 2026-03-28 02:05:21,240 basehttp 1492 11128 "GET /accounts/login/?next=/ HTTP/1.1" 200 10179
INFO 2026-03-28 02:05:58,163 basehttp 1492 11128 "POST /accounts/login/ HTTP/1.1" 302 0
INFO 2026-03-28 02:06:02,081 basehttp 1492 11128 "GET / HTTP/1.1" 200 47270
INFO 2026-03-28 02:06:13,791 basehttp 1492 11128 "GET /letters/create/facs/ HTTP/1.1" 200 49188
INFO 2026-03-28 02:06:18,970 basehttp 1492 11128 "GET /letters/create/artiva/ HTTP/1.1" 200 37441
INFO 2026-03-28 02:06:22,130 basehttp 1492 11128 "GET /letters/my-drafts/ HTTP/1.1" 200 28338
INFO 2026-03-28 02:06:29,666 basehttp 1492 11128 "GET /letters/delegated/ HTTP/1.1" 200 30556
INFO 2026-03-28 02:06:34,909 basehttp 1492 11128 "GET /letters/pending/ HTTP/1.1" 200 26058
INFO 2026-03-28 02:06:36,299 basehttp 1492 11128 "GET /letters/radius/pending/ HTTP/1.1" 200 29775
INFO 2026-03-28 02:06:38,011 basehttp 1492 11128 "GET /letters/sessions/pending/ HTTP/1.1" 200 27467
INFO 2026-03-28 02:06:39,608 basehttp 1492 11128 "GET /letters/client/pending/ HTTP/1.1" 200 27096
INFO 2026-03-28 02:06:42,931 basehttp 1492 11128 "GET /letters/reports/ HTTP/1.1" 200 61582
INFO 2026-03-28 02:06:58,115 basehttp 1492 11128 "GET /letters/audit/ HTTP/1.1" 200 27206
INFO 2026-03-28 02:07:02,532 basehttp 1492 11128 "GET /accounts/users/ HTTP/1.1" 200 48290
INFO 2026-03-28 02:07:34,087 basehttp 1492 11128 "GET /accounts/roles/permissions/ HTTP/1.1" 200 117637
INFO 2026-03-28 02:07:53,310 basehttp 1492 11128 "GET /letters/create/facs/ HTTP/1.1" 200 49188
INFO 2026-03-28 02:09:40,302 basehttp 1492 11128 "GET /accounts/roles/permissions/ HTTP/1.1" 200 117637
INFO 2026-03-28 02:09:55,941 basehttp 1492 11128 "GET /letters/create/facs/ HTTP/1.1" 200 49188
INFO 2026-03-28 02:13:01,428 basehttp 1492 11128 "GET /letters/reports/ HTTP/1.1" 200 61582
INFO 2026-03-28 02:13:38,980 basehttp 1492 11128 "GET /letters/ HTTP/1.1" 200 29225
INFO 2026-03-28 02:14:42,056 basehttp 1492 11128 "GET /letters/create/facs/ HTTP/1.1" 200 49188
INFO 2026-03-28 02:14:51,181 basehttp 1492 11128 "GET /accounts/profile/ HTTP/1.1" 200 48332
INFO 2026-03-28 02:15:00,650 basehttp 1492 11128 "GET /accounts/notifications/ HTTP/1.1" 200 37836
INFO 2026-03-28 02:15:07,694 basehttp 1492 11128 "GET / HTTP/1.1" 200 46767
INFO 2026-03-28 02:15:30,727 basehttp 1492 11128 "GET / HTTP/1.1" 200 46767
INFO 2026-03-28 02:16:55,916 basehttp 1492 11128 "GET /letters/create/facs/ HTTP/1.1" 200 49188
INFO 2026-03-28 02:17:04,270 basehttp 1492 11128 "GET /letters/create/facs/ HTTP/1.1" 200 49188
INFO 2026-03-28 02:18:53,650 basehttp 1492 11128 "POST /accounts/logout/ HTTP/1.1" 302 0
INFO 2026-03-28 02:18:53,669 basehttp 1492 11128 "GET /accounts/login/ HTTP/1.1" 200 10179
INFO 2026-03-28 02:18:53,734 basehttp 1492 11128 "GET /static/css/login.css HTTP/1.1" 304 0
INFO 2026-03-28 20:09:46,814 autoreload 23844 18552 Watching for file changes with StatReloader
INFO 2026-03-28 20:25:32,736 autoreload 23844 18552 C:\PycharmProjects\letter_portal\apps\letters\forms.py changed, reloading.
INFO 2026-03-28 20:25:37,189 autoreload 18048 18824 Watching for file changes with StatReloader
INFO 2026-03-28 20:25:45,252 basehttp 18048 11136 "GET / HTTP/1.1" 302 0
INFO 2026-03-28 20:25:45,755 basehttp 18048 11136 "GET /accounts/login/?next=/ HTTP/1.1" 200 10179
INFO 2026-03-28 20:25:48,356 basehttp 18048 11136 "GET /static/css/style.css HTTP/1.1" 304 0
INFO 2026-03-28 20:25:48,409 basehttp 18048 11136 "GET /static/css/login.css HTTP/1.1" 304 0
INFO 2026-03-28 20:25:48,468 basehttp 18048 17036 "GET /static/js/main.js HTTP/1.1" 304 0
INFO 2026-03-28 20:25:48,542 basehttp 18048 11136 "GET /static/css/dashboard.css HTTP/1.1" 304 0
INFO 2026-03-28 20:25:48,586 basehttp 18048 17036 "GET /static/css/theme.css HTTP/1.1" 304 0
INFO 2026-03-28 20:26:11,640 basehttp 18048 17036 "POST /accounts/login/ HTTP/1.1" 302 0
INFO 2026-03-28 20:26:13,242 basehttp 18048 17036 "GET / HTTP/1.1" 200 47272
INFO 2026-03-28 20:26:20,396 basehttp 18048 17036 "GET /letters/create/facs/ HTTP/1.1" 200 49188
INFO 2026-03-28 20:30:55,790 autoreload 18048 18824 C:\PycharmProjects\letter_portal\apps\letters\forms.py changed, reloading.
INFO 2026-03-28 20:31:00,107 autoreload 22864 22212 Watching for file changes with StatReloader
INFO 2026-03-28 20:31:27,997 basehttp 22864 22172 "GET /letters/create/facs/ HTTP/1.1" 200 49188
INFO 2026-03-28 20:31:45,155 basehttp 22864 22172 "GET /letters/create/facs/ HTTP/1.1" 200 49188
INFO 2026-03-28 20:32:09,342 autoreload 22864 22212 C:\PycharmProjects\letter_portal\apps\letters\forms.py changed, reloading.
INFO 2026-03-28 20:32:15,721 autoreload 21384 19772 Watching for file changes with StatReloader
INFO 2026-03-28 20:34:15,915 autoreload 21384 19772 C:\PycharmProjects\letter_portal\apps\letters\forms.py changed, reloading.
INFO 2026-03-28 20:34:21,625 autoreload 15780 1368 Watching for file changes with StatReloader
INFO 2026-03-28 20:34:24,057 basehttp 15780 21232 "GET /letters/create/facs/ HTTP/1.1" 200 49188
INFO 2026-03-28 20:34:27,867 basehttp 15780 21232 "GET /letters/create/facs/ HTTP/1.1" 200 49188
INFO 2026-03-28 20:36:33,398 autoreload 15780 1368 C:\PycharmProjects\letter_portal\apps\letters\views.py changed, reloading.
INFO 2026-03-28 20:36:42,315 autoreload 3252 20872 Watching for file changes with StatReloader
INFO 2026-03-28 20:36:49,961 basehttp 3252 17844 "GET /letters/create/facs/ HTTP/1.1" 200 49285
INFO 2026-03-28 20:37:38,969 autoreload 3252 20872 C:\PycharmProjects\letter_portal\apps\letters\views.py changed, reloading.
INFO 2026-03-28 20:37:45,498 autoreload 12764 20636 Watching for file changes with StatReloader
INFO 2026-03-28 20:43:09,933 basehttp 12764 6824 "GET /letters/create/facs/ HTTP/1.1" 200 50482
INFO 2026-03-28 20:44:03,194 basehttp 12764 6824 "GET /letters/create/facs/ HTTP/1.1" 200 50482
INFO 2026-03-28 20:44:04,603 basehttp 12764 6824 "GET /letters/create/facs/ HTTP/1.1" 200 50482
INFO 2026-03-28 20:44:06,867 basehttp 12764 6824 "GET /letters/create/facs/ HTTP/1.1" 200 50482
INFO 2026-03-28 20:44:12,470 basehttp 12764 6824 "GET /letters/create/facs/ HTTP/1.1" 200 50482
INFO 2026-03-28 20:45:57,566 autoreload 12764 20636 C:\PycharmProjects\letter_portal\apps\letters\views.py changed, reloading.
INFO 2026-03-28 20:46:01,864 autoreload 9504 10964 Watching for file changes with StatReloader
INFO 2026-03-28 20:47:56,965 autoreload 9504 10964 C:\PycharmProjects\letter_portal\apps\letters\views.py changed, reloading.
INFO 2026-03-28 20:48:05,944 autoreload 23016 17040 Watching for file changes with StatReloader
INFO 2026-03-28 20:51:07,574 basehttp 23016 16316 "GET /letters/create/facs/ HTTP/1.1" 200 50482
INFO 2026-03-28 20:51:12,626 basehttp 23016 16316 "GET /letters/create/facs/ HTTP/1.1" 200 50482
INFO 2026-03-28 20:52:09,317 autoreload 23016 17040 C:\PycharmProjects\letter_portal\apps\letters\urls.py changed, reloading.
INFO 2026-03-28 20:52:13,552 autoreload 22896 24000 Watching for file changes with StatReloader
INFO 2026-03-28 20:52:39,181 autoreload 22896 24000 C:\PycharmProjects\letter_portal\apps\letters\views.py changed, reloading.
INFO 2026-03-28 20:52:48,842 autoreload 13304 21240 Watching for file changes with StatReloader
INFO 2026-03-28 21:03:14,901 basehttp 13304 2388 "GET /letters/create/facs/ HTTP/1.1" 200 50482
INFO 2026-03-28 21:04:14,181 basehttp 13304 2388 "GET /letters/ HTTP/1.1" 200 29225
INFO 2026-03-28 21:04:17,613 basehttp 13304 2388 "GET /letters/create/facs/ HTTP/1.1" 200 50482
INFO 2026-03-28 21:07:31,918 basehttp 13304 2388 "GET /letters/create/facs/ HTTP/1.1" 200 51014
INFO 2026-03-28 21:07:36,612 basehttp 13304 2388 "GET /letters/create/facs/ HTTP/1.1" 200 51014
INFO 2026-03-28 21:07:43,580 basehttp 13304 2388 "GET /letters/create/facs/ HTTP/1.1" 200 51014
INFO 2026-03-28 21:07:45,670 basehttp 13304 2388 "GET /letters/create/facs/ HTTP/1.1" 200 51014
INFO 2026-03-28 21:08:57,208 basehttp 13304 2388 "GET /letters/create/facs/ HTTP/1.1" 200 51394
INFO 2026-03-28 21:08:59,270 basehttp 13304 2388 "GET /letters/create/facs/ HTTP/1.1" 200 51394
INFO 2026-03-28 21:09:06,882 basehttp 13304 2388 "GET /letters/create/facs/ HTTP/1.1" 200 51394
INFO 2026-03-28 21:12:32,321 basehttp 13304 2388 "GET /letters/create/facs/ HTTP/1.1" 200 51394
INFO 2026-03-28 21:12:34,701 basehttp 13304 2388 "GET /letters/create/facs/ HTTP/1.1" 200 51394
INFO 2026-03-28 21:12:39,445 basehttp 13304 2388 "GET /letters/create/facs/ HTTP/1.1" 200 51394
INFO 2026-03-28 21:13:43,517 basehttp 13304 2388 "GET /letters/create/facs/ HTTP/1.1" 200 46857
INFO 2026-03-28 21:13:45,524 basehttp 13304 2388 "GET /letters/create/facs/ HTTP/1.1" 200 46857
INFO 2026-03-28 21:13:46,989 basehttp 13304 2388 "GET /letters/create/facs/ HTTP/1.1" 200 46857
INFO 2026-03-28 21:13:57,202 basehttp 13304 2388 "GET /letters/create/facs/ HTTP/1.1" 200 46857
INFO 2026-03-28 21:14:04,984 basehttp 13304 2388 "GET /letters/create/facs/ HTTP/1.1" 200 46857
INFO 2026-03-28 21:14:07,526 basehttp 13304 2388 "GET /letters/create/facs/ HTTP/1.1" 200 51394
INFO 2026-03-28 21:15:34,238 basehttp 13304 2388 "GET /letters/create/facs/ HTTP/1.1" 200 52584
INFO 2026-03-28 21:15:36,076 basehttp 13304 2388 "GET /letters/create/facs/ HTTP/1.1" 200 52584
INFO 2026-03-28 21:15:42,013 basehttp 13304 2388 "GET /letters/create/facs/ HTTP/1.1" 200 52584
INFO 2026-03-28 21:18:39,521 basehttp 13304 2388 "GET /letters/create/facs/ HTTP/1.1" 200 52588
INFO 2026-03-28 21:18:42,230 basehttp 13304 2388 "GET /letters/create/facs/ HTTP/1.1" 200 52588
INFO 2026-03-28 21:19:05,848 basehttp 13304 2388 "GET /letters/create/facs/ HTTP/1.1" 200 52463
INFO 2026-03-28 21:19:07,328 basehttp 13304 2388 "GET /letters/create/facs/ HTTP/1.1" 200 52463
INFO 2026-03-28 21:19:08,455 basehttp 13304 2388 "GET /letters/create/facs/ HTTP/1.1" 200 52463
INFO 2026-03-28 21:19:09,340 basehttp 13304 2388 "GET /letters/create/facs/ HTTP/1.1" 200 52463
INFO 2026-03-28 21:19:10,241 basehttp 13304 2388 "GET /letters/create/facs/ HTTP/1.1" 200 52463
INFO 2026-03-28 21:19:28,294 basehttp 13304 24068 "GET /letters/create/facs/ HTTP/1.1" 200 52463
INFO 2026-03-28 21:19:30,662 basehttp 13304 24068 "GET /letters/create/facs/ HTTP/1.1" 200 52463
INFO 2026-03-28 21:22:32,028 basehttp 13304 24068 "GET /letters/create/facs/ HTTP/1.1" 200 52447
INFO 2026-03-28 21:22:35,888 basehttp 13304 24068 "GET /letters/create/facs/ HTTP/1.1" 200 52447
INFO 2026-03-28 21:23:21,618 basehttp 13304 24068 "GET /letters/create/facs/ HTTP/1.1" 200 52193
INFO 2026-03-28 21:23:24,887 basehttp 13304 24068 "GET /letters/create/facs/ HTTP/1.1" 200 52193
INFO 2026-03-28 21:24:19,523 basehttp 13304 24068 "GET /letters/create/facs/ HTTP/1.1" 200 52446
INFO 2026-03-28 21:24:47,976 basehttp 13304 24068 "GET /letters/create/facs/ HTTP/1.1" 200 52453
INFO 2026-03-28 21:26:15,524 basehttp 13304 24068 "POST /letters/create/facs/ HTTP/1.1" 200 52453
INFO 2026-03-28 21:26:24,818 basehttp 13304 24068 "GET /letters/ HTTP/1.1" 200 29225
INFO 2026-03-28 21:26:28,521 basehttp 13304 24068 "GET /letters/create/facs/ HTTP/1.1" 200 52453
INFO 2026-03-28 21:27:36,035 basehttp 13304 24068 "GET /letters/ HTTP/1.1" 200 29225
INFO 2026-03-28 21:27:39,018 basehttp 13304 24068 "GET /letters/create/facs/ HTTP/1.1" 200 52453
INFO 2026-03-28 21:37:48,519 autoreload 13304 21240 C:\PycharmProjects\letter_portal\apps\letters\views.py changed, reloading.
INFO 2026-03-28 21:37:52,952 autoreload 21248 18472 Watching for file changes with StatReloader
INFO 2026-03-28 21:40:11,134 basehttp 21248 10828 "GET /letters/create/facs/ HTTP/1.1" 200 52841
INFO 2026-03-28 21:40:12,550 basehttp 21248 10828 "GET /letters/create/facs/ HTTP/1.1" 200 52841
INFO 2026-03-28 21:41:20,440 basehttp 21248 10828 "POST /letters/create/facs/ HTTP/1.1" 200 54935
INFO 2026-03-28 23:39:05,791 autoreload 21248 18472 C:\PycharmProjects\letter_portal\apps\letters\models.py changed, reloading.
INFO 2026-03-28 23:39:16,686 autoreload 4352 6744 Watching for file changes with StatReloader
INFO 2026-03-28 23:39:48,160 autoreload 4352 6744 C:\PycharmProjects\letter_portal\apps\letters\forms.py changed, reloading.
INFO 2026-03-28 23:39:53,193 autoreload 22960 15056 Watching for file changes with StatReloader
INFO 2026-03-28 23:44:00,181 autoreload 5504 13744 Watching for file changes with StatReloader
INFO 2026-03-28 23:44:05,201 basehttp 5504 5432 "POST /letters/create/facs/ HTTP/1.1" 200 54253
INFO 2026-03-28 23:44:05,311 basehttp 5504 5432 "GET /static/css/theme.css HTTP/1.1" 304 0
INFO 2026-03-28 23:44:05,315 basehttp 5504 24536 "GET /static/css/style.css HTTP/1.1" 200 32991
INFO 2026-03-28 23:44:05,353 basehttp 5504 4392 "GET /static/css/dashboard.css HTTP/1.1" 304 0
INFO 2026-03-28 23:44:05,372 basehttp 5504 19776 "GET /static/js/main.js HTTP/1.1" 200 2823
INFO 2026-03-28 23:44:14,520 basehttp 5504 19776 "GET /letters/create/facs/ HTTP/1.1" 200 52715
INFO 2026-03-28 23:45:45,844 basehttp 5504 19776 "POST /letters/create/facs/ HTTP/1.1" 200 54253
INFO 2026-03-28 23:49:57,256 autoreload 23900 12900 Watching for file changes with StatReloader
INFO 2026-03-28 23:50:02,525 basehttp 23900 8868 "POST /letters/create/facs/ HTTP/1.1" 200 54375
INFO 2026-03-28 23:52:01,875 basehttp 23900 8868 "POST /letters/create/facs/ HTTP/1.1" 200 54983
INFO 2026-03-28 23:53:05,453 basehttp 23900 8868 "POST /letters/create/facs/ HTTP/1.1" 200 55435
INFO 2026-03-28 23:53:10,693 basehttp 23900 8868 "POST /letters/create/facs/ HTTP/1.1" 200 55435
INFO 2026-03-28 23:54:01,977 basehttp 23900 8868 "POST /letters/create/facs/ HTTP/1.1" 200 54921
INFO 2026-03-28 23:54:26,959 basehttp 23900 8868 "POST /letters/create/facs/ HTTP/1.1" 200 54921
INFO 2026-03-28 23:55:21,058 basehttp 23900 8868 "POST /letters/create/facs/ HTTP/1.1" 200 54366
INFO 2026-03-29 02:25:44,220 autoreload 23900 12900 C:\PycharmProjects\letter_portal\apps\letters\forms.py changed, reloading.
INFO 2026-03-29 02:25:54,326 autoreload 10532 22452 Watching for file changes with StatReloader
INFO 2026-03-29 02:26:33,337 autoreload 10532 22452 C:\PycharmProjects\letter_portal\apps\letters\forms.py changed, reloading.
INFO 2026-03-29 02:26:37,805 autoreload 21884 11808 Watching for file changes with StatReloader
INFO 2026-03-29 02:26:42,713 basehttp 21884 1524 "POST /letters/create/facs/ HTTP/1.1" 302 0
ERROR 2026-03-29 02:26:43,306 basehttp 21884 1524 "GET /letters/1/submit/ HTTP/1.1" 500 201965
INFO 2026-03-29 02:27:06,258 basehttp 21884 1524 "GET /letters/create/facs/ HTTP/1.1" 200 57479
INFO 2026-03-29 02:27:09,512 basehttp 21884 1524 "GET /letters/create/facs/ HTTP/1.1" 200 56956
INFO 2026-03-29 02:27:09,571 basehttp 21884 1524 "GET /static/css/theme.css HTTP/1.1" 304 0
INFO 2026-03-29 02:27:09,580 basehttp 21884 12060 "GET /static/css/dashboard.css HTTP/1.1" 304 0
INFO 2026-03-29 02:27:09,587 basehttp 21884 1524 "GET /static/css/style.css HTTP/1.1" 304 0
INFO 2026-03-29 02:27:09,599 basehttp 21884 19340 "GET /static/js/main.js HTTP/1.1" 304 0
INFO 2026-03-29 02:27:28,075 basehttp 21884 19340 "GET /letters/create/facs/ HTTP/1.1" 200 56956
INFO 2026-03-29 02:28:21,410 basehttp 21884 19340 "POST /letters/create/facs/ HTTP/1.1" 200 58523
INFO 2026-03-29 02:28:42,498 basehttp 21884 19340 "GET /letters/my-drafts/ HTTP/1.1" 200 32533
INFO 2026-03-29 02:28:45,401 basehttp 21884 19340 "GET /letters/ HTTP/1.1" 200 33977
WARNING 2026-03-29 02:28:48,908 basehttp 21884 19340 "GET /letters/1/ HTTP/1.1" 404 6232
INFO 2026-03-29 02:29:24,742 basehttp 21884 19340 "GET /letters/create/facs/ HTTP/1.1" 200 56956
INFO 2026-03-29 02:30:34,244 basehttp 21884 19340 "POST /letters/create/facs/ HTTP/1.1" 200 57991
INFO 2026-03-29 02:34:37,319 autoreload 21884 11808 C:\PycharmProjects\letter_portal\apps\letters\forms.py changed, reloading.
INFO 2026-03-29 02:34:41,037 autoreload 24232 1292 Watching for file changes with StatReloader
INFO 2026-03-29 02:34:47,558 basehttp 24232 2744 "GET /letters/create/artiva/ HTTP/1.1" 200 42201
INFO 2026-03-29 02:34:49,785 basehttp 24232 2744 "GET /letters/create/facs/ HTTP/1.1" 200 56956
INFO 2026-03-29 02:34:58,147 basehttp 24232 2744 "GET /letters/my-drafts/ HTTP/1.1" 200 32536
INFO 2026-03-29 02:35:00,346 basehttp 24232 2744 "GET /letters/ HTTP/1.1" 200 33977
INFO 2026-03-29 02:35:03,581 basehttp 24232 2744 "GET /letters/create/facs/ HTTP/1.1" 200 56956
INFO 2026-03-29 02:36:04,435 basehttp 24232 2744 "POST /letters/create/facs/ HTTP/1.1" 200 57991
INFO 2026-03-29 02:36:24,740 autoreload 24232 1292 C:\PycharmProjects\letter_portal\apps\letters\forms.py changed, reloading.
INFO 2026-03-29 02:36:28,855 autoreload 24188 18352 Watching for file changes with StatReloader
INFO 2026-03-29 02:37:51,212 autoreload 24188 18352 C:\PycharmProjects\letter_portal\apps\letters\forms.py changed, reloading.
INFO 2026-03-29 02:38:01,179 autoreload 12660 15028 Watching for file changes with StatReloader
INFO 2026-03-29 02:38:02,806 basehttp 12660 17780 "GET /letters/create/facs/ HTTP/1.1" 200 56960
INFO 2026-03-29 02:38:05,232 basehttp 12660 17780 "GET /letters/create/facs/ HTTP/1.1" 200 56960
INFO 2026-03-29 02:39:06,025 basehttp 12660 17780 "POST /letters/create/facs/ HTTP/1.1" 302 0
INFO 2026-03-29 02:39:06,229 basehttp 12660 17780 "GET /letters/ HTTP/1.1" 200 36786
WARNING 2026-03-29 02:41:19,239 basehttp 12660 17780 "GET /letters/1/ HTTP/1.1" 404 6232
WARNING 2026-03-29 02:41:31,036 basehttp 12660 17780 "GET /letters/2/edit/ HTTP/1.1" 404 7085
INFO 2026-03-29 02:41:42,900 basehttp 12660 17780 "GET /letters/my-drafts/ HTTP/1.1" 200 34417
INFO 2026-03-29 02:41:50,918 basehttp 12660 17780 "GET /letters/ HTTP/1.1" 200 36263
INFO 2026-03-29 02:41:54,241 basehttp 12660 17780 "GET /letters/my-drafts/ HTTP/1.1" 200 34417
WARNING 2026-03-29 02:41:56,176 basehttp 12660 17780 "GET /letters/2/edit/ HTTP/1.1" 404 7085
INFO 2026-03-29 02:42:22,399 basehttp 12660 17780 "GET /letters/my-drafts/ HTTP/1.1" 200 34417
INFO 2026-03-29 02:42:25,859 basehttp 12660 17780 "GET /letters/ HTTP/1.1" 200 36263
WARNING 2026-03-29 02:42:28,121 basehttp 12660 17780 "GET /letters/2/ HTTP/1.1" 404 6232
INFO 2026-03-29 02:45:31,226 autoreload 12660 15028 C:\PycharmProjects\letter_portal\config\settings.py changed, reloading.
INFO 2026-03-29 02:45:35,237 autoreload 17340 16288 Watching for file changes with StatReloader
INFO 2026-03-29 02:53:48,887 autoreload 17340 16288 C:\PycharmProjects\letter_portal\apps\letters\views.py changed, reloading.
INFO 2026-03-29 02:53:55,617 autoreload 22560 16160 Watching for file changes with StatReloader
INFO 2026-03-29 02:54:24,435 basehttp 22560 19844 "GET /letters/ HTTP/1.1" 200 36267
INFO 2026-03-29 02:54:27,440 basehttp 22560 19844 "GET /letters/create/facs/ HTTP/1.1" 200 58100
INFO 2026-03-29 02:59:59,650 autoreload 22560 16160 C:\PycharmProjects\letter_portal\apps\letters\models.py changed, reloading.
INFO 2026-03-29 03:00:06,857 autoreload 22272 11796 Watching for file changes with StatReloader
INFO 2026-03-29 03:00:09,487 basehttp 22272 5660 "GET /letters/create/facs/ HTTP/1.1" 200 58100
INFO 2026-03-29 03:00:09,597 basehttp 22272 5660 "GET /static/css/style.css HTTP/1.1" 304 0
INFO 2026-03-29 03:00:09,598 basehttp 22272 17380 "GET /static/js/main.js HTTP/1.1" 304 0
INFO 2026-03-29 03:00:34,885 autoreload 22272 11796 C:\PycharmProjects\letter_portal\apps\letters\models.py changed, reloading.
INFO 2026-03-29 03:00:40,383 autoreload 3364 1212 Watching for file changes with StatReloader
INFO 2026-03-29 03:00:42,959 basehttp 3364 19800 "GET /letters/create/facs/ HTTP/1.1" 200 58100
INFO 2026-03-29 03:01:08,446 basehttp 3364 15540 "GET /letters/create/facs/ HTTP/1.1" 200 58100
INFO 2026-03-29 03:01:08,503 autoreload 3364 1212 C:\PycharmProjects\letter_portal\apps\letters\models.py changed, reloading.
INFO 2026-03-29 03:01:13,966 autoreload 20244 23448 Watching for file changes with StatReloader
INFO 2026-03-29 03:01:16,359 basehttp 20244 20648 "GET /letters/create/facs/ HTTP/1.1" 200 58100
INFO 2026-03-29 03:01:36,726 basehttp 20244 20648 "GET /letters/create/facs/ HTTP/1.1" 200 58100
INFO 2026-03-29 03:01:38,193 basehttp 20244 20648 "GET /letters/create/facs/ HTTP/1.1" 200 58100
INFO 2026-03-29 03:01:39,068 autoreload 20244 23448 C:\PycharmProjects\letter_portal\apps\letters\models.py changed, reloading.
INFO 2026-03-29 03:01:43,839 autoreload 20856 12060 Watching for file changes with StatReloader
INFO 2026-03-29 03:01:45,796 basehttp 20856 17284 "GET /letters/create/facs/ HTTP/1.1" 200 58091
INFO 2026-03-29 03:01:47,898 basehttp 20856 17284 "GET /letters/ HTTP/1.1" 200 36267
INFO 2026-03-29 03:01:50,442 basehttp 20856 17284 "GET /letters/create/facs/ HTTP/1.1" 200 58091
INFO 2026-03-29 03:02:43,969 autoreload 20856 12060 C:\PycharmProjects\letter_portal\apps\letters\models.py changed, reloading.
INFO 2026-03-29 03:02:49,174 autoreload 1412 24232 Watching for file changes with StatReloader
INFO 2026-03-29 03:03:24,149 basehttp 1412 21816 "POST /letters/create/facs/ HTTP/1.1" 302 0
INFO 2026-03-29 03:03:24,546 basehttp 1412 21816 "GET /letters/ HTTP/1.1" 200 37933
INFO 2026-03-29 03:03:34,393 basehttp 1412 21816 "GET /letters/create/facs/ HTTP/1.1" 200 58097
INFO 2026-03-29 03:03:38,471 basehttp 1412 21816 "GET /letters/create/facs/ HTTP/1.1" 200 58097
INFO 2026-03-29 03:05:57,821 autoreload 1412 24232 C:\PycharmProjects\letter_portal\apps\letters\models.py changed, reloading.
INFO 2026-03-29 03:06:04,836 autoreload 14704 23336 Watching for file changes with StatReloader
INFO 2026-03-29 03:06:07,056 basehttp 14704 22064 "GET /letters/create/facs/ HTTP/1.1" 200 58097
INFO 2026-03-29 03:06:09,141 basehttp 14704 22064 "GET /letters/create/facs/ HTTP/1.1" 200 58097
INFO 2026-03-29 03:06:10,225 basehttp 14704 22064 "GET /letters/create/facs/ HTTP/1.1" 200 58097
INFO 2026-03-29 03:06:13,092 basehttp 14704 22064 "GET /letters/create/facs/ HTTP/1.1" 200 58097
INFO 2026-03-29 03:07:52,525 autoreload 14704 23336 C:\PycharmProjects\letter_portal\apps\letters\views.py changed, reloading.
INFO 2026-03-29 03:08:02,178 autoreload 17928 12552 Watching for file changes with StatReloader
INFO 2026-03-29 03:08:07,174 basehttp 17928 19704 "GET /letters/create/facs/ HTTP/1.1" 200 58097
INFO 2026-03-29 03:08:10,692 basehttp 17928 19704 "GET /letters/create/facs/ HTTP/1.1" 200 58097
INFO 2026-03-29 03:08:20,179 autoreload 17928 12552 C:\PycharmProjects\letter_portal\apps\letters\views.py changed, reloading.
INFO 2026-03-29 03:08:28,852 autoreload 17388 24476 Watching for file changes with StatReloader
INFO 2026-03-29 03:09:31,554 autoreload 17388 24476 C:\PycharmProjects\letter_portal\apps\letters\models.py changed, reloading.
INFO 2026-03-29 03:09:37,849 autoreload 11764 24168 Watching for file changes with StatReloader
INFO 2026-03-29 03:10:41,010 basehttp 11764 24200 "GET /letters/create/facs/ HTTP/1.1" 200 58088
INFO 2026-03-29 03:10:43,610 basehttp 11764 24200 "GET /letters/create/facs/ HTTP/1.1" 200 58088
INFO 2026-03-29 03:11:25,980 autoreload 11764 24168 C:\PycharmProjects\letter_portal\apps\letters\forms.py changed, reloading.
INFO 2026-03-29 03:11:32,390 autoreload 17036 504 Watching for file changes with StatReloader
ERROR 2026-03-29 03:11:38,154 basehttp 17036 19140 "GET /letters/3/facs/ HTTP/1.1" 500 256533
INFO 2026-03-29 03:11:48,814 basehttp 17036 19140 "GET /accounts/notifications/ HTTP/1.1" 200 59884
INFO 2026-03-29 03:11:58,031 basehttp 17036 19140 "GET /letters/create/facs/ HTTP/1.1" 200 58088
INFO 2026-03-29 03:12:00,449 basehttp 17036 19140 "GET /letters/create/facs/ HTTP/1.1" 200 58088
INFO 2026-03-29 03:13:14,189 autoreload 17036 504 C:\PycharmProjects\letter_portal\apps\letters\forms.py changed, reloading.
INFO 2026-03-29 03:13:19,760 autoreload 24184 17484 Watching for file changes with StatReloader
INFO 2026-03-29 03:13:22,763 basehttp 24184 23976 "GET /letters/create/facs/ HTTP/1.1" 200 58088
INFO 2026-03-29 03:13:24,919 basehttp 24184 23976 "GET /letters/create/facs/ HTTP/1.1" 200 58092
INFO 2026-03-29 03:13:26,000 basehttp 24184 23976 "GET /letters/create/facs/ HTTP/1.1" 200 58092
INFO 2026-03-29 03:13:26,754 basehttp 24184 23976 "GET /letters/create/facs/ HTTP/1.1" 200 58092
INFO 2026-03-29 03:13:29,396 basehttp 24184 23976 "GET /letters/create/facs/ HTTP/1.1" 200 58092
INFO 2026-03-29 03:13:30,395 basehttp 24184 23976 "GET /letters/create/facs/ HTTP/1.1" 200 58092
INFO 2026-03-29 03:14:27,516 autoreload 24184 17484 C:\PycharmProjects\letter_portal\apps\letters\forms.py changed, reloading.
INFO 2026-03-29 03:14:34,220 autoreload 18284 4528 Watching for file changes with StatReloader
INFO 2026-03-29 03:14:36,792 basehttp 18284 23920 "GET /letters/create/facs/ HTTP/1.1" 200 58137
INFO 2026-03-29 03:14:48,740 basehttp 18284 23920 "GET /letters/my-drafts/ HTTP/1.1" 200 35801
INFO 2026-03-29 03:14:53,259 basehttp 18284 23920 "GET /letters/ HTTP/1.1" 200 37414
WARNING 2026-03-29 03:14:55,960 basehttp 18284 23920 "GET /letters/2/edit/ HTTP/1.1" 404 7085
WARNING 2026-03-29 03:15:02,805 basehttp 18284 23920 "GET /letters/2/edit/ HTTP/1.1" 404 7085
WARNING 2026-03-29 03:16:37,875 basehttp 18284 23920 "GET /letters/3/ HTTP/1.1" 404 6232
INFO 2026-03-29 03:16:46,518 basehttp 18284 23920 "GET /letters/my-drafts/ HTTP/1.1" 200 35801
INFO 2026-03-29 11:10:44,239 basehttp 18284 22224 "GET /letters/create/facs/ HTTP/1.1" 200 58183
INFO 2026-03-29 11:10:44,591 basehttp 18284 456 "GET /static/css/dashboard.css HTTP/1.1" 304 0
INFO 2026-03-29 11:10:44,591 basehttp 18284 22224 "GET /static/js/main.js HTTP/1.1" 304 0
INFO 2026-03-29 11:10:44,627 basehttp 18284 17340 "GET /static/css/style.css HTTP/1.1" 304 0
INFO 2026-03-29 11:10:44,641 basehttp 18284 4392 "GET /static/css/theme.css HTTP/1.1" 304 0
INFO 2026-03-29 11:17:28,136 basehttp 18284 11996 "GET /letters/create/facs/ HTTP/1.1" 200 58187
INFO 2026-03-29 11:17:32,570 basehttp 18284 11996 "GET /letters/create/artiva/ HTTP/1.1" 200 50451
INFO 2026-03-29 11:23:00,087 basehttp 18284 7656 "GET /letters/create/artiva/ HTTP/1.1" 200 50710
INFO 2026-03-29 11:23:01,945 basehttp 18284 7656 "GET /letters/create/artiva/ HTTP/1.1" 200 50710
INFO 2026-03-29 11:23:03,172 basehttp 18284 7656 "GET /letters/create/artiva/ HTTP/1.1" 200 50710
INFO 2026-03-29 11:23:04,621 basehttp 18284 7656 "GET /letters/create/artiva/ HTTP/1.1" 200 50710
INFO 2026-03-29 11:25:09,146 basehttp 18284 7656 "GET /letters/create/artiva/ HTTP/1.1" 200 49646
INFO 2026-03-29 11:25:12,602 basehttp 18284 7656 "GET /letters/create/artiva/ HTTP/1.1" 200 49646
INFO 2026-03-29 11:25:29,449 basehttp 18284 7656 "GET /letters/create/facs/ HTTP/1.1" 200 57308
INFO 2026-03-29 11:25:37,425 basehttp 18284 7656 "GET /letters/create/artiva/ HTTP/1.1" 200 49646
INFO 2026-03-29 11:25:42,234 basehttp 18284 7656 "GET /letters/create/facs/ HTTP/1.1" 200 57308
INFO 2026-03-29 11:25:49,357 basehttp 18284 7656 "GET /letters/create/artiva/ HTTP/1.1" 200 49646
INFO 2026-03-29 11:36:01,820 autoreload 18284 4528 C:\PycharmProjects\letter_portal\apps\letters\models.py changed, reloading.
INFO 2026-03-29 11:36:10,362 autoreload 18660 20380 Watching for file changes with StatReloader
INFO 2026-03-29 11:39:13,092 autoreload 15948 5140 Watching for file changes with StatReloader
INFO 2026-03-29 11:39:17,396 basehttp 15948 17436 "GET /letters/create/artiva/ HTTP/1.1" 200 50149
INFO 2026-03-29 11:40:31,016 basehttp 15948 17436 "POST /letters/create/artiva/ HTTP/1.1" 302 0
INFO 2026-03-29 11:40:31,253 basehttp 15948 17436 "GET /letters/ HTTP/1.1" 200 39123
INFO 2026-03-29 11:40:52,292 basehttp 15948 17436 "GET /letters/create/artiva/ HTTP/1.1" 200 50148
INFO 2026-03-29 11:41:40,012 basehttp 15948 17436 "POST /letters/create/artiva/ HTTP/1.1" 200 50146
INFO 2026-03-29 11:41:47,973 basehttp 15948 17436 "GET /letters/ HTTP/1.1" 200 38597
INFO 2026-03-29 11:41:50,661 basehttp 15948 17436 "GET /letters/ HTTP/1.1" 200 38597
INFO 2026-03-29 11:41:56,393 basehttp 15948 17436 "GET /letters/create/artiva/ HTTP/1.1" 200 50146
INFO 2026-03-29 11:42:50,143 basehttp 15948 17436 "POST /letters/create/artiva/ HTTP/1.1" 200 50148
INFO 2026-03-29 11:43:00,210 basehttp 15948 17436 "GET /letters/ HTTP/1.1" 200 38599
INFO 2026-03-29 11:43:01,675 basehttp 15948 17436 "GET /letters/ HTTP/1.1" 200 38599
INFO 2026-03-29 11:43:02,849 basehttp 15948 17436 "GET /letters/ HTTP/1.1" 200 38599
INFO 2026-03-29 11:44:29,192 autoreload 15948 5140 C:\PycharmProjects\letter_portal\apps\letters\models.py changed, reloading.
INFO 2026-03-29 11:45:12,279 autoreload 12572 20400 Watching for file changes with StatReloader
INFO 2026-03-29 11:45:14,304 basehttp 12572 23408 "GET /letters/ HTTP/1.1" 200 38599
INFO 2026-03-29 11:47:55,111 autoreload 12572 20400 C:\PycharmProjects\letter_portal\apps\letters\models.py changed, reloading.
INFO 2026-03-29 11:47:59,584 autoreload 18480 16476 Watching for file changes with StatReloader
INFO 2026-03-29 11:49:37,701 autoreload 18480 16476 C:\PycharmProjects\letter_portal\apps\letters\views.py changed, reloading.
INFO 2026-03-29 11:49:46,909 autoreload 13216 6248 Watching for file changes with StatReloader
INFO 2026-03-29 11:49:51,450 basehttp 13216 15704 "GET /letters/ HTTP/1.1" 200 38599
INFO 2026-03-29 11:49:54,414 basehttp 13216 15704 "GET /letters/create/artiva/ HTTP/1.1" 200 50148
INFO 2026-03-29 11:50:51,625 basehttp 13216 15704 "POST /letters/create/artiva/ HTTP/1.1" 302 0
ERROR 2026-03-29 11:50:52,061 basehttp 13216 15704 "GET /letters/2/submit/ HTTP/1.1" 500 202462
INFO 2026-03-29 12:00:19,092 autoreload 13216 6248 C:\PycharmProjects\letter_portal\apps\letters\models.py changed, reloading.
INFO 2026-03-29 12:01:33,017 autoreload 15940 18472 Watching for file changes with StatReloader
INFO 2026-03-29 12:01:34,825 basehttp 15940 4872 "GET /letters/2/submit/ HTTP/1.1" 302 0
ERROR 2026-03-29 12:01:35,865 basehttp 15940 4872 "GET /letters/2/ HTTP/1.1" 500 220330
INFO 2026-03-29 12:01:54,358 basehttp 15940 4872 "GET /letters/create/artiva/ HTTP/1.1" 200 50128
INFO 2026-03-29 12:02:02,698 basehttp 15940 4872 "POST /letters/create/artiva/ HTTP/1.1" 200 51178
INFO 2026-03-29 12:02:08,439 basehttp 15940 4872 "GET /letters/ HTTP/1.1" 200 39546
INFO 2026-03-29 12:02:21,005 basehttp 15940 4872 "GET /letters/ HTTP/1.1" 200 39546
INFO 2026-03-29 12:02:23,657 basehttp 15940 4872 "GET /letters/create/artiva/ HTTP/1.1" 200 50128
INFO 2026-03-29 12:03:36,049 basehttp 15940 4872 "POST /letters/create/artiva/ HTTP/1.1" 302 0
ERROR 2026-03-29 12:03:36,607 basehttp 15940 4872 "GET /letters/3/submit/ HTTP/1.1" 500 203260
INFO 2026-03-29 12:04:27,611 autoreload 15940 18472 C:\PycharmProjects\letter_portal\apps\letters\models.py changed, reloading.
INFO 2026-03-29 12:04:32,602 autoreload 21376 23504 Watching for file changes with StatReloader
INFO 2026-03-29 12:59:16,072 autoreload 3716 7496 Watching for file changes with StatReloader
INFO 2026-03-29 12:59:22,627 basehttp 3716 4284 "GET /letters/3/submit/ HTTP/1.1" 302 0
ERROR 2026-03-29 12:59:23,259 basehttp 3716 4284 "GET /letters/3/ HTTP/1.1" 500 220331
INFO 2026-03-29 13:02:21,848 basehttp 3716 22052 "GET /letters/create/artiva/ HTTP/1.1" 200 50137
INFO 2026-03-29 13:02:24,788 basehttp 3716 22052 "GET /letters/my-drafts/ HTTP/1.1" 200 37253
INFO 2026-03-29 13:02:24,868 basehttp 3716 22052 "GET /static/css/style.css HTTP/1.1" 304 0
INFO 2026-03-29 13:02:24,868 basehttp 3716 18332 "GET /static/js/main.js HTTP/1.1" 304 0
INFO 2026-03-29 13:02:31,763 basehttp 3716 18332 "GET /letters/ HTTP/1.1" 200 40522
ERROR 2026-03-29 13:02:36,625 basehttp 3716 18332 "GET /letters/1/edit/ HTTP/1.1" 500 217077
ERROR 2026-03-29 13:03:03,545 basehttp 3716 18332 "GET /letters/3/ HTTP/1.1" 500 219837
ERROR 2026-03-29 13:03:08,240 basehttp 3716 18332 "GET /letters/3/ HTTP/1.1" 500 219837
INFO 2026-03-29 13:03:15,062 basehttp 3716 18332 "GET /letters/create/artiva/ HTTP/1.1" 200 50137
INFO 2026-03-29 13:04:04,657 basehttp 3716 18332 "POST /letters/create/artiva/ HTTP/1.1" 302 0
ERROR 2026-03-29 13:04:05,281 basehttp 3716 18332 "GET /letters/4/submit/ HTTP/1.1" 500 202800
INFO 2026-03-29 13:11:16,487 autoreload 6824 19184 Watching for file changes with StatReloader
INFO 2026-03-29 13:11:19,336 basehttp 6824 18380 "GET / HTTP/1.1" 200 71043
INFO 2026-03-29 13:11:21,964 basehttp 6824 18380 "GET /letters/create/facs/ HTTP/1.1" 200 57278
INFO 2026-03-29 13:12:16,637 basehttp 6824 18380 "POST /letters/create/facs/ HTTP/1.1" 302 0
ERROR 2026-03-29 13:12:17,330 basehttp 6824 18380 "GET /letters/4/submit/ HTTP/1.1" 500 203567
INFO 2026-03-29 13:16:50,510 basehttp 6824 18380 "GET /letters/create/facs/ HTTP/1.1" 200 59327
INFO 2026-03-29 13:16:57,320 basehttp 6824 18380 "POST /letters/create/facs/ HTTP/1.1" 200 59852
INFO 2026-03-29 13:19:56,946 basehttp 6824 18380 "GET /letters/my-drafts/ HTTP/1.1" 200 37237
INFO 2026-03-29 13:20:01,130 basehttp 6824 18380 "GET /letters/ HTTP/1.1" 200 42427
ERROR 2026-03-29 13:20:09,764 basehttp 6824 18380 "GET /letters/4/ HTTP/1.1" 500 219837
INFO 2026-03-29 13:20:22,693 basehttp 6824 18380 "GET /letters/create/facs/ HTTP/1.1" 200 59235
INFO 2026-03-29 13:21:12,366 basehttp 6824 18380 "POST /letters/create/facs/ HTTP/1.1" 200 60283
INFO 2026-03-29 13:23:51,193 basehttp 6824 18380 "GET /letters/ HTTP/1.1" 200 42431
INFO 2026-03-29 13:23:57,288 basehttp 6824 18380 "GET /letters/ HTTP/1.1" 200 42431
INFO 2026-03-29 13:24:09,104 basehttp 6824 18380 "GET /letters/create/facs/ HTTP/1.1" 200 59239
INFO 2026-03-29 13:25:05,316 basehttp 6824 18380 "POST /letters/create/facs/ HTTP/1.1" 302 0
INFO 2026-03-29 13:25:05,496 basehttp 6824 18380 "GET /letters/ HTTP/1.1" 200 44092
INFO 2026-03-29 13:25:12,747 basehttp 6824 18380 "GET /letters/create/facs/ HTTP/1.1" 200 59231
INFO 2026-03-29 13:26:19,704 basehttp 6824 18380 "POST /letters/create/facs/ HTTP/1.1" 302 0
ERROR 2026-03-29 13:26:20,061 basehttp 6824 18380 "GET /letters/6/submit/ HTTP/1.1" 500 203875
INFO 2026-03-29 13:28:52,075 basehttp 6824 18380 "GET /letters/create/facs/ HTTP/1.1" 200 59753
INFO 2026-03-29 13:42:00,571 basehttp 6824 23412 "GET /letters/ HTTP/1.1" 200 44536
INFO 2026-03-29 13:42:07,558 basehttp 6824 23412 "GET /letters/ HTTP/1.1" 200 44536
INFO 2026-03-29 13:42:18,447 basehttp 6824 23412 "GET /letters/create/facs/ HTTP/1.1" 200 59235
INFO 2026-03-29 13:43:12,740 basehttp 6824 23412 "GET /letters/create/facs/ HTTP/1.1" 200 59235
INFO 2026-03-29 13:48:22,948 basehttp 6824 21072 "GET /letters/create/facs/ HTTP/1.1" 200 61915
INFO 2026-03-29 13:48:25,709 basehttp 6824 21072 "GET /letters/create/facs/ HTTP/1.1" 200 61915
INFO 2026-03-29 13:48:36,810 basehttp 6824 21072 "GET /letters/ HTTP/1.1" 200 44536
INFO 2026-03-29 13:48:42,731 basehttp 6824 21072 "GET /letters/create/facs/ HTTP/1.1" 200 61915
INFO 2026-03-29 13:49:33,467 basehttp 6824 21072 "POST /letters/create/facs/ HTTP/1.1" 302 0
ERROR 2026-03-29 13:49:34,072 basehttp 6824 21072 "GET /letters/7/submit/ HTTP/1.1" 500 204029
INFO 2026-03-29 13:52:06,074 basehttp 6824 21072 "GET /letters/create/facs/ HTTP/1.1" 200 62434
INFO 2026-03-29 13:52:59,230 basehttp 6824 21072 "POST /letters/create/facs/ HTTP/1.1" 302 0
ERROR 2026-03-29 13:52:59,587 basehttp 6824 21072 "GET /letters/8/submit/ HTTP/1.1" 500 204183
INFO 2026-03-29 14:04:20,575 autoreload 20408 2972 Watching for file changes with StatReloader
INFO 2026-03-29 14:04:22,700 basehttp 20408 2612 "GET /letters/create/facs/ HTTP/1.1" 200 70776
INFO 2026-03-29 14:04:25,703 basehttp 20408 2612 "GET /letters/ HTTP/1.1" 200 46462
INFO 2026-03-29 14:04:34,309 basehttp 20408 2612 "GET /letters/ HTTP/1.1" 200 46462
INFO 2026-03-29 14:04:36,830 basehttp 20408 2612 "GET /letters/create/facs/ HTTP/1.1" 200 70253
INFO 2026-03-29 14:05:46,952 basehttp 20408 20932 "POST /letters/create/facs/ HTTP/1.1" 200 71310
INFO 2026-03-29 14:05:46,965 basehttp 20408 2612 - Broken pipe from ('127.0.0.1', 60494)
INFO 2026-03-29 14:05:59,032 basehttp 20408 20932 "GET /letters/ HTTP/1.1" 200 47604
WARNING 2026-03-29 14:15:26,097 basehttp 20408 8708 "GET /letters/8/ HTTP/1.1" 404 6232
INFO 2026-03-29 14:21:34,622 autoreload 4668 6888 Watching for file changes with StatReloader
INFO 2026-03-29 14:21:42,494 basehttp 4668 20276 "GET /letters/ HTTP/1.1" 200 49073
INFO 2026-03-29 14:21:50,958 basehttp 4668 20276 "GET /letters/create/facs/ HTTP/1.1" 200 72751
INFO 2026-03-29 14:21:53,620 basehttp 4668 20276 "GET /letters/ HTTP/1.1" 200 49073
INFO 2026-03-29 14:22:04,485 basehttp 4668 20276 "GET /letters/create/facs/ HTTP/1.1" 200 72751
INFO 2026-03-29 14:23:13,738 basehttp 4668 20276 "POST /letters/create/facs/ HTTP/1.1" 302 0
INFO 2026-03-29 14:23:13,825 basehttp 4668 20276 "GET /letters/10/submit/ HTTP/1.1" 302 0
WARNING 2026-03-29 14:23:13,891 basehttp 4668 20276 "GET /letters/10/ HTTP/1.1" 404 6235
INFO 2026-03-29 14:24:01,845 basehttp 4668 20276 "GET /letters/create/facs/ HTTP/1.1" 200 73813
INFO 2026-03-29 14:24:07,346 basehttp 4668 20276 "GET /letters/ HTTP/1.1" 200 50221
INFO 2026-03-29 14:25:18,740 autoreload 4668 6888 C:\PycharmProjects\letter_portal\apps\letters\views.py changed, reloading.
INFO 2026-03-29 14:25:26,882 autoreload 18572 20636 Watching for file changes with StatReloader
INFO 2026-03-29 14:26:04,220 basehttp 18572 22832 "GET /letters/ HTTP/1.1" 200 50221
WARNING 2026-03-29 14:26:06,108 basehttp 18572 22832 "GET /letters/10/edit/ HTTP/1.1" 404 7088
WARNING 2026-03-29 14:26:13,875 basehttp 18572 22832 "GET /letters/10/edit/ HTTP/1.1" 404 7088
INFO 2026-03-29 14:28:20,278 basehttp 18572 22832 "GET /letters/ HTTP/1.1" 200 50221
INFO 2026-03-29 14:31:56,831 autoreload 18572 20636 C:\PycharmProjects\letter_portal\apps\letters\views.py changed, reloading.
INFO 2026-03-29 14:32:04,550 autoreload 19820 21744 Watching for file changes with StatReloader
INFO 2026-03-29 14:32:24,266 autoreload 19820 21744 C:\PycharmProjects\letter_portal\apps\letters\views.py changed, reloading.
INFO 2026-03-29 14:32:33,768 autoreload 22464 11524 Watching for file changes with StatReloader
INFO 2026-03-29 14:34:02,370 autoreload 22464 11524 C:\PycharmProjects\letter_portal\apps\letters\views.py changed, reloading.
INFO 2026-03-29 14:34:09,273 autoreload 24008 21856 Watching for file changes with StatReloader
INFO 2026-03-29 14:34:53,148 basehttp 24008 15624 "GET /letters/ HTTP/1.1" 200 50225
INFO 2026-03-29 14:34:58,161 basehttp 24008 15624 "GET /letters/create/facs/ HTTP/1.1" 200 72755
INFO 2026-03-29 14:35:43,450 basehttp 24008 15624 "POST /letters/create/facs/ HTTP/1.1" 302 0
INFO 2026-03-29 14:35:43,565 basehttp 24008 15624 "GET /letters/11/submit/ HTTP/1.1" 302 0
ERROR 2026-03-29 14:35:44,794 basehttp 24008 15624 "GET /letters/11/facs/ HTTP/1.1" 500 257032
INFO 2026-03-29 14:43:09,051 autoreload 24008 21856 C:\PycharmProjects\letter_portal\apps\letters\views.py changed, reloading.
INFO 2026-03-29 14:43:14,207 autoreload 23424 21612 Watching for file changes with StatReloader
INFO 2026-03-29 14:43:15,793 basehttp 23424 16632 "GET /letters/create/facs/ HTTP/1.1" 200 72752
INFO 2026-03-29 14:43:17,570 basehttp 23424 16632 "GET /letters/ HTTP/1.1" 200 51370
INFO 2026-03-29 14:43:17,661 basehttp 23424 16632 "GET /static/css/style.css HTTP/1.1" 304 0
INFO 2026-03-29 14:43:17,661 basehttp 23424 14248 "GET /static/js/main.js HTTP/1.1" 304 0
INFO 2026-03-29 14:43:19,630 basehttp 23424 14248 "GET /letters/ HTTP/1.1" 200 51370
INFO 2026-03-29 14:43:20,524 basehttp 23424 14248 "GET /letters/ HTTP/1.1" 200 51370
WARNING 2026-03-29 14:43:22,153 basehttp 23424 14248 "GET /letters/11/edit/ HTTP/1.1" 404 7088
INFO 2026-03-29 14:43:35,616 basehttp 23424 14248 "GET /letters/create/facs/ HTTP/1.1" 200 72752
INFO 2026-03-29 14:44:35,840 basehttp 23424 14248 "POST /letters/create/facs/ HTTP/1.1" 302 0
INFO 2026-03-29 14:44:35,892 basehttp 23424 14248 "GET /letters/12/submit/ HTTP/1.1" 302 0
ERROR 2026-03-29 14:44:36,558 basehttp 23424 14248 "GET /letters/12/facs/ HTTP/1.1" 500 257033
ERROR 2026-03-29 14:47:03,448 basehttp 23424 14248 "GET /letters/12/facs/ HTTP/1.1" 500 275328
ERROR 2026-03-29 14:49:26,127 basehttp 23424 14248 "GET /letters/12/facs/ HTTP/1.1" 500 261814
INFO 2026-03-29 14:52:33,410 autoreload 23424 21612 C:\PycharmProjects\letter_portal\apps\letters\views.py changed, reloading.
INFO 2026-03-29 14:52:38,166 autoreload 23120 2468 Watching for file changes with StatReloader
ERROR 2026-03-29 14:52:41,815 basehttp 23120 16044 "GET /letters/12/facs/ HTTP/1.1" 500 97807
INFO 2026-03-29 14:53:39,534 autoreload 23120 2468 C:\PycharmProjects\letter_portal\apps\letters\views.py changed, reloading.
INFO 2026-03-29 14:53:46,314 autoreload 22968 24304 Watching for file changes with StatReloader
ERROR 2026-03-29 14:56:33,593 basehttp 22968 18272 "GET /letters/12/facs/ HTTP/1.1" 500 261814
INFO 2026-03-29 14:56:35,959 autoreload 22968 24304 C:\PycharmProjects\letter_portal\apps\letters\views.py changed, reloading.
INFO 2026-03-29 14:56:41,301 autoreload 23572 23104 Watching for file changes with StatReloader
ERROR 2026-03-29 15:03:28,676 basehttp 23572 15908 "GET /letters/12/facs/ HTTP/1.1" 500 97807
ERROR 2026-03-29 15:03:31,041 basehttp 23572 15908 "GET /letters/12/facs/ HTTP/1.1" 500 97807
ERROR 2026-03-29 15:03:53,114 basehttp 23572 15908 "GET /letters/12/facs/ HTTP/1.1" 500 97807
INFO 2026-03-29 15:04:27,167 autoreload 23572 23104 C:\PycharmProjects\letter_portal\apps\letters\views.py changed, reloading.
INFO 2026-03-29 15:04:40,184 autoreload 23440 800 Watching for file changes with StatReloader
INFO 2026-03-29 15:04:53,925 basehttp 23440 1712 "GET /letters/12/facs/ HTTP/1.1" 200 46737
INFO 2026-03-29 15:04:54,051 basehttp 23440 1712 "GET /static/css/theme.css HTTP/1.1" 304 0
INFO 2026-03-29 15:04:54,054 basehttp 23440 19132 "GET /static/css/dashboard.css HTTP/1.1" 304 0
WARNING 2026-03-29 15:05:16,604 basehttp 23440 19132 "GET /letters/12/edit/ HTTP/1.1" 404 7088
INFO 2026-03-29 15:05:21,167 basehttp 23440 19132 "GET /letters/12/approval-management/ HTTP/1.1" 200 41306
INFO 2026-03-29 15:05:44,758 basehttp 23440 19132 "GET / HTTP/1.1" 200 93203
INFO 2026-03-29 15:05:52,371 basehttp 23440 19132 - Broken pipe from ('127.0.0.1', 54798)
INFO 2026-03-29 15:05:53,545 basehttp 23440 1712 "GET /letters/ HTTP/1.1" 200 52522
ERROR 2026-03-29 15:05:56,691 basehttp 23440 1712 "GET /letters/12/ HTTP/1.1" 500 220840
WARNING 2026-03-29 15:06:00,891 basehttp 23440 1712 "GET /letters/12/edit/ HTTP/1.1" 404 7088
INFO 2026-03-29 15:06:04,532 basehttp 23440 1712 "GET /letters/my-drafts/ HTTP/1.1" 200 55281
WARNING 2026-03-29 15:06:07,004 basehttp 23440 1712 "GET /letters/12/edit/ HTTP/1.1" 404 7088
WARNING 2026-03-29 16:17:35,126 basehttp 23440 24456 "GET /letters/12/edit/ HTTP/1.1" 404 7088
WARNING 2026-03-29 16:18:17,025 basehttp 23440 24456 "GET /letters/12/edit/ HTTP/1.1" 404 7088
WARNING 2026-03-29 16:20:29,200 basehttp 23440 24456 "GET /letters/12/edit/ HTTP/1.1" 404 7088
WARNING 2026-03-29 16:20:30,669 basehttp 23440 24456 "GET /letters/12/edit/ HTTP/1.1" 404 7088
INFO 2026-03-29 16:20:30,787 autoreload 23440 800 C:\PycharmProjects\letter_portal\apps\letters\views.py changed, reloading.
INFO 2026-03-29 16:20:47,904 autoreload 21664 21524 Watching for file changes with StatReloader
ERROR 2026-03-29 16:20:54,310 basehttp 21664 23592 "GET /letters/12/edit/ HTTP/1.1" 500 218224
INFO 2026-03-29 16:22:01,317 autoreload 21664 21524 C:\PycharmProjects\letter_portal\apps\letters\views.py changed, reloading.
INFO 2026-03-29 16:22:05,262 autoreload 14296 20012 Watching for file changes with StatReloader
ERROR 2026-03-29 16:22:50,531 basehttp 14296 20352 "GET /letters/12/edit/ HTTP/1.1" 500 218224
ERROR 2026-03-29 16:22:54,034 basehttp 14296 20352 "GET /letters/12/edit/ HTTP/1.1" 500 218224
ERROR 2026-03-29 16:23:03,750 basehttp 14296 20352 "GET /letters/12/edit/ HTTP/1.1" 500 218224
INFO 2026-03-29 16:24:09,753 autoreload 14296 20012 C:\PycharmProjects\letter_portal\apps\letters\urls.py changed, reloading.
INFO 2026-03-29 16:24:14,047 autoreload 12956 19876 Watching for file changes with StatReloader
ERROR 2026-03-29 16:24:15,624 basehttp 12956 18480 "GET /letters/12/edit/ HTTP/1.1" 500 218322
ERROR 2026-03-29 16:24:19,192 basehttp 12956 18480 "GET /letters/12/edit/ HTTP/1.1" 500 218322
ERROR 2026-03-29 16:24:21,384 basehttp 12956 18480 "GET /letters/12/edit/ HTTP/1.1" 500 218322
INFO 2026-03-29 16:25:50,451 autoreload 12956 19876 C:\PycharmProjects\letter_portal\apps\letters\urls.py changed, reloading.
INFO 2026-03-29 16:25:57,076 autoreload 16312 18004 Watching for file changes with StatReloader
INFO 2026-03-29 16:26:36,681 autoreload 16312 18004 C:\PycharmProjects\letter_portal\apps\letters\views.py changed, reloading.
INFO 2026-03-29 16:26:40,986 autoreload 96 22692 Watching for file changes with StatReloader
ERROR 2026-03-29 16:26:42,837 basehttp 96 18172 "GET /letters/12/edit/ HTTP/1.1" 500 218224
ERROR 2026-03-29 16:26:45,577 basehttp 96 18172 "GET /letters/12/edit/ HTTP/1.1" 500 218224
ERROR 2026-03-29 16:27:28,122 basehttp 96 18172 "GET /letters/12/edit/ HTTP/1.1" 500 218224
ERROR 2026-03-29 16:27:30,663 basehttp 96 18172 "GET /letters/12/edit/ HTTP/1.1" 500 218224
INFO 2026-03-29 16:28:38,966 autoreload 96 22692 C:\PycharmProjects\letter_portal\apps\letters\views.py changed, reloading.
INFO 2026-03-29 16:28:44,519 autoreload 11616 20516 Watching for file changes with StatReloader
INFO 2026-03-29 16:28:47,786 basehttp 11616 19580 "GET /letters/12/edit/ HTTP/1.1" 200 37651
INFO 2026-03-29 16:28:47,874 basehttp 11616 19580 "GET /static/css/style.css HTTP/1.1" 304 0
INFO 2026-03-29 16:28:47,876 basehttp 11616 17364 "GET /static/js/main.js HTTP/1.1" 304 0
INFO 2026-03-29 16:29:01,717 basehttp 11616 17364 "GET /letters/ HTTP/1.1" 200 52567
INFO 2026-03-29 16:29:04,304 basehttp 11616 17364 "GET /letters/12/edit/ HTTP/1.1" 200 37651
INFO 2026-03-29 16:29:07,255 basehttp 11616 17364 "GET /letters/ HTTP/1.1" 200 52567
INFO 2026-03-29 16:29:10,116 basehttp 11616 17364 "GET /letters/4/edit/ HTTP/1.1" 200 37649
INFO 2026-03-29 16:29:18,308 basehttp 11616 17364 "GET /letters/2/edit/ HTTP/1.1" 200 37649
INFO 2026-03-29 16:29:27,573 basehttp 11616 17364 "GET /letters/12/edit/ HTTP/1.1" 200 37651
INFO 2026-03-29 16:29:48,351 basehttp 11616 17364 "GET /letters/12/edit/ HTTP/1.1" 200 38834
INFO 2026-03-29 16:32:10,834 basehttp 11616 20276 "GET /letters/ HTTP/1.1" 200 52567
INFO 2026-03-29 16:32:13,175 basehttp 11616 20276 "GET /letters/12/edit/ HTTP/1.1" 200 49912
ERROR 2026-03-29 16:37:02,318 basehttp 11616 21336 "GET /letters/12/edit/ HTTP/1.1" 500 254256
ERROR 2026-03-29 16:37:07,805 basehttp 11616 21336 "GET /letters/12/edit/ HTTP/1.1" 500 254256
INFO 2026-03-29 16:37:37,822 basehttp 11616 21336 "GET /letters/12/edit/ HTTP/1.1" 200 49911
INFO 2026-03-29 16:37:41,668 basehttp 11616 21336 "GET /letters/ HTTP/1.1" 200 52566
INFO 2026-03-29 16:37:44,775 basehttp 11616 21336 "GET /letters/3/edit/ HTTP/1.1" 200 49910
INFO 2026-03-29 16:37:52,748 basehttp 11616 21336 "GET /letters/1/edit/ HTTP/1.1" 200 49910
INFO 2026-03-29 16:37:56,772 basehttp 11616 21336 "GET /letters/1/edit/ HTTP/1.1" 200 49910
ERROR 2026-03-29 16:39:09,002 basehttp 11616 21336 "GET /letters/12/edit/ HTTP/1.1" 500 246699
ERROR 2026-03-29 16:39:11,578 basehttp 11616 21336 "GET /letters/12/edit/ HTTP/1.1" 500 246836
INFO 2026-03-29 16:41:04,351 basehttp 11616 21336 "GET /letters/12/edit/ HTTP/1.1" 200 61509
INFO 2026-03-29 16:47:41,295 basehttp 11616 19676 "GET /letters/create/facs/ HTTP/1.1" 200 72802
INFO 2026-03-29 16:47:51,291 basehttp 11616 19676 "GET /letters/ HTTP/1.1" 200 52568
INFO 2026-03-29 16:47:53,451 basehttp 11616 19676 "GET /letters/12/edit/ HTTP/1.1" 200 61510
INFO 2026-03-29 16:51:49,168 basehttp 11616 19676 "GET /letters/12/edit/ HTTP/1.1" 200 61510
INFO 2026-03-29 16:51:51,773 basehttp 11616 19676 "GET /letters/12/edit/ HTTP/1.1" 200 59647
INFO 2026-03-29 16:57:11,573 basehttp 11616 22376 "GET /letters/12/edit/ HTTP/1.1" 200 59858
INFO 2026-03-29 16:57:40,802 basehttp 11616 22376 "GET /letters/12/edit/ HTTP/1.1" 200 59850
INFO 2026-03-29 16:57:41,842 basehttp 11616 22376 "GET /letters/12/edit/ HTTP/1.1" 200 59850
INFO 2026-03-29 16:57:49,371 basehttp 11616 22376 "GET /letters/create/facs/ HTTP/1.1" 200 72806
INFO 2026-03-29 16:58:07,493 basehttp 11616 22376 "GET /letters/ HTTP/1.1" 200 52572
INFO 2026-03-29 16:58:09,521 basehttp 11616 22376 "GET /letters/12/edit/ HTTP/1.1" 200 59850
INFO 2026-03-29 16:58:19,796 basehttp 11616 22376 "GET /letters/ HTTP/1.1" 200 52572
INFO 2026-03-29 16:58:22,186 basehttp 11616 22376 "GET /letters/create/facs/ HTTP/1.1" 200 72806
INFO 2026-03-29 17:00:17,255 basehttp 11616 22376 "GET /letters/12/edit/ HTTP/1.1" 200 59850
INFO 2026-03-29 17:06:16,072 basehttp 11616 22364 "GET /letters/12/edit/ HTTP/1.1" 200 59752
INFO 2026-03-29 17:14:13,942 basehttp 11616 23780 "GET /letters/12/edit/ HTTP/1.1" 200 59752
INFO 2026-03-29 17:14:19,215 basehttp 11616 23780 "GET /letters/12/edit/ HTTP/1.1" 200 59850
INFO 2026-03-29 17:15:13,602 basehttp 11616 23780 "GET /letters/12/edit/ HTTP/1.1" 200 59752
INFO 2026-03-29 17:16:51,085 basehttp 11616 23780 "GET /letters/12/edit/ HTTP/1.1" 200 59752
INFO 2026-03-29 17:16:53,807 basehttp 11616 23780 "GET /letters/create/facs/ HTTP/1.1" 200 72806
INFO 2026-03-29 17:18:06,001 basehttp 11616 23780 - Broken pipe from ('127.0.0.1', 58223)
INFO 2026-03-29 17:18:06,228 basehttp 11616 15352 "GET / HTTP/1.1" 200 93253
INFO 2026-03-29 17:18:18,784 basehttp 11616 15352 "GET /letters/ HTTP/1.1" 200 52572
ERROR 2026-03-29 17:18:21,354 basehttp 11616 15352 "GET /letters/12/ HTTP/1.1" 500 220840
INFO 2026-03-29 17:18:34,539 basehttp 11616 15352 "GET /letters/4/edit/ HTTP/1.1" 200 59750
ERROR 2026-03-29 17:18:40,610 basehttp 11616 15352 "GET /letters/1/ HTTP/1.1" 500 216157
INFO 2026-03-29 17:20:17,986 basehttp 11616 15352 "GET /letters/12/edit/ HTTP/1.1" 200 59752
INFO 2026-03-29 17:20:23,901 basehttp 11616 15352 "GET /letters/ HTTP/1.1" 200 52572
INFO 2026-03-29 17:20:28,507 basehttp 11616 15352 "GET /letters/12/edit/ HTTP/1.1" 200 59752
INFO 2026-03-29 17:21:06,429 basehttp 11616 15352 "GET /letters/12/edit/ HTTP/1.1" 200 59752
INFO 2026-03-29 17:21:13,609 basehttp 11616 15352 "GET /letters/12/edit/ HTTP/1.1" 200 63613
INFO 2026-03-29 17:22:12,127 basehttp 11616 15352 "GET /letters/12/edit/ HTTP/1.1" 200 63613
INFO 2026-03-29 17:22:13,683 basehttp 11616 15352 "GET /letters/12/edit/ HTTP/1.1" 200 63613
INFO 2026-03-29 17:22:16,145 basehttp 11616 15352 "GET /letters/12/edit/ HTTP/1.1" 200 63613
INFO 2026-03-29 17:22:16,793 basehttp 11616 15352 "GET /letters/12/edit/ HTTP/1.1" 200 63613
INFO 2026-03-29 17:25:14,380 basehttp 11616 15352 "GET /letters/12/edit/ HTTP/1.1" 200 63613
INFO 2026-03-29 17:25:14,863 autoreload 11616 20516 C:\PycharmProjects\letter_portal\apps\letters\views.py changed, reloading.
INFO 2026-03-29 17:25:26,875 autoreload 20160 24424 Watching for file changes with StatReloader
INFO 2026-03-29 17:25:29,603 basehttp 20160 11324 "GET /letters/12/edit/ HTTP/1.1" 200 65274
INFO 2026-03-29 17:25:51,744 basehttp 20160 11324 "GET /letters/documents/15/download/ HTTP/1.1" 302 0
INFO 2026-03-29 17:25:51,927 basehttp 20160 11324 "GET /media/letters/documents/2026/03/test_HqAfShh.docx HTTP/1.1" 200 0
INFO 2026-03-29 17:29:30,174 basehttp 20160 11324 "GET /letters/12/edit/ HTTP/1.1" 200 65466
INFO 2026-03-29 17:29:32,901 basehttp 20160 11324 "GET /letters/12/edit/ HTTP/1.1" 200 65466
INFO 2026-03-29 17:29:34,329 basehttp 20160 11324 "GET /letters/12/edit/ HTTP/1.1" 200 65466
INFO 2026-03-29 17:33:14,029 basehttp 20160 16016 "GET /letters/12/edit/ HTTP/1.1" 200 66682
INFO 2026-03-29 17:33:19,842 basehttp 20160 16016 "GET /letters/12/edit/ HTTP/1.1" 200 66682
INFO 2026-03-29 17:38:43,513 basehttp 20160 17780 "GET /letters/12/edit/ HTTP/1.1" 200 66681
INFO 2026-03-29 17:38:49,173 basehttp 20160 17780 "GET /letters/12/edit/ HTTP/1.1" 200 66980
INFO 2026-03-29 17:38:59,173 basehttp 20160 17780 "POST /letters/12/edit/ HTTP/1.1" 200 66974
INFO 2026-03-29 17:39:04,761 basehttp 20160 17780 "POST /letters/12/edit/ HTTP/1.1" 200 66974
INFO 2026-03-29 17:39:07,455 basehttp 20160 17780 "GET /letters/ HTTP/1.1" 200 52571
INFO 2026-03-29 17:39:10,735 basehttp 20160 17780 "GET /letters/12/edit/ HTTP/1.1" 200 66980
INFO 2026-03-29 17:39:27,118 basehttp 20160 17780 "GET /letters/12/edit/ HTTP/1.1" 200 66980
INFO 2026-03-29 17:39:28,589 basehttp 20160 17780 "GET /letters/12/edit/ HTTP/1.1" 200 66980
INFO 2026-03-29 17:39:29,906 basehttp 20160 17780 "GET /letters/12/edit/ HTTP/1.1" 200 66980
ERROR 2026-03-29 17:39:32,780 basehttp 20160 17780 "GET /letters/12/ HTTP/1.1" 500 220848
INFO 2026-03-29 17:40:52,756 basehttp 20160 17780 "GET /letters/create/facs/ HTTP/1.1" 200 72805
INFO 2026-03-29 17:40:55,220 basehttp 20160 17780 "GET /letters/create/facs/ HTTP/1.1" 200 72805
INFO 2026-03-29 17:41:01,701 basehttp 20160 17780 "GET /letters/create/facs/ HTTP/1.1" 200 72805
INFO 2026-03-29 17:41:03,415 basehttp 20160 17780 "GET /letters/create/facs/ HTTP/1.1" 200 72805
INFO 2026-03-29 17:41:15,529 basehttp 20160 17780 "GET /letters/create/facs/ HTTP/1.1" 200 72805
INFO 2026-03-29 17:41:24,171 basehttp 20160 17780 "GET /letters/create/facs/ HTTP/1.1" 200 72805
INFO 2026-03-29 17:41:54,723 basehttp 20160 17780 "GET /letters/12/edit/ HTTP/1.1" 200 66681
INFO 2026-03-29 17:43:34,591 basehttp 20160 17780 "GET /letters/12/edit/ HTTP/1.1" 200 62996
INFO 2026-03-29 17:43:37,024 basehttp 20160 17780 "GET /letters/12/edit/ HTTP/1.1" 200 62996
INFO 2026-03-29 17:46:32,824 basehttp 20160 17780 "POST /letters/12/edit/ HTTP/1.1" 200 62983
INFO 2026-03-29 17:46:37,641 basehttp 20160 17780 "GET /letters/ HTTP/1.1" 200 52568
ERROR 2026-03-29 17:48:22,564 basehttp 20160 17780 "GET /letters/12/ HTTP/1.1" 500 220840
INFO 2026-03-29 17:48:27,554 basehttp 20160 17780 "GET /letters/12/edit/ HTTP/1.1" 200 62993
ERROR 2026-03-29 17:51:05,239 basehttp 20160 17780 "GET /letters/12/ HTTP/1.1" 500 220848
INFO 2026-03-29 17:51:19,029 basehttp 20160 17780 "GET / HTTP/1.1" 200 93249
INFO 2026-03-29 17:51:21,496 basehttp 20160 17780 "GET /letters/create/facs/ HTTP/1.1" 200 72802
INFO 2026-03-29 17:51:23,223 basehttp 20160 17780 "GET /letters/create/artiva/ HTTP/1.1" 200 65760
INFO 2026-03-29 17:51:34,338 basehttp 20160 17780 "GET / HTTP/1.1" 200 93249
INFO 2026-03-29 17:51:37,472 basehttp 20160 17780 "GET /letters/ HTTP/1.1" 200 52568
INFO 2026-03-29 17:51:48,542 basehttp 20160 17780 "GET /letters/ HTTP/1.1" 200 52568
INFO 2026-03-29 17:51:49,701 basehttp 20160 17780 "GET /letters/my-drafts/ HTTP/1.1" 200 55352
INFO 2026-03-29 17:51:50,880 basehttp 20160 17780 "GET /letters/ HTTP/1.1" 200 52568
INFO 2026-03-29 17:51:51,917 basehttp 20160 17780 "GET /letters/my-drafts/ HTTP/1.1" 200 55374
INFO 2026-03-29 17:51:53,034 basehttp 20160 17780 "GET /letters/12/edit/ HTTP/1.1" 200 62993
INFO 2026-03-29 17:52:03,053 basehttp 20160 17780 "GET /letters/12/edit/ HTTP/1.1" 200 62993
WARNING 2026-03-29 17:52:08,220 basehttp 20160 17780 "POST /letters/12/delete/ HTTP/1.1" 404 16327
INFO 2026-03-29 17:52:10,284 basehttp 20160 17780 "GET /letters/my-drafts/ HTTP/1.1" 200 55374
INFO 2026-03-29 17:52:16,915 basehttp 20160 17780 "GET /letters/ HTTP/1.1" 200 52568
INFO 2026-03-29 17:52:18,253 basehttp 20160 17780 "GET /letters/delegated/ HTTP/1.1" 200 35951
INFO 2026-03-29 17:52:21,734 basehttp 20160 17780 "GET / HTTP/1.1" 200 93249
INFO 2026-03-29 17:52:23,035 basehttp 20160 17780 "GET /letters/pending/ HTTP/1.1" 200 31453
INFO 2026-03-29 17:52:24,412 basehttp 20160 17780 "GET /letters/radius/pending/ HTTP/1.1" 200 35170
INFO 2026-03-29 17:52:26,440 basehttp 20160 17780 "GET /letters/sessions/pending/ HTTP/1.1" 200 32862
INFO 2026-03-29 17:52:28,354 basehttp 20160 17780 "GET /letters/client/pending/ HTTP/1.1" 200 32491
INFO 2026-03-29 17:52:31,793 basehttp 20160 17780 "GET /letters/reports/ HTTP/1.1" 200 66916
INFO 2026-03-29 17:52:34,560 basehttp 20160 17780 "GET /letters/audit/ HTTP/1.1" 200 32601
INFO 2026-03-29 17:52:44,113 basehttp 20160 17780 "GET /accounts/users/ HTTP/1.1" 200 53685
INFO 2026-03-29 17:52:47,734 basehttp 20160 17780 - Broken pipe from ('127.0.0.1', 51895)
INFO 2026-03-29 17:52:47,740 basehttp 20160 18276 "GET /accounts/roles/permissions/ HTTP/1.1" 200 123032
INFO 2026-03-29 17:52:49,931 basehttp 20160 18276 "GET /admin/ HTTP/1.1" 200 5540
INFO 2026-03-29 17:52:55,877 basehttp 20160 18276 "GET /letters/create/facs/ HTTP/1.1" 200 72802
INFO 2026-03-29 17:52:57,737 basehttp 20160 18276 "GET /letters/create/artiva/ HTTP/1.1" 200 65760
INFO 2026-03-29 17:53:29,806 basehttp 20160 18276 "GET /letters/12/edit/ HTTP/1.1" 200 59552
INFO 2026-03-29 17:53:33,143 basehttp 20160 18276 "GET /letters/12/edit/ HTTP/1.1" 200 59552
INFO 2026-03-29 17:53:40,179 basehttp 20160 18276 "GET /letters/12/edit/ HTTP/1.1" 200 59552
INFO 2026-03-29 17:53:58,225 basehttp 20160 18276 "GET /letters/12/edit/ HTTP/1.1" 200 62993
INFO 2026-03-29 17:57:40,956 basehttp 20160 18276 "GET /letters/12/edit/ HTTP/1.1" 200 62997
INFO 2026-03-29 18:05:54,788 basehttp 20160 20532 "GET /letters/12/edit/ HTTP/1.1" 200 59556
INFO 2026-03-29 18:06:01,368 basehttp 20160 20532 "GET /letters/12/edit/ HTTP/1.1" 200 59556
INFO 2026-03-29 18:10:35,382 basehttp 20160 20532 "GET /letters/create/facs/ HTTP/1.1" 200 72806
INFO 2026-03-29 18:13:59,145 autoreload 14200 14824 Watching for file changes with StatReloader
INFO 2026-03-29 18:14:56,636 basehttp 14200 2204 "GET /letters/12/edit/ HTTP/1.1" 200 59556
INFO 2026-03-29 18:15:02,338 basehttp 14200 2204 "GET /letters/12/edit/ HTTP/1.1" 200 59556
INFO 2026-03-29 18:15:25,832 basehttp 14200 2204 "GET /letters/12/edit/ HTTP/1.1" 200 59556
INFO 2026-03-29 18:16:04,771 basehttp 14200 2204 "GET /letters/12/edit/ HTTP/1.1" 200 59556
INFO 2026-03-29 18:22:32,937 basehttp 14200 23888 "GET /letters/ HTTP/1.1" 200 52572
INFO 2026-03-29 18:22:36,355 basehttp 14200 23888 "GET /letters/12/edit/ HTTP/1.1" 200 59556
INFO 2026-03-29 18:24:52,459 basehttp 14200 23888 "GET /letters/create/facs/ HTTP/1.1" 200 72806
INFO 2026-03-29 18:24:52,563 basehttp 14200 23888 "GET /static/css/style.css HTTP/1.1" 304 0
INFO 2026-03-29 18:24:52,564 basehttp 14200 16236 "GET /static/js/main.js HTTP/1.1" 304 0
INFO 2026-03-29 18:28:30,242 basehttp 14200 16236 "GET /letters/12/edit/ HTTP/1.1" 200 59556
INFO 2026-03-29 18:28:30,644 basehttp 14200 16236 "GET /static/css/style.css HTTP/1.1" 304 0
INFO 2026-03-29 18:28:30,695 basehttp 14200 23888 "GET /static/js/main.js HTTP/1.1" 304 0
INFO 2026-03-29 18:28:32,175 autoreload 14200 14824 C:\PycharmProjects\letter_portal\apps\letters\views.py changed, reloading.
INFO 2026-03-29 18:28:53,331 autoreload 3712 14324 Watching for file changes with StatReloader
INFO 2026-03-29 18:29:47,217 basehttp 3712 1420 "GET /letters/12/edit/ HTTP/1.1" 200 59862
INFO 2026-03-29 18:29:53,897 basehttp 3712 1420 "GET /letters/12/edit/ HTTP/1.1" 200 59862
INFO 2026-03-29 18:30:06,980 basehttp 3712 1420 "GET /letters/create/facs/ HTTP/1.1" 200 72806
INFO 2026-03-29 18:30:14,948 basehttp 3712 1420 "GET /letters/create/facs/ HTTP/1.1" 200 72806
INFO 2026-03-29 18:30:18,065 basehttp 3712 1420 "GET /letters/my-drafts/ HTTP/1.1" 200 55380
INFO 2026-03-29 18:30:20,503 basehttp 3712 1420 "GET /letters/12/edit/ HTTP/1.1" 200 59862
INFO 2026-03-29 18:31:11,347 basehttp 3712 14728 "GET /letters/12/edit/ HTTP/1.1" 200 59862
INFO 2026-03-29 18:31:20,060 basehttp 3712 14728 "GET /letters/12/edit/ HTTP/1.1" 200 60253
INFO 2026-03-29 18:31:21,336 basehttp 3712 14728 "GET /letters/12/edit/ HTTP/1.1" 200 60253
INFO 2026-03-29 18:31:22,270 basehttp 3712 14728 "GET /letters/12/edit/ HTTP/1.1" 200 60253
INFO 2026-03-29 18:33:05,089 basehttp 3712 14728 "GET /letters/12/edit/ HTTP/1.1" 200 61883
INFO 2026-03-29 18:34:44,911 basehttp 3712 14728 "GET /letters/12/edit/ HTTP/1.1" 200 63668
INFO 2026-03-29 18:35:31,226 autoreload 3712 14324 C:\PycharmProjects\letter_portal\apps\letters\views.py changed, reloading.
INFO 2026-03-29 18:35:43,181 autoreload 22760 20288 Watching for file changes with StatReloader
INFO 2026-03-29 18:36:26,503 autoreload 22760 20288 C:\PycharmProjects\letter_portal\apps\letters\urls.py changed, reloading.
INFO 2026-03-29 18:36:32,752 autoreload 23800 20748 Watching for file changes with StatReloader
INFO 2026-03-29 18:37:18,835 basehttp 23800 18716 "GET /letters/12/edit/ HTTP/1.1" 200 63666
INFO 2026-03-29 18:40:59,898 basehttp 23800 18716 "GET /letters/12/edit/ HTTP/1.1" 200 64919
INFO 2026-03-29 18:41:04,379 basehttp 23800 18716 "GET /letters/12/edit/ HTTP/1.1" 200 64919
INFO 2026-03-29 18:43:15,074 basehttp 23800 18716 "GET /letters/12/edit/ HTTP/1.1" 200 65396
INFO 2026-03-29 18:51:21,746 basehttp 23800 256 "GET /letters/12/edit/ HTTP/1.1" 200 66289
INFO 2026-03-29 18:57:07,741 basehttp 23800 24380 "GET /letters/12/edit/ HTTP/1.1" 200 66115
ERROR 2026-03-29 18:57:39,360 basehttp 23800 24380 "GET /letters/12/ HTTP/1.1" 500 220848
INFO 2026-03-29 18:58:45,750 basehttp 23800 24380 "GET / HTTP/1.1" 200 93253
INFO 2026-03-29 18:58:48,444 basehttp 23800 24380 "GET /letters/create/facs/ HTTP/1.1" 200 72806
INFO 2026-03-29 18:58:59,899 basehttp 23800 24380 "GET /letters/ HTTP/1.1" 200 52572
INFO 2026-03-29 18:59:00,925 basehttp 23800 24380 "GET /letters/my-drafts/ HTTP/1.1" 200 55380
INFO 2026-03-29 18:59:04,191 basehttp 23800 24380 "GET /letters/12/edit/ HTTP/1.1" 200 66115
INFO 2026-03-29 18:59:12,522 basehttp 23800 24380 "GET /letters/3/edit/ HTTP/1.1" 200 66082
INFO 2026-03-29 19:00:07,270 basehttp 23800 24380 "GET /letters/3/edit/ HTTP/1.1" 200 66082
INFO 2026-03-29 19:00:09,117 basehttp 23800 24380 "GET /letters/3/edit/ HTTP/1.1" 200 66260
INFO 2026-03-29 19:00:18,871 basehttp 23800 24380 "GET /letters/3/edit/ HTTP/1.1" 200 66260
INFO 2026-03-29 19:00:19,470 basehttp 23800 24380 "GET /letters/3/edit/ HTTP/1.1" 200 66260
INFO 2026-03-29 19:00:33,610 basehttp 23800 24380 "GET /letters/3/edit/ HTTP/1.1" 200 66260
INFO 2026-03-29 19:00:38,607 basehttp 23800 24380 "GET /letters/3/edit/ HTTP/1.1" 200 66082
INFO 2026-03-29 19:00:50,323 basehttp 23800 24380 "GET /letters/ HTTP/1.1" 200 52572
INFO 2026-03-29 19:01:53,292 basehttp 23800 15152 "GET /letters/ HTTP/1.1" 200 52572
INFO 2026-03-29 19:01:54,550 basehttp 23800 15152 "GET /letters/delegated/ HTTP/1.1" 200 35955
INFO 2026-03-29 19:01:55,474 basehttp 23800 15152 "GET /letters/pending/ HTTP/1.1" 200 31457
INFO 2026-03-29 19:01:56,493 basehttp 23800 15152 "GET /letters/radius/pending/ HTTP/1.1" 200 35174
INFO 2026-03-29 19:01:57,605 basehttp 23800 15152 "GET /letters/sessions/pending/ HTTP/1.1" 200 32866
INFO 2026-03-29 19:01:58,793 basehttp 23800 15152 "GET /letters/client/pending/ HTTP/1.1" 200 32495
INFO 2026-03-29 19:02:00,899 basehttp 23800 15152 "GET /letters/create/facs/ HTTP/1.1" 200 72806
INFO 2026-03-29 19:02:02,999 basehttp 23800 15152 "GET /letters/create/artiva/ HTTP/1.1" 200 65764
INFO 2026-03-29 19:02:07,572 basehttp 23800 15152 "GET /letters/ HTTP/1.1" 200 52572
ERROR 2026-03-29 19:02:11,848 basehttp 23800 15152 "GET /letters/12/ HTTP/1.1" 500 220840
INFO 2026-03-29 19:02:21,211 basehttp 23800 15152 "GET /letters/12/edit/ HTTP/1.1" 200 66115
ERROR 2026-03-29 19:02:26,213 basehttp 23800 15152 "GET /letters/12/ HTTP/1.1" 500 220840
ERROR 2026-03-29 19:04:36,126 basehttp 23800 15152 "GET /letters/12/ HTTP/1.1" 500 208249
ERROR 2026-03-29 19:04:59,558 basehttp 23800 15152 "GET /letters/12/ HTTP/1.1" 500 208249
INFO 2026-03-29 19:05:02,067 basehttp 23800 15152 "GET /letters/12/ HTTP/1.1" 200 42729
INFO 2026-03-29 19:05:22,066 basehttp 23800 15152 "GET /letters/ HTTP/1.1" 200 52572
INFO 2026-03-29 19:05:25,221 basehttp 23800 15152 "GET /letters/4/ HTTP/1.1" 200 42245
INFO 2026-03-29 19:05:44,398 basehttp 23800 15152 "GET /letters/12/ HTTP/1.1" 200 42729
INFO 2026-03-29 19:06:09,514 basehttp 23800 15152 "GET /letters/create/facs/ HTTP/1.1" 200 72806
INFO 2026-03-29 19:06:12,422 basehttp 23800 15152 "GET /letters/ HTTP/1.1" 200 52572
INFO 2026-03-29 19:06:14,540 basehttp 23800 15152 "GET /letters/12/edit/ HTTP/1.1" 200 66115
INFO 2026-03-29 20:47:07,502 basehttp 23800 15648 "GET /letters/pending/ HTTP/1.1" 200 31453
INFO 2026-03-29 20:47:07,814 basehttp 23800 15648 "GET /letters/pending/ HTTP/1.1" 200 31453
INFO 2026-03-29 20:47:07,901 basehttp 23800 6856 - Broken pipe from ('127.0.0.1', 51253)
INFO 2026-03-29 20:47:07,908 basehttp 23800 23732 - Broken pipe from ('127.0.0.1', 57426)
INFO 2026-03-29 20:47:07,915 basehttp 23800 6328 - Broken pipe from ('127.0.0.1', 63289)
INFO 2026-03-29 20:47:07,940 basehttp 23800 19540 - Broken pipe from ('127.0.0.1', 56221)
INFO 2026-03-29 20:47:07,956 basehttp 23800 16236 "GET /static/css/style.css HTTP/1.1" 200 32991
INFO 2026-03-29 20:47:07,993 basehttp 23800 11476 "GET /static/js/main.js HTTP/1.1" 200 2823
INFO 2026-03-29 20:47:08,372 basehttp 23800 16204 "GET /static/css/dashboard.css HTTP/1.1" 200 9437
INFO 2026-03-29 20:47:08,590 basehttp 23800 15648 "GET /static/css/theme.css HTTP/1.1" 200 3294
INFO 2026-03-29 20:47:12,384 basehttp 23800 15648 "GET /letters/radius/pending/ HTTP/1.1" 200 35170
INFO 2026-03-29 20:47:16,392 basehttp 23800 15648 "GET / HTTP/1.1" 200 93249
INFO 2026-03-29 22:20:25,219 basehttp 23800 22852 "GET /letters/create/artiva/ HTTP/1.1" 200 65764
INFO 2026-03-29 22:20:29,253 basehttp 23800 22852 "GET /letters/create/facs/ HTTP/1.1" 200 72806
INFO 2026-03-29 22:20:34,814 basehttp 23800 22852 "GET /letters/create/artiva/ HTTP/1.1" 200 65764
INFO 2026-03-29 22:20:43,115 basehttp 23800 22852 "GET /letters/delegated/ HTTP/1.1" 200 35955
INFO 2026-03-29 22:20:47,358 basehttp 23800 22852 "GET / HTTP/1.1" 200 93253
INFO 2026-03-29 22:20:51,347 basehttp 23800 22852 "GET /letters/create/facs/ HTTP/1.1" 200 72806
INFO 2026-03-29 22:20:52,836 basehttp 23800 22852 "GET /letters/my-drafts/ HTTP/1.1" 200 55388
INFO 2026-03-29 22:20:55,204 basehttp 23800 22852 "GET /letters/ HTTP/1.1" 200 52572
INFO 2026-03-29 22:20:57,562 basehttp 23800 22852 "GET /letters/12/edit/ HTTP/1.1" 200 66115
INFO 2026-03-29 22:26:09,913 basehttp 23800 15956 "GET /letters/ HTTP/1.1" 200 52572
INFO 2026-03-29 22:38:40,759 basehttp 23800 22532 "GET / HTTP/1.1" 200 93252
INFO 2026-03-29 22:38:44,602 basehttp 23800 22532 "GET /letters/ HTTP/1.1" 200 52571
INFO 2026-03-29 22:38:48,510 basehttp 23800 22532 "GET /letters/12/edit/ HTTP/1.1" 200 66114
INFO 2026-03-30 01:25:38,621 autoreload 19844 20788 Watching for file changes with StatReloader
INFO 2026-03-30 01:25:42,198 basehttp 19844 19476 "GET / HTTP/1.1" 302 0
INFO 2026-03-30 01:25:43,720 basehttp 19844 19476 "GET /accounts/login/?next=/ HTTP/1.1" 200 10179
INFO 2026-03-30 01:25:43,846 basehttp 19844 19476 "GET /static/css/login.css HTTP/1.1" 304 0
INFO 2026-03-30 01:25:43,856 basehttp 19844 19476 "GET /static/css/style.css HTTP/1.1" 304 0
INFO 2026-03-30 01:25:43,866 basehttp 19844 19476 "GET /static/js/main.js HTTP/1.1" 304 0
WARNING 2026-03-30 01:25:44,302 basehttp 19844 19476 "GET /favicon.ico HTTP/1.1" 404 4756
INFO 2026-03-30 01:26:08,473 basehttp 19844 19476 "POST /accounts/login/ HTTP/1.1" 302 0
INFO 2026-03-30 01:26:14,641 basehttp 19844 19476 "GET / HTTP/1.1" 200 93761
INFO 2026-03-30 01:34:12,632 autoreload 19844 20788 C:\PycharmProjects\letter_portal\apps\letters\forms.py changed, reloading.
INFO 2026-03-30 01:34:19,893 autoreload 17772 17184 Watching for file changes with StatReloader
INFO 2026-03-30 01:38:14,428 autoreload 17772 17184 C:\PycharmProjects\letter_portal\apps\letters\forms.py changed, reloading.
INFO 2026-03-30 01:38:19,858 autoreload 21324 14464 Watching for file changes with StatReloader
INFO 2026-03-30 01:39:35,104 basehttp 21324 17324 "GET /letters/create/facs/ HTTP/1.1" 200 72810
INFO 2026-03-30 01:39:35,181 basehttp 21324 17324 "GET /static/css/theme.css HTTP/1.1" 304 0
INFO 2026-03-30 01:39:35,182 basehttp 21324 20532 "GET /static/css/dashboard.css HTTP/1.1" 304 0
INFO 2026-03-30 01:39:38,069 basehttp 21324 20532 "GET /letters/ HTTP/1.1" 200 52576
INFO 2026-03-30 01:39:40,176 basehttp 21324 20532 "GET /letters/12/edit/ HTTP/1.1" 200 66119
INFO 2026-03-30 01:39:52,459 basehttp 21324 20532 "GET /letters/12/ HTTP/1.1" 200 42733
INFO 2026-03-30 01:40:02,184 basehttp 21324 20532 "GET /letters/12/ HTTP/1.1" 200 42733
ERROR 2026-03-30 01:42:26,924 basehttp 21324 20532 "GET /letters/12/edit/ HTTP/1.1" 500 209523
INFO 2026-03-30 01:42:31,752 basehttp 21324 20532 "GET /letters/ HTTP/1.1" 200 52576
ERROR 2026-03-30 01:42:34,570 basehttp 21324 20532 "GET /letters/12/edit/ HTTP/1.1" 500 209386
ERROR 2026-03-30 01:43:18,026 basehttp 21324 20532 "GET /letters/12/edit/ HTTP/1.1" 500 208003
WARNING 2026-03-30 01:43:31,919 basehttp 21324 20532 "GET /.well-known/appspecific/com.chrome.devtools.json HTTP/1.1" 404 4867
INFO 2026-03-30 01:43:49,993 basehttp 21324 20532 "GET /letters/ HTTP/1.1" 200 52576
WARNING 2026-03-30 01:43:50,200 basehttp 21324 20532 "GET /.well-known/appspecific/com.chrome.devtools.json HTTP/1.1" 404 4867
INFO 2026-03-30 01:44:29,480 basehttp 21324 20532 "GET /letters/12/ HTTP/1.1" 200 42733
INFO 2026-03-30 01:44:34,156 basehttp 21324 20532 "GET /letters/12/approval-management/ HTTP/1.1" 200 41360
INFO 2026-03-30 01:44:44,967 basehttp 21324 21460 "POST /letters/12/update-radius-approval/ HTTP/1.1" 302 0
INFO 2026-03-30 01:44:45,099 basehttp 21324 20532 - Broken pipe from ('127.0.0.1', 50162)
INFO 2026-03-30 01:44:45,281 basehttp 21324 21460 "GET /letters/12/approval-management/ HTTP/1.1" 200 41858
INFO 2026-03-30 01:45:05,914 basehttp 21324 21460 "GET /letters/12/cco/final/ HTTP/1.1" 200 34628
INFO 2026-03-30 01:45:25,103 basehttp 21324 21460 "POST /letters/12/cco/final/ HTTP/1.1" 302 0
INFO 2026-03-30 01:45:25,204 basehttp 21324 21460 "GET /letters/ HTTP/1.1" 200 52840
INFO 2026-03-30 01:46:56,028 basehttp 21324 21460 - Broken pipe from ('127.0.0.1', 61858)
ERROR 2026-03-30 01:46:56,335 basehttp 21324 18036 "POST /letters/12/cco/final/ HTTP/1.1" 500 214491
INFO 2026-03-30 01:47:08,772 basehttp 21324 18036 "GET /letters/12/cco/final/ HTTP/1.1" 200 34616
INFO 2026-03-30 01:47:14,726 basehttp 21324 18036 "GET /letters/ HTTP/1.1" 200 52319
INFO 2026-03-30 01:47:19,951 basehttp 21324 18036 "GET /letters/12/ HTTP/1.1" 200 42679
INFO 2026-03-30 01:47:52,434 basehttp 21324 18036 "GET /letters/12/approval-management/ HTTP/1.1" 200 41315
INFO 2026-03-30 01:48:11,147 basehttp 21324 18036 "GET / HTTP/1.1" 200 93221
INFO 2026-03-30 01:48:16,410 basehttp 21324 18036 "GET /letters/create/artiva/ HTTP/1.1" 200 65714
INFO 2026-03-30 01:48:18,157 basehttp 21324 18036 "GET /letters/ HTTP/1.1" 200 52319
INFO 2026-03-30 01:48:19,374 basehttp 21324 18036 "GET /letters/delegated/ HTTP/1.1" 200 35905
INFO 2026-03-30 01:48:20,380 basehttp 21324 18036 "GET /letters/pending/ HTTP/1.1" 200 31407
INFO 2026-03-30 01:48:21,490 basehttp 21324 18036 "GET /letters/radius/pending/ HTTP/1.1" 200 35124
INFO 2026-03-30 01:49:59,642 basehttp 21324 18036 "GET / HTTP/1.1" 200 93222
INFO 2026-03-30 01:50:01,243 basehttp 21324 18036 "GET /letters/radius/pending/ HTTP/1.1" 200 35125
INFO 2026-03-30 01:50:04,418 basehttp 21324 18036 "GET /letters/sessions/pending/ HTTP/1.1" 200 32817
INFO 2026-03-30 01:50:05,848 basehttp 21324 18036 "GET /letters/client/pending/ HTTP/1.1" 200 32446
INFO 2026-03-30 01:50:07,785 basehttp 21324 18036 "GET /letters/pending/ HTTP/1.1" 200 31408
INFO 2026-03-30 01:50:09,458 basehttp 21324 18036 "GET /letters/radius/pending/ HTTP/1.1" 200 35125
INFO 2026-03-30 01:50:10,131 basehttp 21324 18036 "GET /letters/sessions/pending/ HTTP/1.1" 200 32817
INFO 2026-03-30 01:50:10,750 basehttp 21324 18036 "GET /letters/client/pending/ HTTP/1.1" 200 32446
INFO 2026-03-30 01:50:12,126 basehttp 21324 18036 "GET /letters/audit/ HTTP/1.1" 200 32556
INFO 2026-03-30 01:50:19,641 basehttp 21324 18036 "GET /letters/create/facs/ HTTP/1.1" 200 72757
INFO 2026-03-30 01:51:36,713 basehttp 21324 18036 "POST /letters/create/facs/ HTTP/1.1" 200 73805
INFO 2026-03-30 01:51:45,456 basehttp 21324 18036 "GET /letters/ HTTP/1.1" 200 52320
ERROR 2026-03-30 01:51:55,182 basehttp 21324 18036 "GET /letters/1/edit/ HTTP/1.1" 500 207793
INFO 2026-03-30 01:52:04,411 basehttp 21324 18036 "GET /letters/create/facs/ HTTP/1.1" 200 72757
INFO 2026-03-30 01:52:56,580 basehttp 21324 18036 "POST /letters/create/facs/ HTTP/1.1" 200 73805
INFO 2026-03-30 01:53:00,814 basehttp 21324 18036 "GET /letters/ HTTP/1.1" 200 52320
INFO 2026-03-30 01:53:07,633 basehttp 21324 18036 "GET /letters/create/facs/ HTTP/1.1" 200 72757
INFO 2026-03-30 01:53:56,793 basehttp 21324 18036 "POST /letters/create/facs/ HTTP/1.1" 200 73805
INFO 2026-03-30 01:54:23,053 basehttp 21324 18036 "GET /letters/ HTTP/1.1" 200 52320
INFO 2026-03-30 01:54:25,534 basehttp 21324 18036 "GET /letters/12/ HTTP/1.1" 200 42680
INFO 2026-03-30 01:54:58,373 basehttp 21324 18036 "GET /letters/12/ HTTP/1.1" 200 42683
INFO 2026-03-30 01:55:00,843 basehttp 21324 18036 "GET /letters/12/ HTTP/1.1" 200 42683
INFO 2026-03-30 01:55:02,703 basehttp 21324 18036 "GET /letters/12/ HTTP/1.1" 200 42683
INFO 2026-03-30 01:55:06,338 basehttp 21324 18036 "GET /letters/12/ HTTP/1.1" 200 42683
INFO 2026-03-30 01:55:09,229 basehttp 21324 18036 "GET /letters/my-drafts/ HTTP/1.1" 200 53954
INFO 2026-03-30 01:55:13,001 basehttp 21324 18036 "GET /letters/radius/pending/ HTTP/1.1" 200 35128
INFO 2026-03-30 01:55:16,423 basehttp 21324 18036 "GET /letters/client/pending/ HTTP/1.1" 200 32449
INFO 2026-03-30 01:55:18,513 basehttp 21324 18036 "GET / HTTP/1.1" 200 93225
INFO 2026-03-30 01:55:19,388 basehttp 21324 18036 "GET /letters/delegated/ HTTP/1.1" 200 35909
INFO 2026-03-30 01:55:20,847 basehttp 21324 18036 "GET / HTTP/1.1" 200 93225
INFO 2026-03-30 01:55:25,383 basehttp 21324 18036 "GET /letters/create/facs/ HTTP/1.1" 200 72761
INFO 2026-03-30 01:56:33,389 basehttp 21324 18036 "GET /letters/create/facs/ HTTP/1.1" 200 72747
INFO 2026-03-30 01:56:42,206 basehttp 21324 18036 "GET / HTTP/1.1" 200 93212
INFO 2026-03-30 01:56:46,278 basehttp 21324 18036 "GET /letters/completed/ HTTP/1.1" 200 31334
ERROR 2026-03-30 01:56:56,053 basehttp 21324 18036 "GET /letters/1/artiva/ HTTP/1.1" 500 212270
INFO 2026-03-30 01:57:01,122 basehttp 21324 18036 "GET /letters/9/facs/ HTTP/1.1" 200 46244
ERROR 2026-03-30 01:57:51,922 basehttp 21324 12636 "GET /letters/9/edit/ HTTP/1.1" 500 204953
ERROR 2026-03-30 01:58:33,698 basehttp 21324 12636 "GET /letters/9/edit/ HTTP/1.1" 500 205090
ERROR 2026-03-30 01:58:37,978 basehttp 21324 12636 "GET /letters/9/edit/ HTTP/1.1" 500 205090
ERROR 2026-03-30 01:58:43,753 basehttp 21324 12636 "GET /letters/9/edit/ HTTP/1.1" 500 205090
ERROR 2026-03-30 01:58:48,660 basehttp 21324 12636 "GET /letters/9/edit/ HTTP/1.1" 500 204953
ERROR 2026-03-30 01:59:05,450 basehttp 21324 12636 "GET /letters/3/artiva/ HTTP/1.1" 500 214766
INFO 2026-03-30 01:59:24,586 basehttp 21324 12636 "GET /letters/12/facs/ HTTP/1.1" 200 46382
ERROR 2026-03-30 01:59:28,966 basehttp 21324 12636 "GET /letters/4/artiva/ HTTP/1.1" 500 214766
INFO 2026-03-30 01:59:36,038 basehttp 21324 12636 "GET /letters/ HTTP/1.1" 200 52311
INFO 2026-03-30 01:59:39,439 basehttp 21324 12636 "GET /letters/2/ HTTP/1.1" 200 42187
INFO 2026-03-30 02:00:09,623 basehttp 21324 12636 "POST /accounts/logout/ HTTP/1.1" 302 0
INFO 2026-03-30 02:00:09,649 basehttp 21324 12636 "GET /accounts/login/ HTTP/1.1" 200 10179
INFO 2026-03-30 02:03:43,542 basehttp 21324 12636 "GET /accounts/login/ HTTP/1.1" 200 10189
INFO 2026-03-30 02:04:04,757 basehttp 21324 12636 "POST /accounts/login/ HTTP/1.1" 302 0
INFO 2026-03-30 02:04:06,457 basehttp 21324 12636 "GET / HTTP/1.1" 200 93738
INFO 2026-03-30 02:04:22,005 basehttp 21324 12636 "GET /letters/12/facs/ HTTP/1.1" 200 46404
ERROR 2026-03-30 02:04:29,550 basehttp 21324 12636 "GET /letters/4/artiva/ HTTP/1.1" 500 214766
INFO 2026-03-30 02:05:12,211 basehttp 21324 12636 "GET /letters/create/facs/ HTTP/1.1" 200 72770
INFO 2026-03-30 02:06:03,153 basehttp 21324 12636 "GET /letters/pending/ HTTP/1.1" 200 31421
INFO 2026-03-30 02:06:49,515 basehttp 21324 12636 "GET / HTTP/1.1" 200 93235
INFO 2026-03-30 02:09:45,264 basehttp 21324 12636 "GET / HTTP/1.1" 200 93234
INFO 2026-03-30 02:09:48,588 basehttp 21324 12636 "GET / HTTP/1.1" 200 93234
INFO 2026-03-30 02:09:51,360 basehttp 21324 12636 "GET / HTTP/1.1" 200 93234
INFO 2026-03-30 02:10:07,209 basehttp 21324 12636 "GET / HTTP/1.1" 200 93242
INFO 2026-03-30 02:11:50,929 basehttp 21324 12636 "GET / HTTP/1.1" 200 93239
INFO 2026-03-30 02:11:53,165 basehttp 21324 12636 "GET / HTTP/1.1" 200 93239
INFO 2026-03-30 02:13:00,002 basehttp 21324 12636 "GET / HTTP/1.1" 200 93301
INFO 2026-03-30 02:13:03,550 basehttp 21324 12636 "GET / HTTP/1.1" 200 93301
INFO 2026-03-30 02:13:13,545 basehttp 21324 12636 "GET / HTTP/1.1" 200 93294
INFO 2026-03-30 02:13:16,005 basehttp 21324 12636 "GET / HTTP/1.1" 200 93294
INFO 2026-03-30 02:13:25,679 basehttp 21324 12636 "GET / HTTP/1.1" 200 93294
INFO 2026-03-30 02:13:29,017 basehttp 21324 12636 "GET / HTTP/1.1" 200 93301
INFO 2026-03-30 02:14:02,456 basehttp 21324 12636 "GET / HTTP/1.1" 200 93293
INFO 2026-03-30 02:14:15,810 basehttp 21324 12636 "GET / HTTP/1.1" 200 93244
INFO 2026-03-30 02:15:06,904 basehttp 21324 12636 "GET / HTTP/1.1" 200 93308
INFO 2026-03-30 02:15:09,923 basehttp 21324 12636 "GET / HTTP/1.1" 200 93308
INFO 2026-03-30 02:15:21,630 basehttp 21324 12636 "GET / HTTP/1.1" 200 93308
INFO 2026-03-30 02:15:24,413 basehttp 21324 12636 "GET / HTTP/1.1" 200 93297
INFO 2026-03-30 02:15:36,424 basehttp 21324 12636 "GET / HTTP/1.1" 200 93244
INFO 2026-03-30 02:16:23,699 basehttp 21324 12636 "GET / HTTP/1.1" 200 93244
INFO 2026-03-30 02:19:51,979 basehttp 21324 12636 "GET /letters/9/facs/ HTTP/1.1" 200 46275
INFO 2026-03-30 02:20:07,479 basehttp 21324 12636 "GET / HTTP/1.1" 200 93244
INFO 2026-03-30 02:20:10,243 basehttp 21324 12636 "GET /letters/reports/ HTTP/1.1" 200 66893
INFO 2026-03-30 02:20:17,649 basehttp 21324 12636 "GET /letters/audit/ HTTP/1.1" 200 32578
INFO 2026-03-30 02:20:21,732 basehttp 21324 12636 "GET /accounts/users/ HTTP/1.1" 200 53662
INFO 2026-03-30 02:20:41,278 basehttp 21324 12636 "GET / HTTP/1.1" 200 93244
INFO 2026-03-30 02:21:05,462 basehttp 21324 12636 "GET / HTTP/1.1" 200 93244
INFO 2026-03-30 02:21:14,185 basehttp 21324 12636 "POST /accounts/logout/ HTTP/1.1" 302 0
INFO 2026-03-30 02:21:14,205 basehttp 21324 12636 "GET /accounts/login/ HTTP/1.1" 200 10189
INFO 2026-04-02 21:34:35,106 autoreload 18336 20832 Watching for file changes with StatReloader
INFO 2026-04-02 21:37:24,127 autoreload 18336 20832 C:\PycharmProjects\letter_portal\apps\accounts\urls.py changed, reloading.
INFO 2026-04-02 21:37:29,334 autoreload 23276 17960 Watching for file changes with StatReloader
INFO 2026-04-02 21:37:33,275 basehttp 23276 22284 "GET / HTTP/1.1" 302 0
INFO 2026-04-02 21:37:33,864 basehttp 23276 22284 "GET /accounts/login/?next=/ HTTP/1.1" 200 10189
INFO 2026-04-02 21:37:33,933 basehttp 23276 20188 "GET /static/css/dashboard.css HTTP/1.1" 304 0
INFO 2026-04-02 21:37:33,934 basehttp 23276 22284 "GET /static/css/style.css HTTP/1.1" 304 0
INFO 2026-04-02 21:37:33,959 basehttp 23276 19588 "GET /static/js/main.js HTTP/1.1" 304 0
INFO 2026-04-02 21:37:34,133 basehttp 23276 22284 "GET /static/css/login.css HTTP/1.1" 304 0
INFO 2026-04-02 21:37:34,133 basehttp 23276 19588 "GET /static/css/theme.css HTTP/1.1" 304 0
WARNING 2026-04-02 21:37:35,213 basehttp 23276 19588 "GET /favicon.ico HTTP/1.1" 404 4756
INFO 2026-04-02 21:37:52,355 basehttp 23276 19588 "POST /accounts/login/ HTTP/1.1" 302 0
INFO 2026-04-02 21:37:53,333 basehttp 23276 19588 "GET / HTTP/1.1" 200 93771
INFO 2026-04-02 21:37:58,683 basehttp 23276 19588 "POST /accounts/logout/ HTTP/1.1" 302 0
INFO 2026-04-02 21:37:58,700 basehttp 23276 19588 "GET /accounts/login/ HTTP/1.1" 200 10189
INFO 2026-04-02 21:38:13,064 basehttp 23276 19588 "POST /accounts/login/ HTTP/1.1" 302 0
INFO 2026-04-02 21:38:13,602 basehttp 23276 19588 "GET / HTTP/1.1" 200 93771
INFO 2026-04-02 21:41:29,542 basehttp 23276 19588 "POST /accounts/logout/ HTTP/1.1" 302 0
INFO 2026-04-02 21:41:29,670 basehttp 23276 19588 "GET /accounts/login/ HTTP/1.1" 200 10189
INFO 2026-04-02 22:13:53,754 basehttp 23276 18620 "GET /accounts/login/ HTTP/1.1" 200 10189
INFO 2026-04-03 22:56:12,211 autoreload 11912 20920 Watching for file changes with StatReloader
INFO 2026-04-03 22:56:18,703 basehttp 11912 20508 "GET / HTTP/1.1" 302 0
INFO 2026-04-03 22:56:19,532 basehttp 11912 20508 "GET /accounts/login/?next=/ HTTP/1.1" 200 10189
INFO 2026-04-03 22:56:22,482 basehttp 11912 20508 "GET /static/css/style.css HTTP/1.1" 304 0
INFO 2026-04-03 22:56:22,533 basehttp 11912 14636 "GET /static/css/theme.css HTTP/1.1" 304 0
INFO 2026-04-03 22:56:22,577 basehttp 11912 20508 "GET /static/css/login.css HTTP/1.1" 304 0
INFO 2026-04-03 22:56:22,610 basehttp 11912 21288 "GET /static/js/main.js HTTP/1.1" 304 0
INFO 2026-04-03 22:56:22,660 basehttp 11912 19148 "GET /static/css/dashboard.css HTTP/1.1" 304 0
WARNING 2026-04-03 22:56:23,608 basehttp 11912 19148 "GET /favicon.ico HTTP/1.1" 404 4756
INFO 2026-04-03 22:56:45,604 basehttp 11912 19148 "POST /accounts/login/ HTTP/1.1" 302 0
INFO 2026-04-03 22:56:46,887 basehttp 11912 19148 "GET / HTTP/1.1" 200 93769
INFO 2026-04-03 22:56:57,860 basehttp 11912 19148 "POST /accounts/logout/ HTTP/1.1" 302 0
INFO 2026-04-03 22:56:57,911 basehttp 11912 19148 "GET /accounts/login/ HTTP/1.1" 200 10189
INFO 2026-04-03 23:00:53,210 basehttp 11912 23340 "POST /accounts/login/ HTTP/1.1" 302 0
INFO 2026-04-03 23:00:54,526 basehttp 11912 23340 "GET / HTTP/1.1" 200 93769
INFO 2026-04-03 23:01:03,176 basehttp 11912 23340 "GET /letters/create/facs/ HTTP/1.1" 200 72802
INFO 2026-04-03 23:48:39,574 basehttp 11912 10868 "GET /letters/ HTTP/1.1" 200 52365
INFO 2026-04-03 23:48:42,121 basehttp 11912 10868 "GET /letters/12/ HTTP/1.1" 200 42725
INFO 2026-04-03 23:48:49,820 basehttp 11912 10868 "GET /letters/ HTTP/1.1" 200 52365
ERROR 2026-04-03 23:48:53,593 basehttp 11912 10868 "GET /letters/11/edit/ HTTP/1.1" 500 208607
INFO 2026-04-03 23:49:00,781 basehttp 11912 10868 "GET /letters/my-drafts/ HTTP/1.1" 200 53935
ERROR 2026-04-03 23:49:03,634 basehttp 11912 10868 "GET /letters/11/edit/ HTTP/1.1" 500 208617
INFO 2026-04-03 23:49:12,863 basehttp 11912 10868 "GET /letters/ HTTP/1.1" 200 52365
INFO 2026-04-03 23:49:16,105 basehttp 11912 10868 "GET /letters/4/ HTTP/1.1" 200 42241
INFO 2026-04-03 23:49:27,809 basehttp 11912 10868 "GET /letters/my-drafts/ HTTP/1.1" 200 53935
INFO 2026-04-03 23:49:30,807 basehttp 11912 10868 "GET /letters/delegated/ HTTP/1.1" 200 35951
INFO 2026-04-03 23:49:32,345 basehttp 11912 10868 "GET /letters/pending/ HTTP/1.1" 200 31453
INFO 2026-04-03 23:49:33,350 basehttp 11912 10868 "GET /letters/radius/pending/ HTTP/1.1" 200 35170
INFO 2026-04-03 23:49:34,426 basehttp 11912 10868 "GET /letters/client/pending/ HTTP/1.1" 200 32491
INFO 2026-04-03 23:49:35,432 basehttp 11912 10868 "GET /letters/sessions/pending/ HTTP/1.1" 200 32862
INFO 2026-04-03 23:49:37,475 basehttp 11912 10868 "GET /letters/reports/ HTTP/1.1" 200 66914
INFO 2026-04-04 00:48:36,583 basehttp 11912 22028 "GET / HTTP/1.1" 200 93267
INFO 2026-04-04 00:48:40,904 basehttp 11912 22028 - Broken pipe from ('127.0.0.1', 56746)
INFO 2026-04-04 00:48:41,120 basehttp 11912 15312 "GET /letters/create/artiva/ HTTP/1.1" 200 65761
INFO 2026-04-04 00:48:50,111 basehttp 11912 15312 "GET /letters/ HTTP/1.1" 200 52366
INFO 2026-04-04 00:48:53,212 basehttp 11912 15312 "GET /letters/12/ HTTP/1.1" 200 42726
INFO 2026-04-04 00:49:03,336 basehttp 11912 15312 "GET / HTTP/1.1" 200 93267
INFO 2026-04-04 00:49:05,853 basehttp 11912 15312 "GET /letters/completed/ HTTP/1.1" 200 31390
INFO 2026-04-04 00:49:10,294 basehttp 11912 15312 "GET /letters/12/versions/ HTTP/1.1" 200 33591
INFO 2026-04-04 00:49:22,889 basehttp 11912 15312 "GET / HTTP/1.1" 200 93267
INFO 2026-04-04 00:49:25,185 basehttp 11912 15312 "GET /letters/completed/ HTTP/1.1" 200 31390
INFO 2026-04-04 00:49:31,621 basehttp 11912 15312 "GET /letters/12/ HTTP/1.1" 200 42726
INFO 2026-04-04 00:49:45,846 basehttp 11912 15312 "GET /letters/12/versions/ HTTP/1.1" 200 33591
INFO 2026-04-04 00:49:51,964 basehttp 11912 15312 "GET /letters/my-drafts/ HTTP/1.1" 200 53941
INFO 2026-04-04 00:49:57,786 basehttp 11912 15312 "GET /letters/12/ HTTP/1.1" 200 42726
INFO 2026-04-04 00:50:02,013 basehttp 11912 15312 "GET /letters/12/ HTTP/1.1" 200 42726
INFO 2026-04-04 00:50:04,674 basehttp 11912 15312 "GET /letters/12/ HTTP/1.1" 200 42726
INFO 2026-04-04 00:50:08,073 basehttp 11912 15312 "GET /accounts/notifications/ HTTP/1.1" 200 72074
INFO 2026-04-04 00:50:19,272 basehttp 11912 15312 "GET / HTTP/1.1" 200 93267
INFO 2026-04-04 00:50:46,198 basehttp 11912 15312 "GET /letters/create/facs/ HTTP/1.1" 200 72803
INFO 2026-04-04 00:50:49,223 basehttp 11912 15312 "GET /letters/ HTTP/1.1" 200 52366
INFO 2026-04-04 00:53:32,141 basehttp 11912 15312 "GET /letters/pending/ HTTP/1.1" 200 31454
INFO 2026-04-04 00:53:34,001 basehttp 11912 15312 "GET /letters/my-drafts/ HTTP/1.1" 200 53941
INFO 2026-04-04 00:53:35,398 basehttp 11912 15312 "GET /letters/delegated/ HTTP/1.1" 200 35952
INFO 2026-04-04 00:53:36,858 basehttp 11912 15312 "GET /letters/my-drafts/ HTTP/1.1" 200 53941
ERROR 2026-04-04 00:53:43,848 basehttp 11912 15312 "GET /letters/4/edit/ HTTP/1.1" 500 205721
INFO 2026-04-06 15:03:33,973 autoreload 21664 18044 Watching for file changes with StatReloader
INFO 2026-04-06 15:03:44,624 basehttp 21664 18360 "GET / HTTP/1.1" 302 0
INFO 2026-04-06 15:03:45,343 basehttp 21664 18360 "GET /accounts/login/?next=/ HTTP/1.1" 200 10189
INFO 2026-04-06 15:03:45,439 basehttp 21664 18360 "GET /static/js/main.js HTTP/1.1" 304 0
INFO 2026-04-06 15:03:45,450 basehttp 21664 18360 "GET /static/css/style.css HTTP/1.1" 304 0
INFO 2026-04-06 15:03:45,451 basehttp 21664 18644 "GET /static/css/dashboard.css HTTP/1.1" 304 0
INFO 2026-04-06 15:03:45,704 basehttp 21664 21884 "GET /static/css/login.css HTTP/1.1" 304 0
INFO 2026-04-06 15:03:45,707 basehttp 21664 20936 "GET /static/css/theme.css HTTP/1.1" 304 0
WARNING 2026-04-06 15:03:46,221 basehttp 21664 20936 "GET /favicon.ico HTTP/1.1" 404 4756
INFO 2026-04-06 15:04:04,357 basehttp 21664 10624 "POST /accounts/login/ HTTP/1.1" 302 0
INFO 2026-04-06 15:04:05,187 basehttp 21664 10624 "GET / HTTP/1.1" 200 93723
INFO 2026-04-06 15:04:10,785 basehttp 21664 10624 "GET /letters/create/facs/ HTTP/1.1" 200 72756
INFO 2026-04-06 15:04:14,251 basehttp 21664 10624 "GET /letters/ HTTP/1.1" 200 52319
INFO 2026-04-06 15:04:18,742 basehttp 21664 10624 "GET /letters/create/facs/ HTTP/1.1" 200 72756
INFO 2026-04-06 15:05:19,992 basehttp 21664 10624 "POST /letters/create/facs/ HTTP/1.1" 302 0
INFO 2026-04-06 15:05:20,029 basehttp 21664 10624 "GET /letters/13/submit/ HTTP/1.1" 302 0
ERROR 2026-04-06 15:05:20,758 basehttp 21664 10624 "GET /letters/13/facs/ HTTP/1.1" 500 276875
INFO 2026-04-06 16:33:12,478 autoreload 21664 18044 C:\PycharmProjects\letter_portal\apps\letters\views.py changed, reloading.
INFO 2026-04-06 16:33:32,128 autoreload 12964 12080 Watching for file changes with StatReloader
INFO 2026-04-06 16:34:05,662 autoreload 12964 12080 C:\PycharmProjects\letter_portal\apps\letters\views.py changed, reloading.
INFO 2026-04-06 16:34:13,265 autoreload 2452 1444 Watching for file changes with StatReloader
INFO 2026-04-06 16:37:34,842 autoreload 2452 1444 C:\PycharmProjects\letter_portal\apps\letters\views.py changed, reloading.
INFO 2026-04-06 16:37:42,920 autoreload 21700 20948 Watching for file changes with StatReloader
INFO 2026-04-06 16:37:46,118 basehttp 21700 16952 "GET /letters/13/facs/ HTTP/1.1" 200 46444
INFO 2026-04-06 16:38:01,839 basehttp 21700 16952 "GET /letters/create/facs/ HTTP/1.1" 200 72826
INFO 2026-04-06 16:38:03,638 basehttp 21700 16952 "GET /letters/ HTTP/1.1" 200 53537
ERROR 2026-04-06 16:38:12,149 basehttp 21700 16952 "GET /letters/13/edit/ HTTP/1.1" 500 207380
ERROR 2026-04-06 16:39:08,084 basehttp 21700 16952 "GET /letters/13/edit/ HTTP/1.1" 500 207517
ERROR 2026-04-06 16:39:12,820 basehttp 21700 16952 "GET /letters/13/edit/ HTTP/1.1" 500 207517
INFO 2026-04-06 16:39:25,858 basehttp 21700 16952 "GET /letters/12/ HTTP/1.1" 200 46638
INFO 2026-04-06 16:39:36,246 basehttp 21700 16952 "GET /letters/13/ HTTP/1.1" 200 46444
INFO 2026-04-06 16:39:52,638 basehttp 21700 16952 "GET /letters/create/facs/ HTTP/1.1" 200 72826
INFO 2026-04-06 16:39:54,973 basehttp 21700 16952 "GET /letters/ HTTP/1.1" 200 53537
INFO 2026-04-06 16:40:01,398 basehttp 21700 16952 "GET / HTTP/1.1" 200 93292
INFO 2026-04-06 16:40:07,615 basehttp 21700 16952 "GET /letters/create/facs/ HTTP/1.1" 200 72826
INFO 2026-04-06 16:41:11,063 basehttp 21700 16952 "POST /letters/create/facs/ HTTP/1.1" 302 0
INFO 2026-04-06 16:41:11,139 basehttp 21700 16952 "GET /letters/14/submit/ HTTP/1.1" 302 0
INFO 2026-04-06 16:41:11,255 basehttp 21700 16952 "GET /letters/14/facs/ HTTP/1.1" 200 47714
INFO 2026-04-06 16:41:41,287 basehttp 21700 16952 "GET /letters/ HTTP/1.1" 200 54699
INFO 2026-04-06 16:42:10,129 basehttp 21700 16952 "GET /letters/create/facs/ HTTP/1.1" 200 72840
INFO 2026-04-06 16:43:11,363 basehttp 21700 16952 "POST /letters/create/facs/ HTTP/1.1" 302 0
INFO 2026-04-06 16:43:11,395 basehttp 21700 16952 "GET /letters/15/submit/ HTTP/1.1" 302 0
INFO 2026-04-06 16:43:11,482 basehttp 21700 16952 "GET /letters/15/facs/ HTTP/1.1" 200 47704
INFO 2026-04-06 16:43:55,838 basehttp 21700 16952 "GET / HTTP/1.1" 200 93299
INFO 2026-04-06 16:44:10,997 basehttp 21700 16952 "GET /letters/ HTTP/1.1" 200 55837
INFO 2026-04-06 16:44:14,340 basehttp 21700 16952 "GET /letters/create/facs/ HTTP/1.1" 200 72826
INFO 2026-04-06 16:49:30,582 autoreload 21700 20948 C:\PycharmProjects\letter_portal\apps\letters\views.py changed, reloading.
INFO 2026-04-06 16:49:44,321 autoreload 14060 21968 Watching for file changes with StatReloader
INFO 2026-04-06 16:51:22,756 autoreload 14060 21968 C:\PycharmProjects\letter_portal\apps\letters\views.py changed, reloading.
INFO 2026-04-06 16:51:26,170 autoreload 2356 12580 Watching for file changes with StatReloader
INFO 2026-04-06 16:54:14,866 autoreload 2356 12580 C:\PycharmProjects\letter_portal\apps\letters\views.py changed, reloading.
INFO 2026-04-06 16:54:20,256 autoreload 18016 20360 Watching for file changes with StatReloader
INFO 2026-04-06 16:54:22,318 basehttp 18016 2720 "GET /letters/ HTTP/1.1" 200 55842
INFO 2026-04-06 16:54:25,357 basehttp 18016 2720 "GET /letters/create/facs/ HTTP/1.1" 200 72835
INFO 2026-04-06 16:55:34,403 basehttp 18016 2720 "POST /letters/create/facs/ HTTP/1.1" 302 0
INFO 2026-04-06 16:55:34,486 basehttp 18016 2720 "GET /letters/16/submit/ HTTP/1.1" 302 0
INFO 2026-04-06 16:55:34,599 basehttp 18016 2720 "GET /letters/16/facs/ HTTP/1.1" 200 48390
INFO 2026-04-06 16:55:52,774 basehttp 18016 2720 "GET /letters/create/facs/ HTTP/1.1" 200 72882
INFO 2026-04-06 16:55:55,757 basehttp 18016 2720 "GET /letters/ HTTP/1.1" 200 56853
INFO 2026-04-06 16:56:03,920 basehttp 18016 2720 "GET /letters/16/ HTTP/1.1" 200 47355
INFO 2026-04-06 16:56:10,375 basehttp 18016 2720 "GET /letters/16/ HTTP/1.1" 200 47355
ERROR 2026-04-06 16:56:20,859 basehttp 18016 2720 "POST /letters/24/radius/approve/ HTTP/1.1" 500 237732
INFO 2026-04-06 16:56:30,902 basehttp 18016 2720 "GET /letters/16/approval-management/ HTTP/1.1" 200 40383
INFO 2026-04-06 16:56:49,672 basehttp 18016 2720 "GET /letters/16/ HTTP/1.1" 200 47360
INFO 2026-04-06 16:56:58,131 basehttp 18016 2720 "GET /letters/create/facs/ HTTP/1.1" 200 72876
INFO 2026-04-06 16:57:07,852 basehttp 18016 2720 "GET / HTTP/1.1" 200 93399
INFO 2026-04-06 16:57:13,436 basehttp 18016 2720 "GET /letters/radius/pending/ HTTP/1.1" 200 36380
INFO 2026-04-06 16:57:23,591 basehttp 18016 2720 "GET / HTTP/1.1" 200 93398
ERROR 2026-04-06 16:57:33,022 basehttp 18016 2720 "GET /letters/4/artiva/ HTTP/1.1" 500 216772
INFO 2026-04-06 16:57:38,485 basehttp 18016 2720 "GET / HTTP/1.1" 200 93401
INFO 2026-04-06 16:57:39,603 basehttp 18016 2720 "GET /letters/ HTTP/1.1" 200 56849
INFO 2026-04-06 16:58:08,088 basehttp 18016 2720 "GET / HTTP/1.1" 200 93401
INFO 2026-04-06 16:58:10,754 basehttp 18016 2720 "GET /letters/ HTTP/1.1" 200 56849
INFO 2026-04-06 16:58:12,702 basehttp 18016 2720 "GET /letters/create/facs/ HTTP/1.1" 200 72878
INFO 2026-04-06 16:58:18,525 basehttp 18016 2720 "GET /letters/create/artiva/ HTTP/1.1" 200 65836
INFO 2026-04-06 16:58:23,249 basehttp 18016 2720 "GET /letters/ HTTP/1.1" 200 56850
INFO 2026-04-06 16:58:31,861 basehttp 18016 2720 "GET /letters/ HTTP/1.1" 200 56850
INFO 2026-04-06 16:58:34,366 basehttp 18016 2720 "GET /letters/create/artiva/ HTTP/1.1" 200 65837
INFO 2026-04-06 16:59:25,140 basehttp 18016 2720 "POST /letters/create/artiva/ HTTP/1.1" 302 0
INFO 2026-04-06 16:59:25,250 basehttp 18016 2720 "GET /letters/5/submit/ HTTP/1.1" 302 0
INFO 2026-04-06 16:59:25,378 basehttp 18016 2720 "GET /letters/5/facs/ HTTP/1.1" 200 48403
INFO 2026-04-06 16:59:34,882 basehttp 18016 2720 "GET / HTTP/1.1" 200 95250
ERROR 2026-04-06 16:59:42,787 basehttp 18016 2720 "GET /letters/pending/ HTTP/1.1" 500 219344
INFO 2026-04-06 16:59:48,850 basehttp 18016 2720 "GET /letters/create/artiva/ HTTP/1.1" 200 65855
INFO 2026-04-06 17:00:31,707 basehttp 18016 2720 "POST /letters/create/artiva/ HTTP/1.1" 302 0
INFO 2026-04-06 17:00:31,834 basehttp 18016 2720 "GET /letters/6/submit/ HTTP/1.1" 302 0
INFO 2026-04-06 17:00:31,940 basehttp 18016 2720 "GET /letters/6/facs/ HTTP/1.1" 200 48403
INFO 2026-04-06 17:07:05,685 autoreload 18016 20360 C:\PycharmProjects\letter_portal\apps\letters\views.py changed, reloading.
INFO 2026-04-06 17:07:15,251 autoreload 5492 12300 Watching for file changes with StatReloader
INFO 2026-04-06 17:08:24,397 autoreload 5492 12300 C:\PycharmProjects\letter_portal\apps\letters\views.py changed, reloading.
INFO 2026-04-06 17:08:41,956 autoreload 16236 10732 Watching for file changes with StatReloader
INFO 2026-04-06 17:09:31,578 autoreload 16236 10732 C:\PycharmProjects\letter_portal\apps\letters\views.py changed, reloading.
INFO 2026-04-06 17:09:41,302 autoreload 6572 2396 Watching for file changes with StatReloader
INFO 2026-04-06 17:11:56,354 autoreload 6572 2396 C:\PycharmProjects\letter_portal\apps\letters\views.py changed, reloading.
INFO 2026-04-06 17:12:06,352 autoreload 14844 20920 Watching for file changes with StatReloader
INFO 2026-04-06 17:13:21,792 basehttp 14844 20984 "GET / HTTP/1.1" 200 96145
ERROR 2026-04-06 17:13:25,154 basehttp 14844 20984 "GET /letters/pending/ HTTP/1.1" 500 227022
INFO 2026-04-06 17:13:29,395 basehttp 14844 20984 "GET /letters/ HTTP/1.1" 200 58807
INFO 2026-04-06 17:13:36,706 basehttp 14844 20984 "GET /letters/6/ HTTP/1.1" 200 47371
INFO 2026-04-06 17:13:39,797 basehttp 14844 20984 "GET /letters/ HTTP/1.1" 200 58807
INFO 2026-04-06 17:38:09,127 autoreload 14844 20920 C:\PycharmProjects\letter_portal\apps\letters\views.py changed, reloading.
INFO 2026-04-06 17:38:15,795 autoreload 9832 2804 Watching for file changes with StatReloader
INFO 2026-04-06 17:39:03,485 autoreload 9832 2804 C:\PycharmProjects\letter_portal\apps\letters\views.py changed, reloading.
INFO 2026-04-06 17:39:09,884 autoreload 4636 21056 Watching for file changes with StatReloader
INFO 2026-04-06 17:39:13,355 basehttp 4636 12888 "GET /letters/create/artiva/ HTTP/1.1" 200 65860
INFO 2026-04-06 17:39:15,673 basehttp 4636 12888 "GET /letters/ HTTP/1.1" 200 58807
INFO 2026-04-06 17:39:19,095 basehttp 4636 12888 "GET /letters/create/artiva/ HTTP/1.1" 200 65860
INFO 2026-04-06 17:39:24,986 basehttp 4636 12888 "GET /letters/ HTTP/1.1" 200 58807
INFO 2026-04-06 17:39:37,315 basehttp 4636 12888 "GET /letters/ HTTP/1.1" 200 58807
INFO 2026-04-06 17:39:39,654 basehttp 4636 12888 "GET /letters/create/artiva/ HTTP/1.1" 200 65860
INFO 2026-04-06 17:41:09,245 basehttp 4636 12888 "POST /letters/create/artiva/ HTTP/1.1" 302 0
INFO 2026-04-06 17:41:09,359 basehttp 4636 12888 "GET /letters/7/submit/ HTTP/1.1" 302 0
INFO 2026-04-06 17:41:09,481 basehttp 4636 12888 "GET /letters/7/facs/ HTTP/1.1" 200 48409
INFO 2026-04-06 17:41:26,132 basehttp 4636 12888 "GET / HTTP/1.1" 200 97056
INFO 2026-04-06 17:41:30,348 basehttp 4636 12888 "GET /letters/ HTTP/1.1" 200 59769
INFO 2026-04-06 17:54:54,598 basehttp 4636 18124 "GET /letters/ HTTP/1.1" 200 59774
ERROR 2026-04-06 17:54:56,949 basehttp 4636 18124 "GET /letters/15/ HTTP/1.1" 500 262622
ERROR 2026-04-06 17:55:03,053 basehttp 4636 18124 "GET /letters/16/ HTTP/1.1" 500 263038
INFO 2026-04-06 17:55:10,888 basehttp 4636 18124 "GET /letters/ HTTP/1.1" 200 59774
ERROR 2026-04-06 17:55:17,725 basehttp 4636 18124 "GET /letters/7/edit/ HTTP/1.1" 500 208343
ERROR 2026-04-06 17:55:22,952 basehttp 4636 18124 "GET /letters/7/ HTTP/1.1" 500 262995
INFO 2026-04-06 17:55:30,909 basehttp 4636 18124 "GET /letters/ HTTP/1.1" 200 59774
ERROR 2026-04-06 17:55:37,409 basehttp 4636 18124 "GET /letters/7/ HTTP/1.1" 500 262995
ERROR 2026-04-06 17:55:45,809 basehttp 4636 18124 "GET /letters/7/ HTTP/1.1" 500 262995
ERROR 2026-04-06 17:57:12,116 basehttp 4636 18124 "GET /letters/7/ HTTP/1.1" 500 262995
ERROR 2026-04-06 17:58:54,073 basehttp 4636 18124 "GET /letters/7/ HTTP/1.1" 500 262995
ERROR 2026-04-06 17:59:01,003 basehttp 4636 18124 "GET /letters/5/ HTTP/1.1" 500 262995
ERROR 2026-04-06 17:59:06,958 basehttp 4636 18124 "GET /letters/15/ HTTP/1.1" 500 262622
ERROR 2026-04-06 18:00:31,474 basehttp 4636 18124 "GET /letters/7/ HTTP/1.1" 500 262995
ERROR 2026-04-06 18:00:47,686 basehttp 4636 18124 "GET /letters/7/ HTTP/1.1" 500 262995
ERROR 2026-04-06 18:01:17,607 basehttp 4636 18124 "GET /letters/16/ HTTP/1.1" 500 263038
INFO 2026-04-06 18:05:47,417 autoreload 4636 21056 C:\PycharmProjects\letter_portal\apps\letters\views.py changed, reloading.
INFO 2026-04-06 18:05:55,342 autoreload 17628 15900 Watching for file changes with StatReloader
INFO 2026-04-06 18:06:06,068 autoreload 17628 15900 C:\PycharmProjects\letter_portal\apps\letters\views.py changed, reloading.
INFO 2026-04-06 18:06:16,127 autoreload 16596 788 Watching for file changes with StatReloader
INFO 2026-04-06 18:06:31,693 autoreload 16596 788 C:\PycharmProjects\letter_portal\apps\letters\views.py changed, reloading.
INFO 2026-04-06 18:06:34,565 autoreload 18920 15324 Watching for file changes with StatReloader
INFO 2026-04-06 18:09:03,476 basehttp 18920 20580 "GET /letters/16/ HTTP/1.1" 200 47726
INFO 2026-04-06 18:09:07,048 basehttp 18920 20580 - Broken pipe from ('127.0.0.1', 60517)
INFO 2026-04-06 18:09:07,075 basehttp 18920 21408 "GET /letters/ HTTP/1.1" 200 69220
INFO 2026-04-06 18:09:13,044 basehttp 18920 21408 "GET /letters/7/artiva/ HTTP/1.1" 200 41847
INFO 2026-04-06 18:09:19,298 basehttp 18920 21408 "GET /letters/16/facs/ HTTP/1.1" 200 47726
INFO 2026-04-06 18:09:23,439 basehttp 18920 21408 "GET /letters/6/artiva/ HTTP/1.1" 200 41847
ERROR 2026-04-06 18:10:00,925 basehttp 18920 21408 "GET /letters/7/edit/ HTTP/1.1" 500 208343
INFO 2026-04-06 18:10:05,064 basehttp 18920 21408 "GET /letters/7/artiva/ HTTP/1.1" 200 41847
INFO 2026-04-06 18:10:24,493 basehttp 18920 21408 "GET /letters/7/approval-management/ HTTP/1.1" 200 40141
INFO 2026-04-06 18:10:34,401 basehttp 18920 21408 "GET /letters/ HTTP/1.1" 200 69220
INFO 2026-04-06 18:10:39,943 basehttp 18920 21408 "GET /letters/16/facs/ HTTP/1.1" 200 47726
INFO 2026-04-06 18:10:51,179 basehttp 18920 21408 "GET /letters/7/artiva/ HTTP/1.1" 200 41847
INFO 2026-04-06 18:10:55,147 basehttp 18920 21408 "GET /letters/6/artiva/ HTTP/1.1" 200 41847
INFO 2026-04-06 18:10:58,143 basehttp 18920 21408 "GET /letters/7/artiva/ HTTP/1.1" 200 41847
INFO 2026-04-06 18:11:03,882 basehttp 18920 21408 "GET /letters/4/facs/ HTTP/1.1" 200 46642
ERROR 2026-04-06 18:11:09,473 basehttp 18920 21408 "GET /letters/7/edit/ HTTP/1.1" 500 208343
ERROR 2026-04-06 18:11:46,439 basehttp 18920 21408 "GET /letters/15/edit/ HTTP/1.1" 500 209012
INFO 2026-04-06 18:52:44,457 basehttp 18920 21764 "GET /letters/15/edit/ HTTP/1.1" 200 66320
INFO 2026-04-06 18:52:56,340 basehttp 18920 21764 "GET /letters/ HTTP/1.1" 200 69265
INFO 2026-04-06 18:52:58,455 basehttp 18920 21764 "GET /letters/6/edit/ HTTP/1.1" 200 66284
INFO 2026-04-06 18:53:01,514 basehttp 18920 21764 "GET /letters/ HTTP/1.1" 200 69265
INFO 2026-04-06 18:53:05,517 basehttp 18920 21764 "GET /letters/15/edit/ HTTP/1.1" 200 66320
INFO 2026-04-06 18:53:08,396 basehttp 18920 21764 "GET /letters/ HTTP/1.1" 200 69265
INFO 2026-04-06 18:53:10,674 basehttp 18920 21764 "GET /letters/7/edit/ HTTP/1.1" 200 66288
INFO 2026-04-06 18:54:32,461 basehttp 18920 21764 "GET /letters/ HTTP/1.1" 200 69265
INFO 2026-04-06 18:55:25,086 basehttp 18920 21764 "GET /letters/6/edit/ HTTP/1.1" 200 66284
INFO 2026-04-06 18:56:01,337 basehttp 18920 21764 "GET /letters/5/artiva/ HTTP/1.1" 200 41887
INFO 2026-04-06 19:00:11,642 autoreload 18920 15324 C:\PycharmProjects\letter_portal\apps\letters\views.py changed, reloading.
INFO 2026-04-06 19:00:29,251 autoreload 11628 11824 Watching for file changes with StatReloader
INFO 2026-04-06 19:01:27,295 basehttp 11628 19816 "GET /letters/ HTTP/1.1" 200 69265
INFO 2026-04-06 19:01:29,330 basehttp 11628 19816 "GET /letters/7/edit/ HTTP/1.1" 200 66288
INFO 2026-04-06 19:02:03,295 basehttp 11628 19816 "GET /letters/ HTTP/1.1" 200 69265
INFO 2026-04-06 19:02:10,574 basehttp 11628 19732 "GET /letters/15/edit/ HTTP/1.1" 200 66320
INFO 2026-04-06 19:02:15,544 basehttp 11628 19732 "GET /letters/7/edit/ HTTP/1.1" 200 66288
INFO 2026-04-06 19:02:20,414 basehttp 11628 19732 "GET /letters/ HTTP/1.1" 200 69265
INFO 2026-04-06 19:02:23,573 basehttp 11628 19732 "GET /letters/5/edit/ HTTP/1.1" 200 66284
INFO 2026-04-06 19:02:27,205 basehttp 11628 19732 "GET /letters/ HTTP/1.1" 200 69265
INFO 2026-04-06 19:02:48,277 basehttp 11628 19732 "GET /letters/ HTTP/1.1" 200 69265
INFO 2026-04-06 19:04:40,172 basehttp 11628 19732 "GET /letters/ HTTP/1.1" 200 69265
INFO 2026-04-06 19:04:43,340 basehttp 11628 19732 "GET /letters/7/edit/ HTTP/1.1" 200 66288
INFO 2026-04-06 19:08:46,836 basehttp 11628 19732 "GET /letters/ HTTP/1.1" 200 81627
INFO 2026-04-06 19:09:17,317 basehttp 11628 19732 "GET /letters/7/edit/ HTTP/1.1" 200 66288
INFO 2026-04-06 19:09:34,319 basehttp 11628 19732 "GET /letters/ HTTP/1.1" 200 81627
INFO 2026-04-06 19:09:39,078 basehttp 11628 19732 "GET /letters/ HTTP/1.1" 200 69265
INFO 2026-04-06 19:09:41,542 basehttp 11628 19732 "GET /letters/ HTTP/1.1" 200 69265
INFO 2026-04-06 19:10:26,626 basehttp 11628 19732 "GET /letters/ HTTP/1.1" 200 81627
INFO 2026-04-06 19:10:28,417 basehttp 11628 19732 "GET /letters/ HTTP/1.1" 200 81627
INFO 2026-04-06 19:10:29,890 basehttp 11628 19732 "GET /letters/ HTTP/1.1" 200 81627
INFO 2026-04-06 19:10:33,428 basehttp 11628 19732 "GET /letters/ HTTP/1.1" 200 81627
INFO 2026-04-06 19:10:35,796 basehttp 11628 19732 "GET /letters/ HTTP/1.1" 200 81627
INFO 2026-04-06 19:10:39,251 basehttp 11628 19732 "GET /letters/7/edit/ HTTP/1.1" 200 66288
INFO 2026-04-06 19:11:17,201 basehttp 11628 19732 "GET /letters/ HTTP/1.1" 200 81627
INFO 2026-04-06 19:11:31,635 basehttp 11628 19732 "GET /letters/7/edit/ HTTP/1.1" 200 66288
INFO 2026-04-06 19:11:36,561 basehttp 11628 19732 "GET /letters/ HTTP/1.1" 200 81627
INFO 2026-04-06 19:11:41,423 basehttp 11628 19732 "GET /letters/1/facs/ HTTP/1.1" 200 46686
INFO 2026-04-06 19:11:48,932 basehttp 11628 19732 "GET /letters/2/edit/ HTTP/1.1" 200 66548
INFO 2026-04-06 19:11:56,121 basehttp 11628 19732 "GET /letters/7/edit/ HTTP/1.1" 200 66288
INFO 2026-04-06 19:12:09,277 basehttp 11628 19732 "GET /letters/create/facs/ HTTP/1.1" 200 72947
INFO 2026-04-06 19:12:11,519 basehttp 11628 19732 "GET /letters/ HTTP/1.1" 200 81627
INFO 2026-04-06 19:12:14,194 basehttp 11628 19732 - Broken pipe from ('127.0.0.1', 62168)
INFO 2026-04-06 19:12:14,272 basehttp 11628 20716 "GET /letters/11/edit/ HTTP/1.1" 200 66307
INFO 2026-04-06 19:13:50,791 autoreload 11628 11824 C:\PycharmProjects\letter_portal\apps\letters\views.py changed, reloading.
INFO 2026-04-06 19:14:06,621 autoreload 16048 17172 Watching for file changes with StatReloader
INFO 2026-04-06 19:14:12,031 basehttp 16048 11856 "GET /letters/ HTTP/1.1" 200 81626
INFO 2026-04-06 19:14:14,645 basehttp 16048 11856 "GET /letters/7/edit/ HTTP/1.1" 200 66288
INFO 2026-04-06 19:14:26,802 basehttp 16048 11856 "GET /letters/3/edit/ HTTP/1.1" 200 66287
INFO 2026-04-06 19:14:42,341 basehttp 16048 11856 "GET /letters/8/edit/ HTTP/1.1" 200 66277
INFO 2026-04-06 19:14:48,834 basehttp 16048 11856 "GET /letters/4/edit/ HTTP/1.1" 200 66273
INFO 2026-04-06 19:16:00,427 basehttp 16048 11856 "GET /letters/5/edit/ HTTP/1.1" 200 66284
INFO 2026-04-06 19:17:56,587 autoreload 17140 11824 Watching for file changes with StatReloader
INFO 2026-04-06 19:18:18,395 basehttp 17140 12020 "GET /letters/ HTTP/1.1" 200 81626
INFO 2026-04-06 19:18:20,648 basehttp 17140 12020 "GET /letters/7/edit/ HTTP/1.1" 200 66288
INFO 2026-04-06 19:19:18,664 autoreload 17140 11824 C:\PycharmProjects\letter_portal\apps\letters\views.py changed, reloading.
INFO 2026-04-06 19:19:28,438 autoreload 16224 22172 Watching for file changes with StatReloader
INFO 2026-04-06 19:19:35,622 basehttp 16224 6092 "GET /letters/7/edit/ HTTP/1.1" 200 66288
INFO 2026-04-06 19:20:05,378 autoreload 13196 20052 Watching for file changes with StatReloader
INFO 2026-04-06 19:20:06,462 basehttp 13196 16748 "GET /letters/6/edit/ HTTP/1.1" 200 66284
INFO 2026-04-06 19:20:09,372 basehttp 13196 16748 "GET /letters/ HTTP/1.1" 200 81626
INFO 2026-04-06 19:20:16,085 basehttp 13196 16748 "GET /letters/7/edit/ HTTP/1.1" 200 66288
INFO 2026-04-06 19:56:51,231 basehttp 13196 16824 "GET / HTTP/1.1" 200 97111
INFO 2026-04-06 19:57:10,461 basehttp 13196 16824 "GET /letters/7/artiva/ HTTP/1.1" 200 41897
INFO 2026-04-06 19:57:33,057 basehttp 13196 16824 "GET /letters/ HTTP/1.1" 200 81631
INFO 2026-04-06 19:57:39,604 basehttp 13196 16824 "GET /letters/ HTTP/1.1" 200 81631
INFO 2026-04-06 20:02:14,752 basehttp 13196 17088 "GET /letters/15/edit/ HTTP/1.1" 200 66325
INFO 2026-04-06 20:13:37,337 basehttp 13196 23368 - Broken pipe from ('127.0.0.1', 51340)
INFO 2026-04-06 20:13:37,369 basehttp 13196 17324 "GET /letters/ HTTP/1.1" 200 81631
INFO 2026-04-06 20:14:07,673 basehttp 13196 17324 "GET /letters/7/artiva/ HTTP/1.1" 200 41897
INFO 2026-04-06 20:14:17,667 basehttp 13196 17324 "GET /letters/16/facs/ HTTP/1.1" 200 47776
INFO 2026-04-06 20:14:26,013 basehttp 13196 17324 "GET /letters/7/edit/ HTTP/1.1" 200 66293
INFO 2026-04-06 20:14:35,151 basehttp 13196 17324 "GET /letters/7/edit/ HTTP/1.1" 200 66293
INFO 2026-04-06 20:26:04,886 autoreload 19452 19100 Watching for file changes with StatReloader
INFO 2026-04-06 20:26:24,918 basehttp 19452 17284 "GET /letters/ HTTP/1.1" 200 83139
INFO 2026-04-06 20:26:27,034 basehttp 19452 17284 "GET /letters/7/edit/artiva/ HTTP/1.1" 200 60066
INFO 2026-04-06 20:26:49,808 basehttp 19452 17284 "GET /letters/15/edit/facs/ HTTP/1.1" 200 64293
INFO 2026-04-06 20:27:05,533 basehttp 19452 17284 "GET /letters/7/edit/artiva/ HTTP/1.1" 200 60066
INFO 2026-04-06 20:27:15,660 basehttp 19452 17284 "GET /letters/11/edit/facs/ HTTP/1.1" 200 64293
INFO 2026-04-06 20:27:19,414 basehttp 19452 17284 "GET /letters/7/edit/artiva/ HTTP/1.1" 200 60066
INFO 2026-04-06 20:31:05,215 basehttp 19452 17284 "GET /letters/7/edit/artiva/ HTTP/1.1" 200 60066
INFO 2026-04-06 20:31:08,504 autoreload 19452 19100 C:\PycharmProjects\letter_portal\apps\letters\views.py changed, reloading.
INFO 2026-04-06 20:31:32,022 autoreload 20664 19432 Watching for file changes with StatReloader
INFO 2026-04-06 20:31:42,044 basehttp 20664 21820 "GET /letters/7/edit/artiva/ HTTP/1.1" 200 62129
INFO 2026-04-06 20:32:00,279 basehttp 20664 21820 "GET /letters/7/edit/artiva/ HTTP/1.1" 200 62129
INFO 2026-04-06 20:33:47,924 basehttp 20664 23056 "GET /letters/ HTTP/1.1" 200 83139
INFO 2026-04-06 20:33:51,458 basehttp 20664 23056 "GET /letters/15/edit/facs/ HTTP/1.1" 200 66325
INFO 2026-04-06 20:35:49,733 basehttp 20664 23056 "GET /letters/15/edit/facs/ HTTP/1.1" 200 66325
INFO 2026-04-06 20:35:53,759 basehttp 20664 23056 "GET /letters/15/edit/facs/ HTTP/1.1" 200 66325
INFO 2026-04-06 20:36:55,367 basehttp 20664 23056 "GET /letters/15/edit/facs/ HTTP/1.1" 200 66474
INFO 2026-04-06 20:36:59,047 basehttp 20664 23056 "GET /letters/ HTTP/1.1" 200 83139
INFO 2026-04-06 20:37:01,268 basehttp 20664 23056 "GET /letters/7/edit/artiva/ HTTP/1.1" 200 62346
INFO 2026-04-06 20:38:13,911 basehttp 20664 23056 "GET /letters/11/edit/facs/ HTTP/1.1" 200 67519
INFO 2026-04-06 20:38:17,533 basehttp 20664 23056 "GET /letters/11/edit/facs/ HTTP/1.1" 200 67519
INFO 2026-04-06 20:38:18,675 basehttp 20664 23056 "GET /letters/11/edit/facs/ HTTP/1.1" 200 67519
INFO 2026-04-06 20:39:48,722 basehttp 20664 23056 "GET /letters/ HTTP/1.1" 200 83139
INFO 2026-04-06 20:39:50,395 basehttp 20664 23056 "GET /letters/7/artiva/ HTTP/1.1" 200 41897
INFO 2026-04-06 20:39:53,136 basehttp 20664 23056 "GET /letters/ HTTP/1.1" 200 83139
INFO 2026-04-06 20:39:54,474 basehttp 20664 23056 "GET /letters/7/edit/artiva/ HTTP/1.1" 200 62346
INFO 2026-04-06 20:40:15,748 basehttp 20664 23056 "GET / HTTP/1.1" 200 97111
INFO 2026-04-06 20:40:17,968 basehttp 20664 23056 "GET /letters/ HTTP/1.1" 200 83139
INFO 2026-04-06 20:40:20,784 basehttp 20664 23056 "GET /letters/7/edit/artiva/ HTTP/1.1" 200 62346
INFO 2026-04-06 20:40:33,639 basehttp 20664 23056 "GET /letters/7/artiva/ HTTP/1.1" 200 41897
INFO 2026-04-06 20:40:41,001 basehttp 20664 23056 - Broken pipe from ('127.0.0.1', 56070)
INFO 2026-04-06 20:40:41,162 basehttp 20664 20692 "GET /letters/ HTTP/1.1" 200 83139
INFO 2026-04-06 20:40:44,442 basehttp 20664 20692 "GET /letters/7/edit/artiva/ HTTP/1.1" 200 62346
INFO 2026-04-06 20:40:48,075 basehttp 20664 20692 "GET /letters/7/artiva/ HTTP/1.1" 200 41897
INFO 2026-04-06 20:40:55,084 basehttp 20664 20692 "GET /letters/ HTTP/1.1" 200 83139
INFO 2026-04-06 20:41:02,089 basehttp 20664 20692 "GET /letters/7/edit/artiva/ HTTP/1.1" 200 62346
INFO 2026-04-06 20:41:04,668 basehttp 20664 20692 "GET /letters/7/artiva/ HTTP/1.1" 200 41897
INFO 2026-04-06 20:41:07,759 basehttp 20664 20692 "GET /letters/ HTTP/1.1" 200 83139
INFO 2026-04-06 20:41:11,213 basehttp 20664 20692 "GET /letters/7/artiva/ HTTP/1.1" 200 41832
INFO 2026-04-06 20:41:15,930 basehttp 20664 20692 "GET /letters/ HTTP/1.1" 200 83074
INFO 2026-04-06 20:41:18,169 basehttp 20664 20692 "GET /letters/5/artiva/ HTTP/1.1" 200 41827
INFO 2026-04-06 20:41:22,812 basehttp 20664 20692 "GET /letters/ HTTP/1.1" 200 83074
INFO 2026-04-06 20:41:24,629 basehttp 20664 20692 "GET /letters/7/edit/artiva/ HTTP/1.1" 200 62281
INFO 2026-04-06 20:41:28,706 basehttp 20664 20692 "GET /letters/7/artiva/ HTTP/1.1" 200 41832
INFO 2026-04-06 20:43:14,508 basehttp 20664 20692 "GET / HTTP/1.1" 200 97106
INFO 2026-04-06 20:43:16,496 basehttp 20664 20692 "GET /letters/ HTTP/1.1" 200 83134
INFO 2026-04-06 20:43:24,978 basehttp 20664 20692 "GET / HTTP/1.1" 200 97106
INFO 2026-04-06 20:43:26,472 basehttp 20664 20692 "GET /letters/create/facs/ HTTP/1.1" 200 72947
INFO 2026-04-06 20:44:43,858 basehttp 20664 18768 "GET /letters/ HTTP/1.1" 200 83134
INFO 2026-04-06 21:46:02,952 basehttp 20664 19816 "GET /letters/ HTTP/1.1" 200 83134
INFO 2026-04-06 21:46:05,919 basehttp 20664 19816 "GET /letters/7/edit/artiva/ HTTP/1.1" 200 62341
INFO 2026-04-06 21:53:07,895 basehttp 20664 14784 "GET /letters/7/edit/artiva/ HTTP/1.1" 200 62205
INFO 2026-04-06 21:53:34,680 basehttp 20664 14784 "GET /letters/7/edit/artiva/ HTTP/1.1" 200 62205
INFO 2026-04-06 21:53:36,946 basehttp 20664 14784 "GET /letters/7/edit/artiva/ HTTP/1.1" 200 62346
INFO 2026-04-06 21:53:39,947 basehttp 20664 14784 "GET /letters/7/artiva/ HTTP/1.1" 200 41897
INFO 2026-04-06 21:53:53,432 basehttp 20664 14784 "GET /letters/7/edit/artiva/ HTTP/1.1" 200 62346
INFO 2026-04-06 21:54:43,449 basehttp 20664 14784 "GET /letters/7/edit/artiva/ HTTP/1.1" 200 62270
INFO 2026-04-06 21:54:46,065 basehttp 20664 14784 "GET /letters/7/edit/artiva/ HTTP/1.1" 200 62270
INFO 2026-04-06 21:54:47,297 basehttp 20664 14784 "GET /letters/7/edit/artiva/ HTTP/1.1" 200 62270
INFO 2026-04-06 21:54:48,781 basehttp 20664 14784 "GET /letters/ HTTP/1.1" 200 83139
INFO 2026-04-06 21:54:51,549 basehttp 20664 14784 "GET /letters/7/edit/artiva/ HTTP/1.1" 200 62270
INFO 2026-04-06 21:54:54,242 basehttp 20664 14784 "GET /letters/ HTTP/1.1" 200 83139
INFO 2026-04-06 21:54:57,606 basehttp 20664 14784 "GET /letters/15/edit/facs/ HTTP/1.1" 200 66474
INFO 2026-04-06 21:55:03,063 basehttp 20664 14784 "GET /letters/15/facs/ HTTP/1.1" 200 47276
INFO 2026-04-06 21:55:40,888 basehttp 20664 14784 "GET /letters/15/edit/facs/ HTTP/1.1" 200 66399
INFO 2026-04-06 21:55:43,636 basehttp 20664 14784 "GET /letters/ HTTP/1.1" 200 83139
INFO 2026-04-06 21:55:46,800 basehttp 20664 14784 "GET /letters/7/edit/artiva/ HTTP/1.1" 200 62270
INFO 2026-04-06 21:55:50,527 basehttp 20664 14784 "GET /letters/ HTTP/1.1" 200 83139
INFO 2026-04-06 21:56:05,365 basehttp 20664 14784 "GET /letters/7/edit/artiva/ HTTP/1.1" 200 62270
INFO 2026-04-06 21:59:16,200 basehttp 20664 14784 "GET /letters/7/edit/artiva/ HTTP/1.1" 200 62270
INFO 2026-04-06 21:59:17,215 autoreload 20664 19432 C:\PycharmProjects\letter_portal\apps\letters\views.py changed, reloading.
INFO 2026-04-06 21:59:44,382 autoreload 17684 16252 Watching for file changes with StatReloader
INFO 2026-04-06 22:04:14,422 basehttp 17684 10108 "GET /letters/7/edit/artiva/ HTTP/1.1" 200 62270
INFO 2026-04-06 22:05:31,442 autoreload 17684 16252 C:\PycharmProjects\letter_portal\apps\letters\views.py changed, reloading.
INFO 2026-04-06 22:05:37,193 autoreload 21060 23044 Watching for file changes with StatReloader
INFO 2026-04-06 22:05:39,098 basehttp 21060 6892 "GET /letters/7/edit/artiva/ HTTP/1.1" 200 62270
INFO 2026-04-06 22:05:44,414 basehttp 21060 6892 "GET /letters/ HTTP/1.1" 200 83139
INFO 2026-04-06 22:05:46,376 basehttp 21060 6892 "GET /letters/7/edit/artiva/ HTTP/1.1" 200 62270
INFO 2026-04-06 22:06:07,109 basehttp 21060 6892 "GET /letters/ HTTP/1.1" 200 83139
INFO 2026-04-06 22:07:18,602 basehttp 21060 6892 "GET /letters/7/artiva/ HTTP/1.1" 200 41897
INFO 2026-04-06 22:07:34,002 basehttp 21060 6892 "GET /letters/7/edit/artiva/ HTTP/1.1" 200 62270
INFO 2026-04-06 22:07:41,285 basehttp 21060 6892 "GET /letters/ HTTP/1.1" 200 83139
INFO 2026-04-06 22:07:42,900 basehttp 21060 6892 "GET /letters/7/edit/artiva/ HTTP/1.1" 200 62270
INFO 2026-04-06 22:07:45,971 basehttp 21060 6892 "GET / HTTP/1.1" 200 97111
INFO 2026-04-06 22:07:47,931 basehttp 21060 6892 "GET /letters/create/facs/ HTTP/1.1" 200 72952
INFO 2026-04-06 22:07:49,827 basehttp 21060 6892 "GET /letters/create/artiva/ HTTP/1.1" 200 65910
INFO 2026-04-06 22:08:04,617 basehttp 21060 6892 "GET /letters/ HTTP/1.1" 200 83139
INFO 2026-04-06 22:08:09,933 basehttp 21060 6892 "GET /letters/create/artiva/ HTTP/1.1" 200 65910
INFO 2026-04-06 22:08:54,453 basehttp 21060 6892 "POST /letters/create/artiva/ HTTP/1.1" 200 66960
INFO 2026-04-06 22:09:05,823 basehttp 21060 6892 "GET / HTTP/1.1" 200 97111
INFO 2026-04-06 22:09:44,646 basehttp 21060 6892 "GET /letters/create/facs/ HTTP/1.1" 200 72952
INFO 2026-04-06 22:17:11,787 basehttp 21060 1332 "GET /letters/my-drafts/ HTTP/1.1" 200 58269
INFO 2026-04-06 22:17:14,427 basehttp 21060 1332 "GET /letters/7/edit/ HTTP/1.1" 200 66426
INFO 2026-04-06 22:17:21,132 basehttp 21060 1332 "GET /letters/my-drafts/ HTTP/1.1" 200 58269
INFO 2026-04-06 22:17:23,942 basehttp 21060 1332 "GET /letters/7/edit/ HTTP/1.1" 200 66426
INFO 2026-04-06 22:17:26,345 basehttp 21060 1332 "GET /letters/my-drafts/ HTTP/1.1" 200 58269
INFO 2026-04-06 22:17:28,037 basehttp 21060 1332 "GET /letters/7/edit/ HTTP/1.1" 200 66426
INFO 2026-04-06 22:17:30,250 basehttp 21060 1332 "GET /letters/ HTTP/1.1" 200 83139
INFO 2026-04-06 22:17:36,017 basehttp 21060 1332 "GET /letters/7/edit/artiva/ HTTP/1.1" 200 62270
INFO 2026-04-06 22:19:40,727 autoreload 21060 23044 C:\PycharmProjects\letter_portal\apps\letters\views.py changed, reloading.
INFO 2026-04-06 22:19:58,630 autoreload 16892 15884 Watching for file changes with StatReloader
INFO 2026-04-06 22:20:31,863 basehttp 16892 22660 "GET /letters/ HTTP/1.1" 200 83139
INFO 2026-04-06 22:20:34,844 basehttp 16892 22660 "GET /letters/7/edit/artiva/ HTTP/1.1" 200 62270
INFO 2026-04-06 22:22:33,676 basehttp 16892 22660 "GET /letters/7/edit/artiva/ HTTP/1.1" 200 63041
INFO 2026-04-06 22:22:39,841 basehttp 16892 22660 "GET /letters/ HTTP/1.1" 200 83139
WARNING 2026-04-06 22:23:03,079 basehttp 16892 22660 "GET /.well-known/appspecific/com.chrome.devtools.json HTTP/1.1" 404 4867
INFO 2026-04-06 22:26:18,511 basehttp 16892 22660 "GET /letters/7/edit/artiva/ HTTP/1.1" 200 63067
WARNING 2026-04-06 22:26:18,706 basehttp 16892 22660 "GET /.well-known/appspecific/com.chrome.devtools.json HTTP/1.1" 404 4867
INFO 2026-04-06 22:26:22,302 basehttp 16892 22660 "POST /letters/7/edit/artiva/ HTTP/1.1" 302 0
INFO 2026-04-06 22:26:22,466 basehttp 16892 22660 "GET /letters/7/edit/artiva/ HTTP/1.1" 200 63540
WARNING 2026-04-06 22:26:22,766 basehttp 16892 22660 "GET /.well-known/appspecific/com.chrome.devtools.json HTTP/1.1" 404 4867
INFO 2026-04-06 22:26:35,259 basehttp 16892 22660 "POST /letters/7/edit/artiva/ HTTP/1.1" 302 0
INFO 2026-04-06 22:26:35,384 basehttp 16892 22660 "GET /letters/7/artiva/ HTTP/1.1" 200 43317
WARNING 2026-04-06 22:26:35,749 basehttp 16892 22660 "GET /.well-known/appspecific/com.chrome.devtools.json HTTP/1.1" 404 4867
INFO 2026-04-06 22:27:34,686 basehttp 16892 22660 "GET /letters/ HTTP/1.1" 200 82835
INFO 2026-04-06 22:27:38,732 basehttp 16892 22660 "GET /letters/6/edit/artiva/ HTTP/1.1" 200 63028
INFO 2026-04-06 22:27:45,130 basehttp 16892 22660 "POST /letters/6/edit/artiva/ HTTP/1.1" 302 0
INFO 2026-04-06 22:27:45,264 basehttp 16892 22660 "GET /letters/6/edit/artiva/ HTTP/1.1" 200 63515
INFO 2026-04-06 22:27:55,748 basehttp 16892 22660 "GET /letters/6/edit/artiva/ HTTP/1.1" 200 63017
INFO 2026-04-06 22:27:57,338 basehttp 16892 22660 "GET /letters/6/edit/artiva/ HTTP/1.1" 200 63017
INFO 2026-04-06 22:28:05,930 basehttp 16892 22660 "GET /letters/ HTTP/1.1" 200 82834
INFO 2026-04-06 22:28:08,539 basehttp 16892 22660 "GET /letters/6/edit/artiva/ HTTP/1.1" 200 63017
INFO 2026-04-06 22:28:12,491 basehttp 16892 22660 "GET /letters/6/edit/artiva/ HTTP/1.1" 200 63017
INFO 2026-04-06 22:28:30,952 basehttp 16892 22660 "POST /letters/6/edit/artiva/ HTTP/1.1" 302 0
INFO 2026-04-06 22:28:31,080 basehttp 16892 22660 "GET /letters/6/edit/artiva/ HTTP/1.1" 200 63517
INFO 2026-04-06 22:28:37,708 basehttp 16892 22660 "GET /letters/ HTTP/1.1" 200 82837
INFO 2026-04-06 22:28:39,517 basehttp 16892 22660 "GET /letters/ HTTP/1.1" 200 82837
INFO 2026-04-06 22:28:41,715 basehttp 16892 22660 "GET /letters/6/edit/artiva/ HTTP/1.1" 200 63020
INFO 2026-04-06 22:28:44,237 basehttp 16892 22660 "POST /letters/6/edit/artiva/ HTTP/1.1" 302 0
INFO 2026-04-06 22:28:44,353 basehttp 16892 22660 "GET /letters/6/artiva/ HTTP/1.1" 200 43317
INFO 2026-04-06 22:28:47,457 basehttp 16892 22660 "GET /letters/ HTTP/1.1" 200 82569
INFO 2026-04-06 22:28:51,439 basehttp 16892 22660 "GET /letters/6/artiva/ HTTP/1.1" 200 42792
INFO 2026-04-06 22:28:55,763 basehttp 16892 22660 "GET /letters/ HTTP/1.1" 200 82569
INFO 2026-04-06 22:29:02,668 basehttp 16892 22660 "GET /letters/7/artiva/ HTTP/1.1" 200 42792
INFO 2026-04-06 22:29:04,855 basehttp 16892 22660 "GET /letters/ HTTP/1.1" 200 82569
ERROR 2026-04-06 22:29:06,246 basehttp 16892 22660 "GET /letters/pending/ HTTP/1.1" 500 234708
ERROR 2026-04-06 22:29:09,822 basehttp 16892 22660 "GET /letters/radius/pending/ HTTP/1.1" 500 220337
ERROR 2026-04-06 22:29:13,256 basehttp 16892 22660 "GET /letters/sessions/pending/ HTTP/1.1" 500 218320
INFO 2026-04-06 22:29:16,744 basehttp 16892 22660 "GET /letters/client/pending/ HTTP/1.1" 200 32607
INFO 2026-04-06 22:29:21,878 basehttp 16892 22660 "GET /letters/ HTTP/1.1" 200 82569
INFO 2026-04-06 22:29:23,067 basehttp 16892 22660 "GET /letters/my-drafts/ HTTP/1.1" 200 55433
INFO 2026-04-06 22:29:24,407 basehttp 16892 22660 "GET /letters/5/edit/ HTTP/1.1" 200 66388
INFO 2026-04-06 22:29:28,619 basehttp 16892 22660 - Broken pipe from ('127.0.0.1', 59006)
INFO 2026-04-06 22:29:28,734 basehttp 16892 21696 "GET /letters/my-drafts/ HTTP/1.1" 200 55433
INFO 2026-04-06 22:29:34,097 basehttp 16892 21696 "GET /letters/15/edit/ HTTP/1.1" 200 66363
INFO 2026-04-06 22:29:38,261 basehttp 16892 21696 "GET / HTTP/1.1" 200 97183
INFO 2026-04-06 22:31:33,137 basehttp 16892 21696 "GET / HTTP/1.1" 200 97185
ERROR 2026-04-06 22:31:38,190 basehttp 16892 21696 "GET /letters/pending/ HTTP/1.1" 500 234700
INFO 2026-04-06 22:31:41,345 basehttp 16892 21696 "GET /letters/ HTTP/1.1" 200 82569
INFO 2026-04-06 22:31:44,171 basehttp 16892 21696 "GET /letters/ HTTP/1.1" 200 82569
INFO 2026-04-06 22:31:47,869 basehttp 16892 21696 "GET /letters/5/edit/artiva/ HTTP/1.1" 200 62526
INFO 2026-04-06 22:31:53,584 basehttp 16892 21696 "POST /letters/5/edit/artiva/ HTTP/1.1" 302 0
INFO 2026-04-06 22:31:53,699 basehttp 16892 21696 "GET /letters/5/edit/artiva/ HTTP/1.1" 200 63011
INFO 2026-04-06 22:33:29,821 basehttp 16892 18068 "GET /letters/5/edit/artiva/ HTTP/1.1" 200 62658
INFO 2026-04-06 22:33:35,424 basehttp 16892 18068 "GET /letters/5/edit/artiva/ HTTP/1.1" 200 62658
INFO 2026-04-06 22:33:36,709 basehttp 16892 18068 "GET /letters/5/edit/artiva/ HTTP/1.1" 200 62658
INFO 2026-04-06 22:34:30,455 basehttp 16892 18068 "GET /letters/5/edit/artiva/ HTTP/1.1" 200 62660
INFO 2026-04-06 22:34:31,382 autoreload 16892 15884 C:\PycharmProjects\letter_portal\apps\letters\views.py changed, reloading.
INFO 2026-04-06 22:34:46,443 autoreload 21380 23276 Watching for file changes with StatReloader
INFO 2026-04-06 22:34:53,795 basehttp 21380 20592 "GET /letters/5/edit/artiva/ HTTP/1.1" 200 62660
INFO 2026-04-06 22:34:57,863 basehttp 21380 20592 "GET /letters/5/edit/artiva/ HTTP/1.1" 200 62660
INFO 2026-04-06 22:35:02,958 basehttp 21380 20592 "GET /letters/my-drafts/ HTTP/1.1" 200 55422
INFO 2026-04-06 22:35:04,901 basehttp 21380 20592 "GET /letters/ HTTP/1.1" 200 82569
INFO 2026-04-06 22:35:08,415 basehttp 21380 20592 "GET /letters/5/edit/artiva/ HTTP/1.1" 200 62660
INFO 2026-04-06 22:35:53,118 autoreload 21380 23276 C:\PycharmProjects\letter_portal\apps\letters\views.py changed, reloading.
INFO 2026-04-06 22:36:06,306 autoreload 16704 21756 Watching for file changes with StatReloader
INFO 2026-04-06 22:36:10,280 basehttp 16704 18380 "GET /letters/5/edit/artiva/ HTTP/1.1" 200 62660
INFO 2026-04-06 22:36:13,249 basehttp 16704 18380 "GET /letters/5/edit/artiva/ HTTP/1.1" 200 62660
INFO 2026-04-06 22:36:55,689 basehttp 16704 18380 "GET /letters/5/edit/artiva/ HTTP/1.1" 200 62674
INFO 2026-04-06 22:36:56,875 basehttp 16704 18380 "GET /letters/5/edit/artiva/ HTTP/1.1" 200 62674
INFO 2026-04-06 22:41:11,067 autoreload 16704 21756 C:\PycharmProjects\letter_portal\apps\letters\views.py changed, reloading.
INFO 2026-04-06 22:41:27,685 autoreload 9768 20568 Watching for file changes with StatReloader
INFO 2026-04-06 22:41:30,813 basehttp 9768 3704 "GET /letters/5/edit/artiva/ HTTP/1.1" 200 62677
INFO 2026-04-06 22:41:33,773 basehttp 9768 3704 "GET /letters/ HTTP/1.1" 200 82572
INFO 2026-04-06 22:41:38,665 basehttp 9768 3704 "GET /letters/5/edit/artiva/ HTTP/1.1" 200 62677
INFO 2026-04-06 22:43:07,902 autoreload 9768 20568 C:\PycharmProjects\letter_portal\apps\letters\forms.py changed, reloading.
INFO 2026-04-06 22:43:14,505 autoreload 22804 20996 Watching for file changes with StatReloader
INFO 2026-04-06 22:43:17,896 basehttp 22804 19132 "GET /letters/5/edit/artiva/ HTTP/1.1" 200 62679
INFO 2026-04-06 22:43:21,459 basehttp 22804 19132 "GET /letters/5/edit/artiva/ HTTP/1.1" 200 62679
INFO 2026-04-06 22:43:40,580 basehttp 22804 19132 "GET /letters/ HTTP/1.1" 200 82574
INFO 2026-04-06 22:43:46,422 basehttp 22804 19132 "GET /letters/5/edit/artiva/ HTTP/1.1" 200 62679
INFO 2026-04-06 22:43:49,357 basehttp 22804 19132 "POST /letters/5/edit/artiva/ HTTP/1.1" 302 0
INFO 2026-04-06 22:43:49,480 basehttp 22804 19132 "GET /letters/5/edit/artiva/ HTTP/1.1" 200 63175
INFO 2026-04-06 22:48:14,943 basehttp 22804 19132 "GET /letters/ HTTP/1.1" 200 82572
INFO 2026-04-06 22:50:28,389 basehttp 22804 19132 "GET /letters/create/facs/ HTTP/1.1" 200 72921
INFO 2026-04-06 22:53:45,994 basehttp 22804 19132 "GET /letters/ HTTP/1.1" 200 82572
INFO 2026-04-06 22:53:51,248 basehttp 22804 19132 "GET /letters/5/edit/artiva/ HTTP/1.1" 200 62679
INFO 2026-04-06 22:56:14,758 basehttp 22804 19132 "GET /letters/5/edit/artiva/ HTTP/1.1" 200 62679
INFO 2026-04-06 22:56:23,133 basehttp 22804 19132 "GET /letters/ HTTP/1.1" 200 82574
INFO 2026-04-06 22:56:29,834 basehttp 22804 19132 "GET /letters/5/edit/artiva/ HTTP/1.1" 200 62679
INFO 2026-04-06 22:57:54,578 basehttp 22804 19132 "GET /letters/5/edit/artiva/ HTTP/1.1" 200 62705
INFO 2026-04-06 23:02:18,227 basehttp 22804 2812 "GET /letters/5/edit/artiva/ HTTP/1.1" 200 62819
INFO 2026-04-06 23:02:22,224 basehttp 22804 2812 "POST /letters/5/edit/artiva/ HTTP/1.1" 302 0
INFO 2026-04-06 23:02:22,379 basehttp 22804 2812 "GET /letters/5/edit/artiva/ HTTP/1.1" 200 63329
INFO 2026-04-06 23:02:30,719 basehttp 22804 2812 "GET /letters/ HTTP/1.1" 200 82586
INFO 2026-04-06 23:02:32,626 basehttp 22804 2812 "GET /letters/ HTTP/1.1" 200 82586
INFO 2026-04-06 23:02:34,796 basehttp 22804 2812 "GET /letters/5/edit/artiva/ HTTP/1.1" 200 62831
INFO 2026-04-06 23:02:55,968 basehttp 22804 2812 "POST /letters/5/edit/artiva/ HTTP/1.1" 302 0
INFO 2026-04-06 23:02:56,149 basehttp 22804 2812 "GET /letters/5/artiva/ HTTP/1.1" 200 43327
INFO 2026-04-06 23:03:04,688 basehttp 22804 2812 "GET /letters/ HTTP/1.1" 200 82301
INFO 2026-04-06 23:03:14,037 basehttp 22804 2812 "GET /letters/2/edit/facs/ HTTP/1.1" 200 66594
INFO 2026-04-06 23:03:22,818 basehttp 22804 2812 "GET /letters/ HTTP/1.1" 200 82299
INFO 2026-04-06 23:03:26,572 basehttp 22804 2812 "GET /letters/1/edit/facs/ HTTP/1.1" 200 66324
WARNING 2026-04-06 23:04:59,186 basehttp 22804 2812 "GET /.well-known/appspecific/com.chrome.devtools.json HTTP/1.1" 404 4867
INFO 2026-04-06 23:05:48,747 basehttp 22804 2812 "GET /letters/1/edit/facs/ HTTP/1.1" 200 66317
WARNING 2026-04-06 23:05:48,936 basehttp 22804 2812 "GET /.well-known/appspecific/com.chrome.devtools.json HTTP/1.1" 404 4867
INFO 2026-04-06 23:05:51,808 basehttp 22804 2812 "POST /letters/1/edit/facs/ HTTP/1.1" 200 67346
WARNING 2026-04-06 23:05:52,417 basehttp 22804 2812 "GET /.well-known/appspecific/com.chrome.devtools.json HTTP/1.1" 404 4867
INFO 2026-04-06 23:06:03,412 basehttp 22804 2812 "POST /letters/1/edit/facs/ HTTP/1.1" 200 67346
WARNING 2026-04-06 23:06:03,623 basehttp 22804 2812 "GET /.well-known/appspecific/com.chrome.devtools.json HTTP/1.1" 404 4867
INFO 2026-04-06 23:06:16,905 basehttp 22804 2812 "GET /letters/ HTTP/1.1" 200 82301
INFO 2026-04-06 23:06:23,314 basehttp 22804 2812 "GET /letters/1/edit/facs/ HTTP/1.1" 200 66317
INFO 2026-04-06 23:06:32,231 basehttp 22804 2812 "POST /letters/1/edit/facs/ HTTP/1.1" 200 67346
INFO 2026-04-06 23:07:41,122 basehttp 22804 2812 "POST /letters/1/edit/facs/ HTTP/1.1" 200 67592
INFO 2026-04-06 23:07:43,627 basehttp 22804 2812 "GET /letters/ HTTP/1.1" 200 82301
INFO 2026-04-06 23:07:47,519 basehttp 22804 2812 "GET /letters/1/edit/facs/ HTTP/1.1" 200 66563
INFO 2026-04-06 23:07:50,336 basehttp 22804 2812 "POST /letters/1/edit/facs/ HTTP/1.1" 302 0
INFO 2026-04-06 23:07:50,485 basehttp 22804 2812 "GET /letters/1/facs/ HTTP/1.1" 200 47155
INFO 2026-04-06 23:08:08,647 basehttp 22804 2812 "GET /letters/ HTTP/1.1" 200 82301
INFO 2026-04-06 23:08:11,997 basehttp 22804 2812 "GET /letters/1/edit/facs/ HTTP/1.1" 200 66563
INFO 2026-04-06 23:08:15,882 basehttp 22804 2812 "POST /letters/1/edit/facs/ HTTP/1.1" 302 0
INFO 2026-04-06 23:08:15,997 basehttp 22804 2812 "GET /letters/1/facs/ HTTP/1.1" 200 48234
INFO 2026-04-06 23:08:28,996 basehttp 22804 2812 "GET /letters/ HTTP/1.1" 200 82021
INFO 2026-04-06 23:08:36,241 basehttp 22804 2812 "GET /letters/3/edit/artiva/ HTTP/1.1" 200 62755
INFO 2026-04-06 23:08:39,468 basehttp 22804 2812 "POST /letters/3/edit/artiva/ HTTP/1.1" 302 0
INFO 2026-04-06 23:08:39,591 basehttp 22804 2812 "GET /letters/3/edit/artiva/ HTTP/1.1" 200 63253
INFO 2026-04-06 23:08:51,801 basehttp 22804 2812 "POST /letters/3/edit/artiva/ HTTP/1.1" 302 0
INFO 2026-04-06 23:08:51,935 basehttp 22804 2812 "GET /letters/3/artiva/ HTTP/1.1" 200 42862
INFO 2026-04-06 23:08:58,854 basehttp 22804 2812 "GET /letters/ HTTP/1.1" 200 81739
INFO 2026-04-06 23:09:36,443 basehttp 22804 2812 "GET /letters/1/facs/ HTTP/1.1" 200 47701
INFO 2026-04-06 23:09:40,330 basehttp 22804 2812 "GET /letters/ HTTP/1.1" 200 81738
INFO 2026-04-06 23:09:46,334 basehttp 22804 2812 "GET /letters/1/edit/artiva/ HTTP/1.1" 200 60914
INFO 2026-04-06 23:09:56,642 basehttp 22804 2812 "POST /letters/1/edit/artiva/ HTTP/1.1" 302 0
INFO 2026-04-06 23:09:56,758 basehttp 22804 2812 "GET /letters/1/edit/artiva/ HTTP/1.1" 200 61411
INFO 2026-04-06 23:10:05,307 basehttp 22804 2812 "GET /letters/1/edit/artiva/ HTTP/1.1" 200 60913
INFO 2026-04-06 23:10:07,921 basehttp 22804 2812 "GET /letters/ HTTP/1.1" 200 81737
INFO 2026-04-06 23:10:11,244 basehttp 22804 2812 "GET /letters/9/edit/facs/ HTTP/1.1" 200 66530
INFO 2026-04-06 23:10:15,478 basehttp 22804 2812 "POST /letters/9/edit/facs/ HTTP/1.1" 302 0
INFO 2026-04-06 23:10:15,579 basehttp 22804 2812 "GET /letters/9/facs/ HTTP/1.1" 200 47126
INFO 2026-04-06 23:14:11,444 basehttp 22804 2812 "GET /letters/9/facs/ HTTP/1.1" 200 46633
INFO 2026-04-06 23:14:11,498 autoreload 22804 20996 C:\PycharmProjects\letter_portal\apps\letters\views.py changed, reloading.
INFO 2026-04-06 23:14:35,124 autoreload 1456 15996 Watching for file changes with StatReloader
INFO 2026-04-06 23:15:02,866 basehttp 1456 19568 "GET /letters/ HTTP/1.1" 200 81742
INFO 2026-04-06 23:15:06,088 basehttp 1456 19568 "GET /letters/ HTTP/1.1" 200 81742
INFO 2026-04-06 23:15:12,665 basehttp 1456 19568 "GET /letters/10/edit/facs/ HTTP/1.1" 200 66564
INFO 2026-04-06 23:15:16,805 basehttp 1456 19568 "POST /letters/10/edit/facs/ HTTP/1.1" 302 0
INFO 2026-04-06 23:15:17,153 basehttp 1456 19568 "GET /letters/10/facs/ HTTP/1.1" 200 47388
INFO 2026-04-06 23:15:22,292 basehttp 1456 19568 "GET /letters/ HTTP/1.1" 200 81738
INFO 2026-04-06 23:15:29,160 basehttp 1456 19568 "GET /letters/2/edit/artiva/ HTTP/1.1" 200 62740
INFO 2026-04-06 23:15:32,273 basehttp 1456 19568 "POST /letters/2/edit/artiva/ HTTP/1.1" 302 0
INFO 2026-04-06 23:15:32,439 basehttp 1456 19568 "GET /letters/2/artiva/ HTTP/1.1" 200 41776
INFO 2026-04-06 23:15:47,891 basehttp 1456 19568 "GET /letters/ HTTP/1.1" 200 81738
INFO 2026-04-06 23:15:57,369 basehttp 1456 19568 "GET /letters/1/edit/artiva/ HTTP/1.1" 200 60914
INFO 2026-04-06 23:16:00,189 basehttp 1456 19568 "POST /letters/1/edit/artiva/ HTTP/1.1" 302 0
INFO 2026-04-06 23:16:00,315 basehttp 1456 19568 "GET /letters/1/artiva/ HTTP/1.1" 200 41398
INFO 2026-04-06 23:16:04,794 basehttp 1456 19568 "GET /letters/ HTTP/1.1" 200 81470
INFO 2026-04-06 23:16:07,580 basehttp 1456 19568 "GET /letters/9/edit/facs/ HTTP/1.1" 200 66530
INFO 2026-04-06 23:16:10,203 basehttp 1456 19568 "POST /letters/9/edit/facs/ HTTP/1.1" 302 0
INFO 2026-04-06 23:16:10,300 basehttp 1456 19568 "GET /letters/9/facs/ HTTP/1.1" 200 47126
INFO 2026-04-06 23:16:13,872 basehttp 1456 19568 "GET /letters/ HTTP/1.1" 200 81470
INFO 2026-04-06 23:16:23,398 basehttp 1456 19568 "GET /letters/7/artiva/ HTTP/1.1" 200 42772
INFO 2026-04-06 23:16:26,847 basehttp 1456 19568 "GET /letters/ HTTP/1.1" 200 81468
INFO 2026-04-06 23:16:34,476 basehttp 1456 19568 "GET /letters/ HTTP/1.1" 200 81468
INFO 2026-04-06 23:16:37,841 basehttp 1456 19568 "GET /letters/my-drafts/ HTTP/1.1" 200 49816
INFO 2026-04-06 23:16:39,227 basehttp 1456 19568 "GET /letters/ HTTP/1.1" 200 81468
INFO 2026-04-06 23:16:40,348 basehttp 1456 19568 "GET /letters/my-drafts/ HTTP/1.1" 200 49816
INFO 2026-04-06 23:16:42,678 basehttp 1456 19568 "GET /letters/15/edit/ HTTP/1.1" 200 66570
INFO 2026-04-06 23:16:47,538 basehttp 1456 19568 "POST /letters/15/edit/ HTTP/1.1" 302 0
INFO 2026-04-06 23:16:47,653 basehttp 1456 19568 "GET /letters/15/facs/ HTTP/1.1" 200 47734
INFO 2026-04-06 23:16:52,440 basehttp 1456 19568 "GET /letters/my-drafts/ HTTP/1.1" 200 49831
INFO 2026-04-06 23:16:57,845 basehttp 1456 19568 "GET /letters/2/edit/ HTTP/1.1" 200 66825
INFO 2026-04-06 23:17:00,181 basehttp 1456 19568 "GET /letters/my-drafts/ HTTP/1.1" 200 49831
INFO 2026-04-06 23:19:24,592 basehttp 1456 19568 "GET /letters/my-drafts/ HTTP/1.1" 200 49835
INFO 2026-04-06 23:19:26,896 basehttp 1456 19568 "GET /letters/create/artiva/ HTTP/1.1" 200 65872
INFO 2026-04-06 23:19:30,638 basehttp 1456 19568 "GET /letters/my-drafts/ HTTP/1.1" 200 49835
INFO 2026-04-06 23:20:07,760 basehttp 1456 19568 "GET /letters/my-drafts/ HTTP/1.1" 200 49835
INFO 2026-04-06 23:20:11,267 basehttp 1456 19568 "GET /letters/my-drafts/ HTTP/1.1" 200 58171
INFO 2026-04-06 23:20:12,765 basehttp 1456 19568 "GET /letters/my-drafts/ HTTP/1.1" 200 58171
INFO 2026-04-06 23:20:17,167 basehttp 1456 19568 "GET /letters/2/edit/artiva/ HTTP/1.1" 200 62765
INFO 2026-04-06 23:20:22,361 basehttp 1456 19568 "POST /letters/2/edit/artiva/ HTTP/1.1" 302 0
INFO 2026-04-06 23:20:22,490 basehttp 1456 19568 "GET /letters/2/artiva/ HTTP/1.1" 200 41801
INFO 2026-04-06 23:20:25,621 basehttp 1456 19568 "GET /letters/my-drafts/ HTTP/1.1" 200 58171
WARNING 2026-04-06 23:20:42,392 basehttp 1456 19568 "GET /.well-known/appspecific/com.chrome.devtools.json HTTP/1.1" 404 4867
INFO 2026-04-06 23:22:19,496 basehttp 1456 19568 "GET /letters/my-drafts/ HTTP/1.1" 200 58237
WARNING 2026-04-06 23:22:19,709 basehttp 1456 19568 "GET /.well-known/appspecific/com.chrome.devtools.json HTTP/1.1" 404 4867
WARNING 2026-04-06 23:22:29,408 log 1456 19568 Forbidden (CSRF token from the 'X-Csrftoken' HTTP header has incorrect length.): /letters/3/submit/
WARNING 2026-04-06 23:22:29,425 basehttp 1456 19568 "POST /letters/3/submit/ HTTP/1.1" 403 2549
WARNING 2026-04-06 23:22:54,078 log 1456 19568 Forbidden (CSRF token from the 'X-Csrftoken' HTTP header has incorrect length.): /letters/4/submit/
WARNING 2026-04-06 23:22:54,095 basehttp 1456 19568 "POST /letters/4/submit/ HTTP/1.1" 403 2549
INFO 2026-04-06 23:26:47,739 basehttp 1456 19568 "GET /letters/my-drafts/ HTTP/1.1" 200 60376
INFO 2026-04-06 23:27:00,560 basehttp 1456 19568 "GET /letters/my-drafts/ HTTP/1.1" 200 60378
INFO 2026-04-06 23:27:10,021 basehttp 1456 19568 "GET /letters/my-drafts/ HTTP/1.1" 200 60378
INFO 2026-04-06 23:27:11,594 basehttp 1456 19568 "GET /letters/8/edit/facs/ HTTP/1.1" 200 66561
INFO 2026-04-06 23:27:24,665 basehttp 1456 19568 "POST /letters/8/edit/facs/ HTTP/1.1" 302 0
INFO 2026-04-06 23:27:24,824 basehttp 1456 19568 "GET /letters/8/facs/ HTTP/1.1" 200 48233
INFO 2026-04-06 23:27:30,568 basehttp 1456 19568 "GET /letters/ HTTP/1.1" 200 81221
INFO 2026-04-06 23:27:34,969 basehttp 1456 19568 "GET /letters/14/edit/facs/ HTTP/1.1" 200 66589
INFO 2026-04-06 23:27:37,750 basehttp 1456 19568 "GET /letters/my-drafts/ HTTP/1.1" 200 58367
INFO 2026-04-06 23:28:06,227 basehttp 1456 19568 "GET /letters/my-drafts/ HTTP/1.1" 200 58367
WARNING 2026-04-06 23:28:15,299 basehttp 1456 19568 "GET /.well-known/appspecific/com.chrome.devtools.json HTTP/1.1" 404 4867
INFO 2026-04-06 23:29:09,418 basehttp 1456 19568 "GET /letters/my-drafts/ HTTP/1.1" 200 58366
INFO 2026-04-06 23:29:32,672 basehttp 1456 19568 "GET /letters/2/edit/artiva/ HTTP/1.1" 200 62756
INFO 2026-04-06 23:29:39,222 basehttp 1456 19568 "GET /letters/my-drafts/ HTTP/1.1" 200 58367
INFO 2026-04-07 00:02:54,137 basehttp 1456 18124 "GET /letters/my-drafts/ HTTP/1.1" 200 58369
INFO 2026-04-07 00:03:04,757 basehttp 1456 18124 "GET /letters/my-drafts/ HTTP/1.1" 200 58369
INFO 2026-04-07 00:04:06,287 basehttp 1456 18124 "GET /letters/my-drafts/ HTTP/1.1" 200 58380
INFO 2026-04-07 00:04:11,897 basehttp 1456 18124 "GET /letters/my-drafts/ HTTP/1.1" 200 58380
INFO 2026-04-07 00:04:26,224 basehttp 1456 18124 "GET /letters/my-drafts/ HTTP/1.1" 200 58380
INFO 2026-04-07 00:06:44,975 autoreload 21008 16984 Watching for file changes with StatReloader
INFO 2026-04-07 00:06:57,069 basehttp 21008 4620 "GET /letters/ HTTP/1.1" 200 81222
INFO 2026-04-07 00:07:09,973 basehttp 21008 4620 "GET /letters/my-drafts/ HTTP/1.1" 200 58378
INFO 2026-04-07 00:07:13,213 basehttp 21008 4620 "GET /letters/ HTTP/1.1" 200 81222
INFO 2026-04-07 00:07:21,088 basehttp 21008 4620 "GET /letters/ HTTP/1.1" 200 81222
INFO 2026-04-07 00:07:22,745 basehttp 21008 4620 "GET /letters/my-drafts/ HTTP/1.1" 200 58379
INFO 2026-04-07 00:07:27,861 basehttp 21008 4620 "GET /letters/ HTTP/1.1" 200 81222
INFO 2026-04-07 00:07:35,201 basehttp 21008 4620 "GET /letters/my-drafts/ HTTP/1.1" 200 58379
INFO 2026-04-07 00:10:51,999 basehttp 21008 4620 "GET /letters/my-drafts/ HTTP/1.1" 200 58445
INFO 2026-04-07 00:11:47,015 basehttp 21008 4620 "GET /letters/my-drafts/ HTTP/1.1" 200 58145
INFO 2026-04-07 00:12:04,663 basehttp 21008 4620 "GET /letters/my-drafts/ HTTP/1.1" 200 58145
INFO 2026-04-07 00:12:23,223 basehttp 21008 4620 "GET /letters/my-drafts/ HTTP/1.1" 200 58145
INFO 2026-04-07 00:12:25,592 basehttp 21008 4620 "GET /letters/my-drafts/ HTTP/1.1" 200 58145
INFO 2026-04-07 00:12:27,310 basehttp 21008 4620 "GET /letters/15/edit/facs/ HTTP/1.1" 200 66590
INFO 2026-04-07 00:12:39,915 basehttp 21008 4620 "GET /letters/ HTTP/1.1" 200 81222
INFO 2026-04-07 00:12:43,203 basehttp 21008 4620 "GET /letters/my-drafts/ HTTP/1.1" 200 58145
INFO 2026-04-07 00:12:45,150 basehttp 21008 4620 "GET /letters/15/edit/facs/ HTTP/1.1" 200 66590
INFO 2026-04-07 00:12:49,078 basehttp 21008 4620 "GET /letters/ HTTP/1.1" 200 81222
INFO 2026-04-07 00:12:50,754 basehttp 21008 4620 "GET /letters/my-drafts/ HTTP/1.1" 200 58145
INFO 2026-04-07 00:18:47,842 basehttp 21008 20264 "GET / HTTP/1.1" 200 97371
INFO 2026-04-07 00:19:32,221 basehttp 21008 22912 "POST /accounts/logout/ HTTP/1.1" 302 0
INFO 2026-04-07 00:19:34,944 basehttp 21008 22912 "GET /accounts/login/ HTTP/1.1" 200 10189
INFO 2026-04-07 00:20:55,603 basehttp 21008 22912 "POST /accounts/login/ HTTP/1.1" 302 0
INFO 2026-04-07 00:20:56,406 basehttp 21008 22912 "GET / HTTP/1.1" 200 97874
INFO 2026-04-07 00:21:11,941 basehttp 21008 22912 "GET /letters/create/facs/ HTTP/1.1" 200 72938
INFO 2026-04-07 00:21:18,575 basehttp 21008 22912 - Broken pipe from ('127.0.0.1', 65495)
INFO 2026-04-07 00:21:19,689 basehttp 21008 11128 "GET /letters/ HTTP/1.1" 200 81254
INFO 2026-04-07 00:21:26,135 basehttp 21008 11128 "GET /letters/create/artiva/ HTTP/1.1" 200 65896
INFO 2026-04-07 00:22:38,539 basehttp 21008 11128 "POST /letters/create/artiva/ HTTP/1.1" 200 66931
INFO 2026-04-07 00:22:44,010 basehttp 21008 11128 "GET /letters/ HTTP/1.1" 200 81254
INFO 2026-04-07 00:22:49,849 basehttp 21008 11128 "GET /letters/create/facs/ HTTP/1.1" 200 72938
INFO 2026-04-07 00:22:55,274 basehttp 21008 11128 "GET /letters/ HTTP/1.1" 200 81254
INFO 2026-04-07 00:23:05,444 basehttp 21008 11128 "GET /letters/create/facs/ HTTP/1.1" 200 72938
INFO 2026-04-07 00:23:59,073 basehttp 21008 11128 "POST /letters/create/facs/ HTTP/1.1" 302 0
INFO 2026-04-07 00:23:59,696 basehttp 21008 11128 "GET /letters/17/facs/ HTTP/1.1" 200 47737
INFO 2026-04-07 00:24:39,788 basehttp 21008 11128 "GET /letters/ HTTP/1.1" 200 83199
INFO 2026-04-07 00:24:53,323 basehttp 21008 11128 "GET /letters/17/facs/ HTTP/1.1" 200 47214
INFO 2026-04-07 00:26:16,092 basehttp 21008 11128 "GET /letters/ HTTP/1.1" 200 83199
INFO 2026-04-07 00:26:22,208 basehttp 21008 11128 "GET /letters/17/edit/facs/ HTTP/1.1" 200 66582
INFO 2026-04-07 00:26:28,295 basehttp 21008 11128 "POST /letters/17/edit/facs/ HTTP/1.1" 302 0
INFO 2026-04-07 00:26:28,576 basehttp 21008 11128 "GET /letters/17/facs/ HTTP/1.1" 200 48684
INFO 2026-04-07 00:26:48,411 basehttp 21008 11128 "GET /letters/client/pending/ HTTP/1.1" 200 32592
INFO 2026-04-07 00:26:54,119 basehttp 21008 11128 - Broken pipe from ('127.0.0.1', 50940)
INFO 2026-04-07 00:26:56,355 basehttp 21008 21768 - Broken pipe from ('127.0.0.1', 59910)
ERROR 2026-04-07 00:26:57,426 basehttp 21008 13324 "GET /letters/radius/pending/ HTTP/1.1" 500 235088
INFO 2026-04-07 00:27:08,758 basehttp 21008 13324 "GET /letters/my-drafts/ HTTP/1.1" 200 58178
INFO 2026-04-07 00:27:11,194 basehttp 21008 13324 "GET /letters/create/facs/ HTTP/1.1" 200 72903
INFO 2026-04-07 00:27:14,506 basehttp 21008 13324 "GET /letters/ HTTP/1.1" 200 82944
INFO 2026-04-07 00:27:21,828 basehttp 21008 13324 "GET /letters/17/approval-management/ HTTP/1.1" 200 41480
INFO 2026-04-07 00:27:39,174 basehttp 21008 13324 - Broken pipe from ('127.0.0.1', 51458)
INFO 2026-04-07 00:27:39,455 basehttp 21008 1992 "GET /letters/ HTTP/1.1" 200 82941
INFO 2026-04-07 00:27:45,707 basehttp 21008 1992 "GET /letters/17/approval-management/ HTTP/1.1" 200 41477
INFO 2026-04-07 00:28:20,090 basehttp 21008 1992 "GET /letters/my-drafts/ HTTP/1.1" 200 58175
INFO 2026-04-07 00:28:34,542 basehttp 21008 1992 "GET /letters/ HTTP/1.1" 200 82944
INFO 2026-04-07 00:28:47,426 basehttp 21008 1992 "GET /letters/create/facs/ HTTP/1.1" 200 72903
INFO 2026-04-07 00:29:03,839 basehttp 21008 1992 "GET /accounts/users/ HTTP/1.1" 200 53786
INFO 2026-04-07 00:29:28,576 basehttp 21008 1992 "GET /accounts/roles/permissions/ HTTP/1.1" 200 123133
INFO 2026-04-07 00:29:46,006 basehttp 21008 1992 "GET /accounts/users/ HTTP/1.1" 200 53786
INFO 2026-04-07 00:29:50,848 basehttp 21008 1992 "GET /letters/reports/ HTTP/1.1" 200 67017
INFO 2026-04-07 00:30:06,409 basehttp 21008 1992 "GET /letters/reports/?start=2026-04-01&end=2026-04-07 HTTP/1.1" 200 67017
INFO 2026-04-07 00:30:27,646 basehttp 21008 1992 "GET /letters/create/facs/ HTTP/1.1" 200 72903
INFO 2026-04-07 00:31:52,569 basehttp 21008 1992 "GET /letters/ HTTP/1.1" 200 82944
INFO 2026-04-07 00:31:57,175 basehttp 21008 1992 "GET /letters/create/facs/ HTTP/1.1" 200 72903
INFO 2026-04-07 00:32:06,424 basehttp 21008 1992 "GET /letters/create/facs/ HTTP/1.1" 200 72903
INFO 2026-04-07 00:32:28,973 basehttp 21008 3332 "GET /accounts/roles/permissions/ HTTP/1.1" 200 123133
INFO 2026-04-07 00:32:46,539 basehttp 21008 3332 "GET /letters/ HTTP/1.1" 200 82944
INFO 2026-04-07 00:32:56,742 basehttp 21008 3332 - Broken pipe from ('127.0.0.1', 57765)
ERROR 2026-04-07 00:32:57,970 basehttp 21008 22092 "GET /letters/radius/pending/ HTTP/1.1" 500 235073
INFO 2026-04-07 00:33:04,292 basehttp 21008 22092 "GET /letters/create/artiva/ HTTP/1.1" 200 65861
INFO 2026-04-07 00:33:08,363 basehttp 21008 22092 "GET / HTTP/1.1" 200 97356
INFO 2026-04-07 00:34:11,307 basehttp 21008 22092 "GET /letters/ HTTP/1.1" 200 82946
INFO 2026-04-07 00:34:13,562 basehttp 21008 22092 "GET /letters/17/facs/ HTTP/1.1" 200 48168
INFO 2026-04-07 00:34:17,994 basehttp 21008 22092 "GET /letters/17/versions/ HTTP/1.1" 200 32805
INFO 2026-04-07 00:34:50,839 basehttp 21008 22092 "GET /letters/17/approval-management/ HTTP/1.1" 200 41482
INFO 2026-04-07 00:35:16,312 basehttp 21008 22092 "GET / HTTP/1.1" 200 97358
INFO 2026-04-07 00:36:38,762 basehttp 21008 22092 "GET /letters/my-drafts/ HTTP/1.1" 200 65898
INFO 2026-04-07 00:36:42,844 basehttp 21008 22092 "POST /letters/15/submit/ HTTP/1.1" 302 0
INFO 2026-04-07 00:36:43,064 basehttp 21008 22092 "GET /letters/15/facs/ HTTP/1.1" 200 50367
INFO 2026-04-07 00:36:43,279 basehttp 21008 22092 "GET /letters/15/facs/ HTTP/1.1" 200 49844
INFO 2026-04-07 00:37:13,730 basehttp 21008 22092 "GET /letters/my-drafts/ HTTP/1.1" 200 63502
INFO 2026-04-07 00:37:15,327 basehttp 21008 22092 "GET /letters/ HTTP/1.1" 200 82682
INFO 2026-04-07 00:37:16,683 basehttp 21008 22092 "GET /letters/my-drafts/ HTTP/1.1" 200 63502
INFO 2026-04-07 00:37:27,231 basehttp 21008 22092 "POST /letters/14/submit/ HTTP/1.1" 302 0
INFO 2026-04-07 00:37:27,613 basehttp 21008 22092 "GET /letters/14/facs/ HTTP/1.1" 200 50363
INFO 2026-04-07 00:37:27,973 basehttp 21008 22092 "GET /letters/14/facs/ HTTP/1.1" 200 49840
INFO 2026-04-07 00:37:41,853 basehttp 21008 22092 "GET /letters/ HTTP/1.1" 200 82413
INFO 2026-04-07 00:37:45,124 basehttp 21008 22092 "GET /letters/my-drafts/ HTTP/1.1" 200 61107
INFO 2026-04-07 00:37:46,988 basehttp 21008 22092 "GET /letters/13/edit/facs/ HTTP/1.1" 200 66571
INFO 2026-04-07 00:37:51,538 basehttp 21008 22092 "POST /letters/13/edit/facs/ HTTP/1.1" 302 0
INFO 2026-04-07 00:37:51,736 basehttp 21008 22092 "GET /letters/13/facs/ HTTP/1.1" 200 47533
INFO 2026-04-07 00:37:54,245 basehttp 21008 22092 "GET /letters/ HTTP/1.1" 200 82413
INFO 2026-04-07 00:38:07,187 basehttp 21008 22092 "GET /letters/my-drafts/ HTTP/1.1" 200 61096
WARNING 2026-04-07 00:38:13,977 basehttp 21008 22092 "POST /letters/13/delete/ HTTP/1.1" 404 17200
INFO 2026-04-07 00:38:19,410 basehttp 21008 22092 "GET /letters/my-drafts/ HTTP/1.1" 200 61096
INFO 2026-04-07 00:38:21,323 basehttp 21008 22092 "GET /letters/my-drafts/ HTTP/1.1" 200 61096
INFO 2026-04-07 00:38:22,673 basehttp 21008 22092 "GET /letters/my-drafts/ HTTP/1.1" 200 61096
WARNING 2026-04-07 00:38:28,140 basehttp 21008 22092 "POST /letters/13/delete/ HTTP/1.1" 404 17200
INFO 2026-04-07 00:38:29,676 basehttp 21008 22092 "GET /letters/my-drafts/ HTTP/1.1" 200 61096
INFO 2026-04-07 00:38:31,450 basehttp 21008 22092 "GET /letters/my-drafts/ HTTP/1.1" 200 61096
ERROR 2026-04-07 00:38:35,477 basehttp 21008 22092 "GET /letters/radius/pending/ HTTP/1.1" 500 235083
ERROR 2026-04-07 00:38:38,531 basehttp 21008 22092 "GET /letters/pending/ HTTP/1.1" 500 265890
ERROR 2026-04-07 00:40:37,238 basehttp 21008 22092 "GET /letters/pending/ HTTP/1.1" 500 265890
INFO 2026-04-07 00:41:06,421 basehttp 21008 22092 "GET /letters/pending/ HTTP/1.1" 200 53899
INFO 2026-04-07 00:41:21,199 basehttp 21008 22092 "GET /letters/18/sessions/approve/ HTTP/1.1" 200 33054
INFO 2026-04-07 00:41:26,881 basehttp 21008 22092 "GET /letters/16/ HTTP/1.1" 200 47731
INFO 2026-04-07 00:41:29,046 basehttp 21008 22092 "GET / HTTP/1.1" 200 97466
INFO 2026-04-07 00:41:30,890 basehttp 21008 22092 "GET /letters/pending/ HTTP/1.1" 200 53899
INFO 2026-04-07 00:41:40,525 basehttp 21008 22092 "GET /letters/13/facs/ HTTP/1.1" 200 47035
ERROR 2026-04-07 00:41:45,041 basehttp 21008 22092 "GET /letters/radius/pending/ HTTP/1.1" 500 235081
INFO 2026-04-07 00:41:50,375 basehttp 21008 22092 "GET /letters/pending/ HTTP/1.1" 200 53899
INFO 2026-04-07 00:41:58,331 basehttp 21008 22092 "GET /letters/pending/ HTTP/1.1" 200 53899
ERROR 2026-04-07 00:42:06,879 basehttp 21008 22092 "GET /letters/radius/pending/ HTTP/1.1" 500 235081
ERROR 2026-04-07 00:42:39,161 basehttp 21008 22092 "GET /letters/radius/pending/ HTTP/1.1" 500 235081
ERROR 2026-04-07 00:45:54,820 basehttp 21008 22092 "GET /letters/radius/pending/ HTTP/1.1" 500 235218
ERROR 2026-04-07 00:45:58,222 basehttp 21008 22092 "GET /letters/radius/pending/ HTTP/1.1" 500 235218
ERROR 2026-04-07 00:46:03,360 basehttp 21008 22092 "GET /letters/radius/pending/ HTTP/1.1" 500 235081
ERROR 2026-04-07 00:47:06,806 basehttp 21008 22092 "GET /letters/radius/pending/ HTTP/1.1" 500 235218
INFO 2026-04-07 00:47:08,833 autoreload 21008 16984 C:\PycharmProjects\letter_portal\apps\letters\views.py changed, reloading.
INFO 2026-04-07 00:47:15,093 autoreload 21732 5496 Watching for file changes with StatReloader
ERROR 2026-04-07 00:47:23,623 basehttp 21732 18244 "GET /letters/radius/pending/ HTTP/1.1" 500 235218
ERROR 2026-04-07 00:48:31,186 basehttp 21732 18244 "GET /letters/radius/pending/ HTTP/1.1" 500 235218
ERROR 2026-04-07 00:48:36,483 basehttp 21732 18244 "GET /letters/radius/pending/ HTTP/1.1" 500 235218
INFO 2026-04-07 00:48:55,039 basehttp 21732 18244 "GET /letters/pending/ HTTP/1.1" 200 53899
ERROR 2026-04-07 00:48:58,127 basehttp 21732 18244 "GET /letters/radius/pending/ HTTP/1.1" 500 235081
ERROR 2026-04-07 00:49:42,142 basehttp 21732 18244 "GET /letters/radius/pending/ HTTP/1.1" 500 235218
ERROR 2026-04-07 00:49:43,208 basehttp 21732 18244 "GET /letters/radius/pending/ HTTP/1.1" 500 235218
ERROR 2026-04-07 00:49:44,448 basehttp 21732 18244 "GET /letters/radius/pending/ HTTP/1.1" 500 235218
ERROR 2026-04-07 00:49:45,731 basehttp 21732 18244 "GET /letters/radius/pending/ HTTP/1.1" 500 235218
ERROR 2026-04-07 00:49:47,192 basehttp 21732 18244 "GET /letters/radius/pending/ HTTP/1.1" 500 235218
ERROR 2026-04-07 00:50:01,551 basehttp 21732 18244 "GET /letters/radius/pending/ HTTP/1.1" 500 235218
INFO 2026-04-07 00:50:04,726 basehttp 21732 18244 "GET /letters/pending/ HTTP/1.1" 200 53899
INFO 2026-04-07 00:50:06,211 basehttp 21732 18244 "GET /letters/pending/ HTTP/1.1" 200 53899
ERROR 2026-04-07 00:50:10,430 basehttp 21732 18244 "GET /letters/radius/pending/ HTTP/1.1" 500 235081
INFO 2026-04-07 00:50:15,120 basehttp 21732 18244 "GET /letters/pending/ HTTP/1.1" 200 53899
ERROR 2026-04-07 00:50:17,075 basehttp 21732 18244 "GET /letters/radius/pending/ HTTP/1.1" 500 235081
ERROR 2026-04-07 00:50:20,327 basehttp 21732 18244 "GET /letters/sessions/pending/ HTTP/1.1" 500 233832
INFO 2026-04-07 00:50:22,446 basehttp 21732 18244 "GET /letters/client/pending/ HTTP/1.1" 200 41711
INFO 2026-04-07 00:50:39,225 basehttp 21732 18244 "GET /letters/pending/ HTTP/1.1" 200 53899
ERROR 2026-04-07 00:50:41,978 basehttp 21732 18244 "GET /letters/radius/pending/ HTTP/1.1" 500 235081
ERROR 2026-04-07 00:51:11,330 basehttp 21732 18244 "GET /letters/radius/pending/ HTTP/1.1" 500 235218
ERROR 2026-04-07 00:57:35,076 basehttp 21732 11768 "GET /letters/radius/pending/ HTTP/1.1" 500 235218
INFO 2026-04-07 00:58:06,589 basehttp 21732 11768 "GET /letters/radius/pending/ HTTP/1.1" 200 48652
INFO 2026-04-07 00:58:20,641 basehttp 21732 11768 "GET /letters/radius/pending/ HTTP/1.1" 200 48652
INFO 2026-04-07 00:58:21,771 basehttp 21732 11768 "GET /letters/pending/ HTTP/1.1" 200 53899
INFO 2026-04-07 00:58:23,651 basehttp 21732 11768 "GET /letters/radius/pending/ HTTP/1.1" 200 48652
ERROR 2026-04-07 00:58:29,999 basehttp 21732 11768 "GET /letters/sessions/pending/ HTTP/1.1" 500 233835
INFO 2026-04-07 00:59:31,997 basehttp 21732 11768 "GET /letters/pending/ HTTP/1.1" 200 53899
INFO 2026-04-07 00:59:34,716 basehttp 21732 11768 "GET /letters/radius/pending/ HTTP/1.1" 200 48652
INFO 2026-04-07 00:59:36,466 basehttp 21732 11768 "GET /letters/pending/ HTTP/1.1" 200 53899
INFO 2026-04-07 00:59:38,228 basehttp 21732 11768 "GET /letters/radius/pending/ HTTP/1.1" 200 48652
ERROR 2026-04-07 00:59:39,547 basehttp 21732 11768 "GET /letters/sessions/pending/ HTTP/1.1" 500 233835
INFO 2026-04-07 00:59:43,326 basehttp 21732 11768 "GET /letters/client/pending/ HTTP/1.1" 200 41713
INFO 2026-04-07 00:59:46,976 basehttp 21732 11768 "GET /letters/14/facs/ HTTP/1.1" 200 49840
INFO 2026-04-07 00:59:59,737 basehttp 21732 11768 "GET /letters/pending/ HTTP/1.1" 200 53899
INFO 2026-04-07 01:00:00,791 basehttp 21732 11768 "GET /letters/radius/pending/ HTTP/1.1" 200 48652
INFO 2026-04-07 01:00:02,266 basehttp 21732 11768 "GET /letters/pending/ HTTP/1.1" 200 53899
INFO 2026-04-07 01:00:04,603 basehttp 21732 11768 "GET /letters/5/facs/ HTTP/1.1" 200 47719
INFO 2026-04-07 01:00:15,461 basehttp 21732 11768 "GET /letters/radius/pending/ HTTP/1.1" 200 48652
ERROR 2026-04-07 01:00:17,415 basehttp 21732 11768 "GET /letters/sessions/pending/ HTTP/1.1" 500 233835
INFO 2026-04-07 01:00:38,209 basehttp 21732 11768 "GET /letters/sessions/pending/ HTTP/1.1" 200 48451
INFO 2026-04-07 01:00:42,442 basehttp 21732 11768 "GET /letters/18/sessions/approve/ HTTP/1.1" 200 35473
INFO 2026-04-07 01:01:01,116 basehttp 21732 11768 "GET /letters/pending/ HTTP/1.1" 200 53899
INFO 2026-04-07 01:01:06,124 basehttp 21732 11768 "GET /letters/sessions/pending/ HTTP/1.1" 200 48451
INFO 2026-04-07 01:01:08,146 basehttp 21732 11768 "GET /letters/20/sessions/approve/ HTTP/1.1" 200 35475
INFO 2026-04-07 01:01:10,496 basehttp 21732 11768 "GET /letters/pending/ HTTP/1.1" 200 53899
INFO 2026-04-07 01:01:12,491 basehttp 21732 11768 "GET /letters/sessions/pending/ HTTP/1.1" 200 48451
INFO 2026-04-07 01:01:13,733 basehttp 21732 11768 "GET /letters/client/pending/ HTTP/1.1" 200 41713
INFO 2026-04-07 01:01:15,281 basehttp 21732 11768 "GET /letters/sessions/pending/ HTTP/1.1" 200 48451
INFO 2026-04-07 01:01:16,126 basehttp 21732 11768 "GET /letters/radius/pending/ HTTP/1.1" 200 48652
INFO 2026-04-07 01:01:17,067 basehttp 21732 11768 "GET /letters/pending/ HTTP/1.1" 200 53899
INFO 2026-04-07 01:01:18,381 basehttp 21732 11768 "GET /letters/delegated/ HTTP/1.1" 200 36056
INFO 2026-04-07 01:01:19,488 basehttp 21732 11768 "GET /letters/my-drafts/ HTTP/1.1" 200 61097
INFO 2026-04-07 01:01:20,873 basehttp 21732 11768 "GET /letters/ HTTP/1.1" 200 82413
INFO 2026-04-07 01:01:23,089 basehttp 21732 11768 "GET /letters/create/facs/ HTTP/1.1" 200 72907
INFO 2026-04-07 01:01:26,080 basehttp 21732 11768 "GET /letters/create/artiva/ HTTP/1.1" 200 65865
INFO 2026-04-07 01:01:28,705 basehttp 21732 11768 "GET /letters/my-drafts/ HTTP/1.1" 200 61097
INFO 2026-04-07 01:01:32,324 basehttp 21732 11768 "GET /accounts/users/ HTTP/1.1" 200 53790
INFO 2026-04-07 01:01:56,698 basehttp 21732 11768 "GET / HTTP/1.1" 200 97466
INFO 2026-04-07 01:01:58,583 basehttp 21732 11768 "GET /letters/create/facs/ HTTP/1.1" 200 72907
INFO 2026-04-07 01:02:03,893 basehttp 21732 11768 "GET /letters/pending/ HTTP/1.1" 200 53899
INFO 2026-04-07 01:02:07,165 basehttp 21732 7384 "GET /accounts/users/ HTTP/1.1" 200 53790
INFO 2026-04-07 01:02:07,455 basehttp 21732 11768 - Broken pipe from ('127.0.0.1', 63921)
INFO 2026-04-07 01:02:10,471 basehttp 21732 7384 "GET / HTTP/1.1" 200 97466
INFO 2026-04-07 01:02:42,076 basehttp 21732 20272 - Broken pipe from ('127.0.0.1', 50970)
INFO 2026-04-07 01:02:42,921 basehttp 21732 13784 - Broken pipe from ('127.0.0.1', 51182)
INFO 2026-04-07 01:02:43,107 basehttp 21732 18024 "GET /letters/my-drafts/ HTTP/1.1" 200 61097
INFO 2026-04-07 01:02:46,815 basehttp 21732 18024 "GET /letters/delegated/ HTTP/1.1" 200 36056
INFO 2026-04-07 01:02:49,305 basehttp 21732 18024 "GET /letters/radius/pending/ HTTP/1.1" 200 48652
INFO 2026-04-07 01:02:51,146 basehttp 21732 18024 "GET /letters/sessions/pending/ HTTP/1.1" 200 48451
INFO 2026-04-07 01:02:59,801 basehttp 21732 18024 "GET / HTTP/1.1" 200 97466
INFO 2026-04-07 01:03:02,898 basehttp 21732 18024 "GET /letters/pending/ HTTP/1.1" 200 53899
INFO 2026-04-07 01:03:03,785 basehttp 21732 18024 "GET /letters/radius/pending/ HTTP/1.1" 200 48652
INFO 2026-04-07 01:03:05,142 basehttp 21732 18024 "GET /letters/sessions/pending/ HTTP/1.1" 200 48451
INFO 2026-04-07 01:03:06,185 basehttp 21732 18024 "GET /letters/client/pending/ HTTP/1.1" 200 41713
INFO 2026-04-07 01:03:09,113 basehttp 21732 18024 "GET /letters/reports/ HTTP/1.1" 200 67022
INFO 2026-04-07 01:03:13,267 basehttp 21732 18024 "GET /accounts/users/ HTTP/1.1" 200 53790
INFO 2026-04-07 01:03:16,420 basehttp 21732 18024 "GET /accounts/roles/permissions/ HTTP/1.1" 200 123137
INFO 2026-04-07 01:03:20,701 basehttp 21732 18024 "GET / HTTP/1.1" 200 97466
INFO 2026-04-07 01:03:35,808 basehttp 21732 18024 "GET /letters/pending/ HTTP/1.1" 200 53899
INFO 2026-04-07 01:03:41,602 basehttp 21732 18024 "GET /letters/pending/ HTTP/1.1" 200 53899
INFO 2026-04-07 01:03:43,309 basehttp 21732 18024 "GET /letters/pending/ HTTP/1.1" 200 53899
INFO 2026-04-07 01:04:20,531 basehttp 21732 22608 "GET /letters/radius/pending/ HTTP/1.1" 200 48652
INFO 2026-04-07 01:04:25,106 basehttp 21732 22608 "GET /letters/sessions/pending/ HTTP/1.1" 200 48451
INFO 2026-04-07 01:04:27,041 basehttp 21732 22608 "GET /letters/radius/pending/ HTTP/1.1" 200 48652
INFO 2026-04-07 01:04:34,104 basehttp 21732 22608 "GET /letters/pending/ HTTP/1.1" 200 53899
INFO 2026-04-07 01:04:38,480 basehttp 21732 22608 "GET /letters/client/pending/ HTTP/1.1" 200 41713
INFO 2026-04-07 01:04:47,977 basehttp 21732 22608 "GET /letters/pending/ HTTP/1.1" 200 53899
INFO 2026-04-07 01:04:53,077 basehttp 21732 22608 "GET /letters/radius/pending/ HTTP/1.1" 200 48652
INFO 2026-04-07 01:04:53,999 basehttp 21732 22608 "GET /letters/sessions/pending/ HTTP/1.1" 200 48451
INFO 2026-04-07 01:04:54,672 basehttp 21732 22608 "GET /letters/client/pending/ HTTP/1.1" 200 41713
ERROR 2026-04-07 01:18:31,503 basehttp 21732 4652 "GET /letters/client/pending/ HTTP/1.1" 500 192885
ERROR 2026-04-07 01:18:41,110 basehttp 21732 4652 "GET /letters/client/pending/ HTTP/1.1" 500 192885
INFO 2026-04-07 01:49:44,522 autoreload 14632 7456 Watching for file changes with StatReloader
ERROR 2026-04-07 01:49:50,669 basehttp 14632 21724 "GET /letters/sessions/pending/ HTTP/1.1" 500 214140
ERROR 2026-04-07 01:49:59,746 basehttp 14632 21724 "GET / HTTP/1.1" 500 285927
INFO 2026-04-07 01:57:48,277 autoreload 20068 23268 Watching for file changes with StatReloader
INFO 2026-04-07 01:59:26,191 autoreload 20068 23268 C:\PycharmProjects\letter_portal\apps\documents\admin.py changed, reloading.
INFO 2026-04-07 01:59:30,900 autoreload 19288 23496 Watching for file changes with StatReloader
INFO 2026-04-07 02:01:19,594 autoreload 19968 2064 Watching for file changes with StatReloader
ERROR 2026-04-07 02:01:27,701 basehttp 19968 11600 "GET / HTTP/1.1" 500 286122
ERROR 2026-04-07 02:03:57,296 basehttp 19968 15452 "GET / HTTP/1.1" 500 286122
ERROR 2026-04-07 02:04:08,198 basehttp 19968 15452 "GET / HTTP/1.1" 500 286122
ERROR 2026-04-07 02:05:14,643 basehttp 19968 15452 "GET / HTTP/1.1" 500 285532
ERROR 2026-04-07 02:06:24,403 basehttp 19968 15452 "GET / HTTP/1.1" 500 285532
INFO 2026-04-07 02:07:05,113 autoreload 19968 2064 C:\PycharmProjects\letter_portal\config\urls.py changed, reloading.
INFO 2026-04-07 02:07:08,697 autoreload 6252 14724 Watching for file changes with StatReloader
INFO 2026-04-07 02:07:11,010 basehttp 6252 9484 "GET / HTTP/1.1" 200 103694
INFO 2026-04-07 02:07:30,201 basehttp 6252 9484 "GET /documents/type/policy/ HTTP/1.1" 200 39299
INFO 2026-04-07 02:07:37,865 basehttp 6252 9484 "GET /documents/type/change_mgmt/ HTTP/1.1" 200 39281
INFO 2026-04-07 02:07:41,754 basehttp 6252 9484 "GET /documents/type/po_box/ HTTP/1.1" 200 39263
INFO 2026-04-07 02:07:45,242 basehttp 6252 9484 "GET /documents/type/letter_spanish/ HTTP/1.1" 200 39275
INFO 2026-04-07 02:07:51,034 basehttp 6252 9484 "GET /documents/type/business_rule/?category=layout HTTP/1.1" 200 39257
INFO 2026-04-07 02:07:56,758 basehttp 6252 9484 "GET /letters/create/facs/ HTTP/1.1" 200 79135
INFO 2026-04-07 02:08:06,068 basehttp 6252 9484 "GET /accounts/users/ HTTP/1.1" 200 60018
INFO 2026-04-07 02:09:21,880 basehttp 6252 9484 "GET / HTTP/1.1" 200 103694
INFO 2026-04-07 02:18:00,360 autoreload 6252 14724 C:\PycharmProjects\letter_portal\apps\documents\views.py changed, reloading.
INFO 2026-04-07 02:18:06,520 autoreload 22520 6180 Watching for file changes with StatReloader
INFO 2026-04-07 02:18:52,153 autoreload 19992 15076 Watching for file changes with StatReloader
INFO 2026-04-07 02:19:02,024 basehttp 19992 23484 "GET /documents/type/po_box/ HTTP/1.1" 200 39733
INFO 2026-04-07 02:19:07,200 basehttp 19992 23484 "GET /documents/1/view/ HTTP/1.1" 200 48222
INFO 2026-04-07 02:19:18,054 basehttp 19992 23484 "GET /documents/type/po_box/ HTTP/1.1" 200 39733
INFO 2026-04-07 02:19:24,368 basehttp 19992 23484 "GET /documents/1/view/ HTTP/1.1" 200 48222
INFO 2026-04-07 02:19:43,316 basehttp 19992 23484 "GET /documents/type/po_box/ HTTP/1.1" 200 39733
INFO 2026-04-07 02:19:47,269 basehttp 19992 23484 "GET /documents/1/view/ HTTP/1.1" 200 48222
INFO 2026-04-07 02:19:51,218 basehttp 19992 23484 "GET /documents/type/po_box/ HTTP/1.1" 200 39733
INFO 2026-04-07 02:19:53,917 basehttp 19992 23484 "GET /documents/1/view/ HTTP/1.1" 200 48222
INFO 2026-04-07 02:20:04,273 basehttp 19992 23484 "GET /documents/type/po_box/ HTTP/1.1" 200 39733
INFO 2026-04-07 02:20:05,750 basehttp 19992 23484 - Broken pipe from ('127.0.0.1', 50178)
INFO 2026-04-07 02:20:06,060 basehttp 19992 17140 - Broken pipe from ('127.0.0.1', 64308)
INFO 2026-04-07 02:20:06,365 basehttp 19992 23108 "GET /documents/type/po_box/ HTTP/1.1" 200 39733
INFO 2026-04-07 02:20:09,048 basehttp 19992 23108 "GET /documents/1/view/ HTTP/1.1" 200 48222
INFO 2026-04-07 02:23:52,578 basehttp 19992 23108 "GET /documents/type/po_box/ HTTP/1.1" 200 39733
INFO 2026-04-07 02:23:59,469 basehttp 19992 23108 "GET / HTTP/1.1" 200 103670
INFO 2026-04-07 02:26:25,305 autoreload 12792 21280 Watching for file changes with StatReloader
INFO 2026-04-07 02:26:59,175 basehttp 12792 3704 "GET /documents/type/policy/ HTTP/1.1" 200 46495
INFO 2026-04-07 02:26:59,804 basehttp 12792 21936 - Broken pipe from ('127.0.0.1', 51715)
ERROR 2026-04-07 02:27:05,708 basehttp 12792 3704 "GET /documents/10/view/ HTTP/1.1" 500 96198
INFO 2026-04-07 02:27:17,974 basehttp 12792 3704 "GET /documents/type/flowchart/ HTTP/1.1" 200 40860
INFO 2026-04-07 02:27:21,951 basehttp 12792 3704 "GET /documents/type/change_mgmt/ HTTP/1.1" 200 40902
INFO 2026-04-07 02:27:24,927 basehttp 12792 3704 "GET /documents/type/po_box/ HTTP/1.1" 200 41273
INFO 2026-04-07 02:27:26,966 basehttp 12792 3704 "GET /documents/type/client_approval/ HTTP/1.1" 200 40974
INFO 2026-04-07 02:27:32,912 basehttp 12792 3704 "GET /documents/type/disclosure_en/ HTTP/1.1" 200 42807
ERROR 2026-04-07 02:27:36,157 basehttp 12792 3704 "GET /documents/15/view/ HTTP/1.1" 500 96214
INFO 2026-04-07 02:27:42,740 basehttp 12792 3704 "GET /documents/type/master_disclosure/ HTTP/1.1" 200 41389
INFO 2026-04-07 02:27:49,072 basehttp 12792 3704 "GET /documents/type/business_rule/?category=filters HTTP/1.1" 200 40887
INFO 2026-04-07 02:27:53,528 basehttp 12792 3704 "GET /documents/type/business_rule/?category=flags HTTP/1.1" 200 40887
INFO 2026-04-07 02:28:59,273 basehttp 12792 3704 "GET / HTTP/1.1" 200 103694
INFO 2026-04-07 02:29:03,963 basehttp 12792 3704 "GET /admin/ HTTP/1.1" 200 8024
INFO 2026-04-07 02:29:14,910 basehttp 12792 3704 "GET /admin/documents/document/ HTTP/1.1" 200 36017
INFO 2026-04-07 02:29:15,056 basehttp 12792 3704 "GET /static/admin/css/changelists.css HTTP/1.1" 200 6878
INFO 2026-04-07 02:29:15,062 basehttp 12792 20444 "GET /static/admin/js/vendor/jquery/jquery.js HTTP/1.1" 200 285314
INFO 2026-04-07 02:29:15,101 basehttp 12792 14616 "GET /static/admin/js/jquery.init.js HTTP/1.1" 200 347
INFO 2026-04-07 02:29:15,112 basehttp 12792 20580 "GET /static/admin/js/admin/RelatedObjectLookups.js HTTP/1.1" 200 9777
INFO 2026-04-07 02:29:15,117 basehttp 12792 19548 "GET /static/admin/js/core.js HTTP/1.1" 200 6208
INFO 2026-04-07 02:29:15,215 basehttp 12792 3704 "GET /static/admin/js/actions.js HTTP/1.1" 200 8076
INFO 2026-04-07 02:29:15,245 basehttp 12792 11416 "GET /admin/jsi18n/ HTTP/1.1" 200 3342
INFO 2026-04-07 02:29:15,299 basehttp 12792 20444 "GET /static/admin/js/urlify.js HTTP/1.1" 200 7887
INFO 2026-04-07 02:29:15,328 basehttp 12792 14616 "GET /static/admin/js/prepopulate.js HTTP/1.1" 200 1531
INFO 2026-04-07 02:29:15,355 basehttp 12792 20580 "GET /static/admin/img/search.svg HTTP/1.1" 200 458
INFO 2026-04-07 02:29:15,400 basehttp 12792 19548 "GET /static/admin/js/vendor/xregexp/xregexp.js HTTP/1.1" 200 325171
INFO 2026-04-07 02:29:15,441 basehttp 12792 3704 "GET /static/admin/img/icon-yes.svg HTTP/1.1" 200 436
INFO 2026-04-07 02:29:15,605 basehttp 12792 19548 "GET /static/admin/js/filters.js HTTP/1.1" 200 978
INFO 2026-04-07 02:29:15,656 basehttp 12792 3704 "GET /static/admin/img/tooltag-add.svg HTTP/1.1" 200 331
INFO 2026-04-07 02:29:15,670 basehttp 12792 14616 "GET /static/admin/img/icon-viewlink.svg HTTP/1.1" 200 581
INFO 2026-04-07 02:29:15,677 basehttp 12792 20580 "GET /static/admin/img/sorting-icons.svg HTTP/1.1" 200 1097
INFO 2026-04-07 02:29:30,664 basehttp 12792 20580 "GET /admin/documents/document/1/change/ HTTP/1.1" 200 27848
INFO 2026-04-07 02:29:30,734 basehttp 12792 3704 "GET /admin/jsi18n/ HTTP/1.1" 200 3342
INFO 2026-04-07 02:29:30,788 basehttp 12792 20580 "GET /static/admin/css/forms.css HTTP/1.1" 200 8525
INFO 2026-04-07 02:29:30,806 basehttp 12792 14616 "GET /static/admin/js/prepopulate_init.js HTTP/1.1" 200 586
INFO 2026-04-07 02:29:30,848 basehttp 12792 20580 "GET /static/admin/img/icon-deletelink.svg HTTP/1.1" 200 392
INFO 2026-04-07 02:29:30,859 basehttp 12792 3704 "GET /static/admin/css/widgets.css HTTP/1.1" 200 11991
INFO 2026-04-07 02:29:31,063 basehttp 12792 20580 "GET /static/admin/js/change_form.js HTTP/1.1" 200 606
INFO 2026-04-07 02:29:43,546 basehttp 12792 20580 "GET /admin/ HTTP/1.1" 200 8024
INFO 2026-04-07 02:29:45,509 basehttp 12792 20580 "GET /admin/documents/document/1/change/ HTTP/1.1" 200 27848
INFO 2026-04-07 02:29:47,343 basehttp 12792 20580 "GET /admin/documents/document/ HTTP/1.1" 200 36017
INFO 2026-04-07 02:29:48,953 basehttp 12792 20580 "GET /admin/ HTTP/1.1" 200 8024
INFO 2026-04-07 02:29:53,971 basehttp 12792 20580 "GET /accounts/users/ HTTP/1.1" 200 60018
ERROR 2026-04-07 02:33:30,578 basehttp 12792 23048 "GET /accounts/users/ HTTP/1.1" 500 212371
ERROR 2026-04-07 02:35:00,539 basehttp 12792 23048 "GET /accounts/users/ HTTP/1.1" 500 212371
INFO 2026-04-07 02:35:00,756 autoreload 12792 21280 C:\PycharmProjects\letter_portal\apps\documents\views.py changed, reloading.
INFO 2026-04-07 02:35:06,039 autoreload 16792 21344 Watching for file changes with StatReloader
ERROR 2026-04-07 02:35:08,723 basehttp 16792 17876 "GET /accounts/users/ HTTP/1.1" 500 212371
ERROR 2026-04-07 02:35:13,971 basehttp 16792 17876 "GET /accounts/users/ HTTP/1.1" 500 212371
INFO 2026-04-07 02:36:47,278 autoreload 16792 21344 C:\PycharmProjects\letter_portal\apps\documents\views.py changed, reloading.
INFO 2026-04-07 02:36:53,078 autoreload 23268 6040 Watching for file changes with StatReloader
INFO 2026-04-07 02:38:21,016 autoreload 23268 6040 C:\PycharmProjects\letter_portal\apps\documents\views.py changed, reloading.
INFO 2026-04-07 02:38:30,527 autoreload 19412 17140 Watching for file changes with StatReloader
INFO 2026-04-07 02:38:46,079 autoreload 19412 17140 C:\PycharmProjects\letter_portal\apps\documents\views.py changed, reloading.
INFO 2026-04-07 02:38:50,900 autoreload 18544 10616 Watching for file changes with StatReloader
INFO 2026-04-07 02:41:57,714 autoreload 18544 10616 C:\PycharmProjects\letter_portal\apps\documents\urls.py changed, reloading.
INFO 2026-04-07 02:42:01,810 autoreload 9308 16748 Watching for file changes with StatReloader
INFO 2026-04-07 02:42:13,086 autoreload 9308 16748 C:\PycharmProjects\letter_portal\apps\documents\urls.py changed, reloading.
INFO 2026-04-07 02:42:16,628 autoreload 1832 21876 Watching for file changes with StatReloader
ERROR 2026-04-07 02:42:34,585 basehttp 1832 14616 "GET /accounts/users/ HTTP/1.1" 500 212471
INFO 2026-04-07 02:43:27,257 autoreload 1832 21876 C:\PycharmProjects\letter_portal\apps\documents\urls.py changed, reloading.
INFO 2026-04-07 02:43:31,071 autoreload 5952 14692 Watching for file changes with StatReloader
INFO 2026-04-07 02:44:56,134 autoreload 5952 14692 C:\PycharmProjects\letter_portal\apps\documents\views.py changed, reloading.
INFO 2026-04-07 02:45:00,423 autoreload 18588 20716 Watching for file changes with StatReloader
INFO 2026-04-07 02:45:01,805 basehttp 18588 19124 "GET /accounts/users/ HTTP/1.1" 200 60248
ERROR 2026-04-07 02:45:07,870 basehttp 18588 19124 "GET /documents/management/ HTTP/1.1" 500 280171
INFO 2026-04-07 02:48:09,295 basehttp 18588 19124 "GET /documents/management/ HTTP/1.1" 200 78181
ERROR 2026-04-07 02:48:28,758 basehttp 18588 19124 "GET /documents/management/28/edit/ HTTP/1.1" 500 99349
INFO 2026-04-07 02:48:37,991 basehttp 18588 19124 "GET /documents/management/?page=2&search=None&type=vendor_link&status=None&visibility=None HTTP/1.1" 200 45594
INFO 2026-04-07 02:48:57,506 basehttp 18588 19124 - Broken pipe from ('127.0.0.1', 61750)
ERROR 2026-04-07 02:48:58,461 basehttp 18588 2792 "GET /documents/management/create/ HTTP/1.1" 500 201818
INFO 2026-04-07 02:49:08,223 basehttp 18588 2792 "GET / HTTP/1.1" 200 103924
INFO 2026-04-07 02:49:13,320 basehttp 18588 2792 "GET /documents/management/ HTTP/1.1" 200 78181
WARNING 2026-04-07 02:49:27,946 log 18588 2792 Forbidden (CSRF token from the 'X-Csrftoken' HTTP header has incorrect length.): /documents/management/28/toggle/
WARNING 2026-04-07 02:49:29,693 basehttp 18588 2792 "POST /documents/management/28/toggle/ HTTP/1.1" 403 2549
ERROR 2026-04-07 02:49:37,937 basehttp 18588 2792 "GET /documents/management/create/ HTTP/1.1" 500 201738
INFO 2026-04-07 02:49:52,881 basehttp 18588 2792 "GET /documents/type/business_rule/?category=filters HTTP/1.1" 200 41120
INFO 2026-04-07 02:49:58,715 basehttp 18588 2792 "GET /documents/management/ HTTP/1.1" 200 78181
INFO 2026-04-07 02:51:02,841 basehttp 18588 2792 "GET /letters/ HTTP/1.1" 200 88871
INFO 2026-04-07 02:51:10,291 basehttp 18588 2792 "GET /letters/radius/pending/ HTTP/1.1" 200 55110
INFO 2026-04-07 02:51:11,988 basehttp 18588 2792 "GET /letters/sessions/pending/ HTTP/1.1" 200 54909
INFO 2026-04-07 02:51:12,808 basehttp 18588 2792 "GET /letters/client/pending/ HTTP/1.1" 200 48172
INFO 2026-04-07 02:51:14,763 basehttp 18588 2792 "GET /letters/sessions/pending/ HTTP/1.1" 200 54909
INFO 2026-04-07 02:51:15,697 basehttp 18588 2792 "GET /letters/radius/pending/ HTTP/1.1" 200 55110
INFO 2026-04-07 02:51:16,390 basehttp 18588 2792 "GET /letters/sessions/pending/ HTTP/1.1" 200 54909
INFO 2026-04-07 02:51:18,192 basehttp 18588 2792 "GET /letters/client/pending/ HTTP/1.1" 200 48172
INFO 2026-04-07 02:51:21,062 basehttp 18588 2792 "GET /letters/sessions/pending/ HTTP/1.1" 200 54909
INFO 2026-04-07 02:51:21,867 basehttp 18588 2792 "GET /letters/client/pending/ HTTP/1.1" 200 48172
INFO 2026-04-07 02:51:22,889 basehttp 18588 2792 "GET /letters/radius/pending/ HTTP/1.1" 200 55110
INFO 2026-04-07 02:51:23,770 basehttp 18588 2792 "GET /letters/sessions/pending/ HTTP/1.1" 200 54909
INFO 2026-04-07 02:51:24,436 basehttp 18588 2792 "GET /letters/client/pending/ HTTP/1.1" 200 48172
INFO 2026-04-07 02:51:25,574 basehttp 18588 2792 "GET /letters/pending/ HTTP/1.1" 200 60357
INFO 2026-04-07 02:51:56,716 basehttp 18588 2792 "GET /letters/radius/pending/ HTTP/1.1" 200 55110
INFO 2026-04-07 02:51:59,190 basehttp 18588 2792 "GET /letters/sessions/pending/ HTTP/1.1" 200 54909
INFO 2026-04-07 02:52:00,305 basehttp 18588 2792 "GET /letters/client/pending/ HTTP/1.1" 200 48172
INFO 2026-04-07 02:52:02,213 basehttp 18588 2792 "GET /letters/create/facs/ HTTP/1.1" 200 79365
INFO 2026-04-07 02:52:03,749 basehttp 18588 2792 "GET /letters/create/artiva/ HTTP/1.1" 200 72323
INFO 2026-04-07 02:52:09,419 basehttp 18588 2792 "GET /letters/create/facs/ HTTP/1.1" 200 79365
INFO 2026-04-07 02:52:11,442 basehttp 18588 2792 "GET / HTTP/1.1" 200 103924
INFO 2026-04-07 02:52:13,613 basehttp 18588 2792 "GET /letters/ HTTP/1.1" 200 88871
INFO 2026-04-07 02:52:37,499 basehttp 18588 2792 "GET /documents/management/ HTTP/1.1" 200 78181
ERROR 2026-04-07 02:52:41,184 basehttp 18588 2792 "GET /documents/management/create/ HTTP/1.1" 500 201738
INFO 2026-04-07 02:53:56,220 basehttp 18588 2792 "GET /documents/management/create/ HTTP/1.1" 200 41765
INFO 2026-04-07 02:54:48,444 basehttp 18588 2792 "GET /documents/management/ HTTP/1.1" 200 78181
ERROR 2026-04-07 02:54:50,785 basehttp 18588 2792 "GET /documents/management/28/edit/ HTTP/1.1" 500 99349
WARNING 2026-04-07 02:55:11,897 log 18588 2792 Forbidden (CSRF token from the 'X-Csrftoken' HTTP header has incorrect length.): /documents/management/23/toggle/
WARNING 2026-04-07 02:55:11,914 basehttp 18588 2792 "POST /documents/management/23/toggle/ HTTP/1.1" 403 2549
ERROR 2026-04-07 02:55:26,511 basehttp 18588 2792 "GET /documents/management/bulk-upload/ HTTP/1.1" 500 99117
INFO 2026-04-07 02:56:25,638 basehttp 18588 2792 "GET /documents/management/28/edit/ HTTP/1.1" 200 42929
INFO 2026-04-07 02:56:36,890 basehttp 18588 2792 "GET /documents/management/28/edit/ HTTP/1.1" 200 42929
INFO 2026-04-07 02:56:39,039 basehttp 18588 2792 "GET /documents/management/ HTTP/1.1" 200 78181
INFO 2026-04-07 02:56:41,341 basehttp 18588 2792 "GET /documents/management/16/edit/ HTTP/1.1" 200 42990
INFO 2026-04-07 02:59:27,893 basehttp 18588 2792 "GET /documents/management/ HTTP/1.1" 200 78273
INFO 2026-04-07 02:59:35,898 basehttp 18588 2792 "GET /documents/type/policy/ HTTP/1.1" 200 46853
ERROR 2026-04-07 02:59:37,481 basehttp 18588 2792 "GET /documents/10/view/ HTTP/1.1" 500 96424
ERROR 2026-04-07 03:01:45,595 basehttp 18588 2792 "GET /documents/10/view/ HTTP/1.1" 500 202555
ERROR 2026-04-07 03:01:48,619 basehttp 18588 2792 "GET /documents/10/view/ HTTP/1.1" 500 202555
ERROR 2026-04-07 03:02:04,771 basehttp 18588 2792 "GET /documents/10/view/ HTTP/1.1" 500 202555
INFO 2026-04-07 03:03:08,956 autoreload 18588 20716 C:\PycharmProjects\letter_portal\apps\documents\views.py changed, reloading.
INFO 2026-04-07 03:03:15,541 autoreload 7468 15884 Watching for file changes with StatReloader
ERROR 2026-04-07 03:03:18,952 basehttp 7468 21760 "GET /documents/10/view/ HTTP/1.1" 500 202607
ERROR 2026-04-07 03:04:07,762 basehttp 7468 21760 "GET /documents/10/view/ HTTP/1.1" 500 202607
ERROR 2026-04-07 03:04:11,468 basehttp 7468 21760 "GET /documents/10/view/ HTTP/1.1" 500 202633
ERROR 2026-04-07 03:04:22,266 basehttp 7468 21760 "GET /documents/10/view/ HTTP/1.1" 500 202496
INFO 2026-04-07 03:04:55,310 basehttp 7468 21760 "GET /documents/type/policy/ HTTP/1.1" 200 46853
INFO 2026-04-07 03:05:01,027 basehttp 7468 21760 "GET /accounts/users/ HTTP/1.1" 200 60340
INFO 2026-04-07 03:05:06,193 basehttp 7468 21760 "GET /documents/management/ HTTP/1.1" 200 78273
INFO 2026-04-07 03:07:11,384 basehttp 7468 21760 "GET / HTTP/1.1" 200 104016
INFO 2026-04-07 03:07:32,039 basehttp 7468 21760 "GET /letters/pending/ HTTP/1.1" 200 60449
INFO 2026-04-09 21:29:09,424 autoreload 16536 17848 Watching for file changes with StatReloader
INFO 2026-04-09 21:29:56,176 basehttp 16536 21356 "GET / HTTP/1.1" 302 0
INFO 2026-04-09 21:29:56,806 basehttp 16536 21356 "GET /accounts/login/?next=/ HTTP/1.1" 200 10189
INFO 2026-04-09 21:29:57,152 basehttp 16536 19328 "GET /static/css/dashboard.css HTTP/1.1" 304 0
INFO 2026-04-09 21:29:57,154 basehttp 16536 21356 "GET /static/css/login.css HTTP/1.1" 304 0
INFO 2026-04-09 21:29:57,176 basehttp 16536 10756 "GET /static/css/theme.css HTTP/1.1" 304 0
INFO 2026-04-09 21:29:57,391 basehttp 16536 17736 "GET /static/js/main.js HTTP/1.1" 304 0
INFO 2026-04-09 21:29:57,470 basehttp 16536 19328 "GET /static/css/style.css HTTP/1.1" 304 0
INFO 2026-04-09 21:31:20,444 basehttp 16536 19328 "POST /accounts/login/ HTTP/1.1" 200 10746
INFO 2026-04-09 21:31:32,193 basehttp 16536 19328 "POST /accounts/login/ HTTP/1.1" 302 0
INFO 2026-04-09 21:31:33,746 basehttp 16536 19328 "GET / HTTP/1.1" 200 104506
INFO 2026-04-09 21:31:41,098 basehttp 16536 19328 "GET /letters/create/facs/ HTTP/1.1" 200 79442
INFO 2026-04-09 21:31:44,764 basehttp 16536 19328 - Broken pipe from ('127.0.0.1', 63997)
INFO 2026-04-09 21:31:45,026 basehttp 16536 17736 "GET /letters/create/artiva/ HTTP/1.1" 200 72400
INFO 2026-04-09 21:31:46,377 basehttp 16536 17736 "GET /letters/my-drafts/ HTTP/1.1" 200 67638
INFO 2026-04-09 21:31:50,595 basehttp 16536 17736 "GET /letters/radius/pending/ HTTP/1.1" 200 55187
INFO 2026-04-09 21:31:57,206 basehttp 16536 17736 "GET /letters/sessions/pending/ HTTP/1.1" 200 54986
INFO 2026-04-09 21:31:59,861 basehttp 16536 17736 "GET /letters/client/pending/ HTTP/1.1" 200 48240
INFO 2026-04-09 21:32:23,737 basehttp 16536 17736 "GET /documents/type/policy/ HTTP/1.1" 200 46838
INFO 2026-04-09 21:32:27,577 basehttp 16536 17736 "GET /documents/type/flowchart/ HTTP/1.1" 200 41203
INFO 2026-04-09 21:32:30,540 basehttp 16536 24000 "GET /documents/type/change_mgmt/ HTTP/1.1" 200 41245
INFO 2026-04-09 21:32:36,464 basehttp 16536 24000 "GET /documents/type/po_box/ HTTP/1.1" 200 41616
INFO 2026-04-09 21:32:38,555 basehttp 16536 24000 "GET /documents/1/view/ HTTP/1.1" 200 48529
INFO 2026-04-09 21:33:53,991 basehttp 16536 24000 "GET /letters/radius/pending/ HTTP/1.1" 200 55187
INFO 2026-04-09 21:33:56,309 basehttp 16536 24000 "GET /letters/sessions/pending/ HTTP/1.1" 200 54986
INFO 2026-04-09 21:33:57,686 basehttp 16536 24000 "GET /letters/client/pending/ HTTP/1.1" 200 48240
INFO 2026-04-09 21:34:06,797 basehttp 16536 24000 "GET / HTTP/1.1" 200 104003
INFO 2026-04-09 21:34:49,929 basehttp 16536 24000 "GET /letters/radius/pending/ HTTP/1.1" 200 55187
INFO 2026-04-09 21:34:51,514 basehttp 16536 24000 "GET /letters/sessions/pending/ HTTP/1.1" 200 54986
INFO 2026-04-09 21:34:53,099 basehttp 16536 24000 "GET /letters/client/pending/ HTTP/1.1" 200 48240
INFO 2026-04-09 21:34:54,747 basehttp 16536 24000 "GET /letters/radius/pending/ HTTP/1.1" 200 55187
INFO 2026-04-09 21:34:56,480 basehttp 16536 24000 "GET /letters/pending/ HTTP/1.1" 200 60434
INFO 2026-04-09 21:35:03,496 basehttp 16536 24000 "GET /letters/radius/pending/ HTTP/1.1" 200 55187
INFO 2026-04-09 21:35:07,629 basehttp 16536 24000 "GET /letters/21/radius/approve/ HTTP/1.1" 200 41673
INFO 2026-04-09 21:35:12,317 basehttp 16536 24000 "POST /letters/21/radius/approve/ HTTP/1.1" 302 0
INFO 2026-04-09 21:35:12,575 basehttp 16536 24000 "GET /letters/pending/ HTTP/1.1" 200 59673
INFO 2026-04-09 21:35:25,717 basehttp 16536 24000 "GET /letters/32/radius/approve/ HTTP/1.1" 200 41664
ERROR 2026-04-09 21:35:29,009 basehttp 16536 24000 "POST /letters/32/radius/approve/ HTTP/1.1" 500 237837
INFO 2026-04-09 21:35:39,684 basehttp 16536 24000 "GET / HTTP/1.1" 200 103996
INFO 2026-04-09 21:41:54,751 basehttp 16536 24160 "GET / HTTP/1.1" 200 103996
INFO 2026-04-09 21:41:57,081 basehttp 16536 24160 "GET /letters/create/facs/ HTTP/1.1" 200 79435
INFO 2026-04-09 21:41:59,623 basehttp 16536 24160 "GET /letters/create/artiva/ HTTP/1.1" 200 72393
INFO 2026-04-09 21:42:02,860 basehttp 16536 24160 "GET /letters/ HTTP/1.1" 200 88941
INFO 2026-04-09 23:37:09,918 autoreload 12276 5080 Watching for file changes with StatReloader
INFO 2026-04-10 22:20:37,646 autoreload 20700 20724 Watching for file changes with StatReloader
INFO 2026-04-10 22:22:01,342 basehttp 20700 19248 "GET / HTTP/1.1" 302 0
INFO 2026-04-10 22:22:01,810 basehttp 20700 19248 "GET /accounts/login/?next=/ HTTP/1.1" 200 10189
INFO 2026-04-10 22:33:13,314 basehttp 20700 1212 "POST /accounts/login/ HTTP/1.1" 302 0
INFO 2026-04-10 22:33:27,875 basehttp 20700 1212 "GET / HTTP/1.1" 200 104490
INFO 2026-04-10 22:34:28,612 basehttp 20700 17976 "GET /letters/create/facs/ HTTP/1.1" 200 79427
INFO 2026-04-10 22:34:28,624 basehttp 20700 1212 - Broken pipe from ('127.0.0.1', 56316)
INFO 2026-04-10 22:35:32,326 basehttp 20700 17976 "GET /letters/ HTTP/1.1" 200 88951
INFO 2026-04-10 22:35:45,458 basehttp 20700 17976 "GET /letters/create/facs/ HTTP/1.1" 200 79445
INFO 2026-04-10 22:38:04,193 basehttp 20700 17976 "POST /letters/create/facs/ HTTP/1.1" 302 0
INFO 2026-04-10 22:38:04,528 basehttp 20700 17976 "GET /letters/18/submit/ HTTP/1.1" 302 0
INFO 2026-04-10 22:38:04,741 basehttp 20700 17976 "GET /letters/18/facs/ HTTP/1.1" 200 55278
INFO 2026-04-10 22:38:35,829 basehttp 20700 17976 "GET /letters/radius/pending/ HTTP/1.1" 200 53382
INFO 2026-04-10 22:38:44,975 basehttp 20700 17976 "GET /letters/26/radius/approve/ HTTP/1.1" 200 41631
INFO 2026-04-10 22:39:00,676 basehttp 20700 17976 "GET /letters/sessions/pending/ HTTP/1.1" 200 56466
INFO 2026-04-10 22:39:48,720 basehttp 20700 17976 "GET /letters/radius/pending/ HTTP/1.1" 200 53379
INFO 2026-04-10 22:39:50,428 basehttp 20700 17976 "GET /letters/26/radius/approve/ HTTP/1.1" 200 41628
ERROR 2026-04-10 22:39:59,047 basehttp 20700 17976 "POST /letters/26/radius/approve/ HTTP/1.1" 500 237648
INFO 2026-04-10 22:40:10,259 basehttp 20700 17976 "GET /letters/radius/pending/ HTTP/1.1" 200 51866
INFO 2026-04-10 22:40:11,692 basehttp 20700 17976 "GET /letters/sessions/pending/ HTTP/1.1" 200 56460
INFO 2026-04-10 22:40:14,242 basehttp 20700 17976 "GET /letters/18/sessions/approve/ HTTP/1.1" 200 41959
INFO 2026-04-10 22:40:16,271 basehttp 20700 17976 "POST /letters/18/sessions/approve/ HTTP/1.1" 302 0
INFO 2026-04-10 22:40:17,686 basehttp 20700 17976 "GET /letters/pending/ HTTP/1.1" 200 58364
INFO 2026-04-10 22:40:23,795 basehttp 20700 17976 "GET /letters/sessions/pending/ HTTP/1.1" 200 54938
INFO 2026-04-10 22:40:30,263 basehttp 20700 17976 "GET /letters/ HTTP/1.1" 200 90622
INFO 2026-04-10 22:40:40,439 basehttp 20700 17976 "GET /letters/18/facs/ HTTP/1.1" 200 54226
INFO 2026-04-10 22:40:46,143 basehttp 20700 17976 "GET /letters/ HTTP/1.1" 200 90622
INFO 2026-04-10 22:41:19,708 basehttp 20700 17976 "GET /letters/reports/ HTTP/1.1" 200 73506
INFO 2026-04-10 22:42:25,960 basehttp 20700 17976 "GET /letters/ HTTP/1.1" 200 90622
INFO 2026-04-10 22:43:10,545 basehttp 20700 17976 "GET /letters/client/pending/ HTTP/1.1" 200 48187
INFO 2026-04-10 22:43:11,938 basehttp 20700 17976 "GET /letters/sessions/pending/ HTTP/1.1" 200 54938
INFO 2026-04-10 22:43:35,061 basehttp 20700 17976 "GET /letters/client/pending/ HTTP/1.1" 200 48187
INFO 2026-04-10 22:44:02,714 basehttp 20700 17976 "GET /documents/type/disclosure_en/ HTTP/1.1" 200 43064
ERROR 2026-04-10 22:44:11,303 basehttp 20700 17976 "GET /documents/15/view/ HTTP/1.1" 500 202423
INFO 2026-04-10 22:44:46,874 basehttp 20700 17976 "GET /documents/type/disclosure_es/ HTTP/1.1" 200 41757
INFO 2026-04-10 22:44:52,779 basehttp 20700 17976 "GET /documents/type/disclosure_en/ HTTP/1.1" 200 43064
INFO 2026-04-10 22:45:05,662 basehttp 20700 17976 "GET /documents/type/disclosure_en/ HTTP/1.1" 200 43064
INFO 2026-04-10 22:46:23,799 basehttp 20700 17976 "GET /accounts/users/ HTTP/1.1" 200 60272
INFO 2026-04-10 22:46:31,143 basehttp 20700 17976 "GET /documents/management/ HTTP/1.1" 200 78205
INFO 2026-04-10 22:49:28,077 basehttp 20700 17976 - Broken pipe from ('127.0.0.1', 53152)
INFO 2026-04-10 22:49:30,123 basehttp 20700 12264 "GET /documents/management/ HTTP/1.1" 200 78208
INFO 2026-04-10 22:50:53,062 basehttp 20700 12264 "GET /documents/management/20/edit/ HTTP/1.1" 200 42997
INFO 2026-04-10 22:51:01,704 basehttp 20700 12264 "GET /letters/create/facs/ HTTP/1.1" 200 79394
INFO 2026-04-10 22:51:26,824 basehttp 20700 12264 "GET /documents/management/ HTTP/1.1" 200 78210
INFO 2026-04-10 22:52:01,320 basehttp 20700 12264 "GET /documents/management/ HTTP/1.1" 200 78210
INFO 2026-04-10 22:52:12,113 basehttp 20700 12264 "GET /accounts/roles/permissions/ HTTP/1.1" 200 141532
INFO 2026-04-10 22:53:00,460 basehttp 20700 1460 "GET /letters/create/artiva/ HTTP/1.1" 200 72352
INFO 2026-04-10 22:53:03,097 basehttp 20700 1460 "GET /letters/my-drafts/ HTTP/1.1" 200 67590
INFO 2026-04-10 22:53:11,437 basehttp 20700 1460 "GET /letters/delegated/ HTTP/1.1" 200 42543
INFO 2026-04-10 22:53:29,990 basehttp 20700 1460 "GET / HTTP/1.1" 200 103984
INFO 2026-04-10 23:02:58,413 basehttp 20700 10320 "POST /accounts/logout/ HTTP/1.1" 302 0
INFO 2026-04-10 23:02:59,332 basehttp 20700 10320 "GET /accounts/login/ HTTP/1.1" 200 10189
INFO 2026-04-13 22:09:53,304 autoreload 21156 15560 Watching for file changes with StatReloader
INFO 2026-04-13 22:10:07,991 basehttp 21156 11796 "GET / HTTP/1.1" 302 0
INFO 2026-04-13 22:10:08,553 basehttp 21156 11796 "GET /accounts/login/?next=/ HTTP/1.1" 200 10189
INFO 2026-04-13 22:10:08,654 basehttp 21156 11796 "GET /static/css/style.css HTTP/1.1" 304 0
INFO 2026-04-13 22:10:08,654 basehttp 21156 21060 "GET /static/css/dashboard.css HTTP/1.1" 304 0
INFO 2026-04-13 22:10:08,679 basehttp 21156 21500 "GET /static/css/login.css HTTP/1.1" 304 0
INFO 2026-04-13 22:10:08,906 basehttp 21156 21060 "GET /static/css/theme.css HTTP/1.1" 304 0
INFO 2026-04-13 22:10:09,089 basehttp 21156 21060 "GET /static/js/main.js HTTP/1.1" 304 0
WARNING 2026-04-13 22:10:09,769 basehttp 21156 21060 "GET /favicon.ico HTTP/1.1" 404 4909
INFO 2026-04-13 22:10:28,516 basehttp 21156 21060 "POST /accounts/login/ HTTP/1.1" 302 0
INFO 2026-04-13 22:10:32,455 basehttp 21156 21060 "GET / HTTP/1.1" 200 104522
INFO 2026-04-13 22:10:53,579 basehttp 21156 21060 "GET /documents/type/po_box/ HTTP/1.1" 200 41603
INFO 2026-04-13 22:10:55,216 basehttp 21156 21060 "GET /documents/1/view/ HTTP/1.1" 200 48516
INFO 2026-04-13 22:11:06,184 basehttp 21156 21060 "GET /documents/management/ HTTP/1.1" 200 78245
INFO 2026-04-13 22:18:14,909 basehttp 21156 20016 "GET /documents/type/policy/ HTTP/1.1" 200 46825
ERROR 2026-04-13 22:18:17,434 basehttp 21156 20016 "GET /documents/10/view/ HTTP/1.1" 500 201954
INFO 2026-04-13 22:18:30,844 basehttp 21156 20016 "GET /documents/type/flowchart/ HTTP/1.1" 200 41190
INFO 2026-04-13 22:18:34,312 basehttp 21156 20016 "GET /documents/type/change_mgmt/ HTTP/1.1" 200 41232
INFO 2026-04-13 22:18:37,303 basehttp 21156 20016 "GET /documents/type/po_box/ HTTP/1.1" 200 41603
INFO 2026-04-13 22:18:39,857 basehttp 21156 20016 "GET /documents/type/client_approval/ HTTP/1.1" 200 41304
INFO 2026-04-13 22:18:42,130 basehttp 21156 20016 "GET /documents/type/disclosure_en/ HTTP/1.1" 200 43104
INFO 2026-04-13 22:18:45,120 basehttp 21156 20016 "GET /documents/type/disclosure_es/ HTTP/1.1" 200 41797
INFO 2026-04-13 22:18:48,796 basehttp 21156 20016 "GET /documents/type/master_disclosure/ HTTP/1.1" 200 41686
INFO 2026-04-13 22:18:52,117 basehttp 21156 20016 "GET /documents/type/letter_artiva/ HTTP/1.1" 200 41646
ERROR 2026-04-13 22:18:54,040 basehttp 21156 20016 "GET /documents/16/view/ HTTP/1.1" 500 202161
INFO 2026-04-13 22:19:16,468 basehttp 21156 20016 "GET /documents/management/ HTTP/1.1" 200 78245
INFO 2026-04-13 22:19:18,110 basehttp 21156 20016 "GET /documents/management/create/ HTTP/1.1" 200 42971
INFO 2026-04-13 22:30:18,139 basehttp 21156 17044 "GET / HTTP/1.1" 200 104019
INFO 2026-04-13 22:30:21,843 basehttp 21156 17044 "POST /accounts/logout/ HTTP/1.1" 302 0
INFO 2026-04-13 22:30:23,177 basehttp 21156 17044 "GET /accounts/login/ HTTP/1.1" 200 10189
INFO 2026-04-13 22:33:23,749 basehttp 21156 17044 "POST /accounts/login/ HTTP/1.1" 302 0
INFO 2026-04-13 22:33:33,702 basehttp 21156 17044 "GET / HTTP/1.1" 200 104522
INFO 2026-04-13 22:34:52,198 basehttp 21156 17044 "GET /accounts/users/ HTTP/1.1" 200 60312
INFO 2026-04-13 22:35:05,236 basehttp 21156 17044 "GET /documents/management/ HTTP/1.1" 200 78245
INFO 2026-04-13 22:35:08,409 basehttp 21156 17044 "GET /documents/management/create/ HTTP/1.1" 200 42971
INFO 2026-04-13 22:35:27,129 basehttp 21156 17044 "GET /documents/management/ HTTP/1.1" 200 78245
INFO 2026-04-13 22:35:32,916 basehttp 21156 17044 "GET /accounts/roles/permissions/ HTTP/1.1" 200 141567
INFO 2026-04-13 22:35:54,586 basehttp 21156 17044 "GET /letters/create/facs/ HTTP/1.1" 200 79429
INFO 2026-04-13 22:37:45,868 basehttp 21156 17044 "POST /letters/create/facs/ HTTP/1.1" 302 0
INFO 2026-04-13 22:37:46,131 basehttp 21156 17044 "GET /letters/19/submit/ HTTP/1.1" 302 0
INFO 2026-04-13 22:37:46,579 basehttp 21156 17044 "GET /letters/19/facs/ HTTP/1.1" 200 55275
INFO 2026-04-13 22:38:57,228 basehttp 21156 17044 "GET /letters/radius/pending/ HTTP/1.1" 200 53385
INFO 2026-04-13 22:39:03,039 basehttp 21156 17044 "GET /letters/28/radius/approve/ HTTP/1.1" 200 41634
INFO 2026-04-13 22:39:21,881 basehttp 21156 17044 "GET /letters/sessions/pending/ HTTP/1.1" 200 56472
INFO 2026-04-13 22:39:27,330 basehttp 21156 17044 "GET /letters/20/sessions/approve/ HTTP/1.1" 200 41970
INFO 2026-04-13 22:39:43,834 basehttp 21156 17044 "GET /letters/ HTTP/1.1" 200 91457
INFO 2026-04-13 22:39:55,485 basehttp 21156 17044 "GET /letters/19/facs/ HTTP/1.1" 200 54224
INFO 2026-04-13 22:40:08,187 basehttp 21156 17044 "GET /letters/ HTTP/1.1" 200 91449
INFO 2026-04-13 22:40:14,520 basehttp 21156 17044 "GET /letters/my-drafts/ HTTP/1.1" 200 67590
INFO 2026-04-13 22:40:25,075 basehttp 21156 25184 "GET /letters/create/facs/ HTTP/1.1" 200 79383
INFO 2026-04-13 22:40:26,702 basehttp 21156 17044 - Broken pipe from ('127.0.0.1', 55166)
INFO 2026-04-13 22:40:40,090 basehttp 21156 25184 "GET /letters/delegated/ HTTP/1.1" 200 42532
INFO 2026-04-13 22:40:56,916 basehttp 21156 25184 "GET /letters/create/facs/ HTTP/1.1" 200 79383
INFO 2026-04-13 22:41:04,533 basehttp 21156 25184 "GET /letters/create/artiva/ HTTP/1.1" 200 72341
INFO 2026-04-13 22:41:20,095 basehttp 21156 25184 "GET /documents/management/ HTTP/1.1" 200 78199
INFO 2026-04-13 22:41:32,020 basehttp 21156 25184 "GET /documents/type/policy/ HTTP/1.1" 200 46779
ERROR 2026-04-13 22:41:44,281 basehttp 21156 25184 "GET /documents/10/view/ HTTP/1.1" 500 201954
INFO 2026-04-13 22:42:06,721 basehttp 21156 25184 "GET /documents/management/ HTTP/1.1" 200 78199
ERROR 2026-04-13 22:42:22,599 basehttp 21156 25184 "GET /documents/management/bulk-upload/ HTTP/1.1" 500 98601
INFO 2026-04-13 22:42:35,881 basehttp 21156 25184 "GET /letters/ HTTP/1.1" 200 91438
INFO 2026-04-13 22:43:03,532 basehttp 21156 25184 "GET /documents/type/po_box/ HTTP/1.1" 200 41557
INFO 2026-04-13 22:43:05,603 basehttp 21156 25184 "GET /documents/1/view/ HTTP/1.1" 200 48470
INFO 2026-04-13 22:44:12,545 basehttp 21156 25184 "GET /documents/type/disclosure_es/ HTTP/1.1" 200 41751
INFO 2026-04-13 22:44:15,762 basehttp 21156 25184 "GET /documents/type/disclosure_en/ HTTP/1.1" 200 43058
INFO 2026-04-13 22:44:35,926 basehttp 21156 22952 "GET /letters/ HTTP/1.1" 200 91438
INFO 2026-04-13 22:47:11,551 basehttp 21156 22952 "POST /accounts/logout/ HTTP/1.1" 302 0
INFO 2026-04-13 22:47:11,581 basehttp 21156 22952 "GET /accounts/login/ HTTP/1.1" 200 10189
INFO 2026-04-13 22:55:57,062 basehttp 21156 12708 "GET / HTTP/1.1" 302 0
INFO 2026-04-13 22:55:57,082 basehttp 21156 12708 "GET /accounts/login/?next=/ HTTP/1.1" 200 10189
WARNING 2026-04-13 22:55:59,881 basehttp 21156 12708 "GET /login/?next=/ HTTP/1.1" 404 4901
WARNING 2026-04-13 22:56:05,780 basehttp 21156 12708 "GET /login/?next=/ HTTP/1.1" 404 4901
INFO 2026-04-13 22:56:10,710 basehttp 21156 12708 "GET / HTTP/1.1" 302 0
INFO 2026-04-13 22:56:10,741 basehttp 21156 12708 "GET /accounts/login/?next=/ HTTP/1.1" 200 10189
INFO 2026-04-20 22:49:25,095 autoreload 6532 24476 Watching for file changes with StatReloader
INFO 2026-04-20 23:05:32,908 basehttp 6532 9348 "GET / HTTP/1.1" 302 0
INFO 2026-04-20 23:05:33,410 basehttp 6532 9348 "GET /accounts/login/?next=/ HTTP/1.1" 200 10189
INFO 2026-04-20 23:05:33,532 basehttp 6532 15980 "GET /static/css/style.css HTTP/1.1" 200 32991
INFO 2026-04-20 23:05:33,533 basehttp 6532 9348 "GET /static/css/theme.css HTTP/1.1" 200 3294
INFO 2026-04-20 23:05:33,643 basehttp 6532 3880 "GET /static/css/dashboard.css HTTP/1.1" 200 9437
INFO 2026-04-20 23:05:33,692 basehttp 6532 20268 "GET /static/css/login.css HTTP/1.1" 200 8203
INFO 2026-04-20 23:05:33,721 basehttp 6532 14828 "GET /static/js/main.js HTTP/1.1" 200 2823
INFO 2026-04-20 23:57:44,369 basehttp 6532 18116 "GET /accounts/login/?next=/ HTTP/1.1" 200 10189
INFO 2026-04-21 23:42:10,881 autoreload 13036 21040 Watching for file changes with StatReloader
INFO 2026-04-21 23:42:16,242 basehttp 13036 16136 "GET / HTTP/1.1" 302 0
INFO 2026-04-21 23:42:16,361 basehttp 13036 16136 "GET /accounts/login/?next=/ HTTP/1.1" 200 10189
INFO 2026-04-21 23:42:38,101 basehttp 13036 16136 "POST /accounts/login/ HTTP/1.1" 302 0
INFO 2026-04-21 23:42:39,447 basehttp 13036 16136 "GET / HTTP/1.1" 200 104538
INFO 2026-04-21 23:42:55,895 basehttp 13036 16136 "GET /letters/pending/ HTTP/1.1" 200 60414
INFO 2026-04-21 23:42:57,633 basehttp 13036 16136 "GET /letters/radius/pending/ HTTP/1.1" 200 53399
INFO 2026-04-21 23:42:59,547 basehttp 13036 16136 "GET /letters/28/radius/approve/ HTTP/1.1" 200 41648
ERROR 2026-04-21 23:43:05,923 basehttp 13036 16136 "POST /letters/28/radius/approve/ HTTP/1.1" 500 237652
INFO 2026-04-21 23:43:17,419 basehttp 13036 16136 "GET /letters/my-drafts/ HTTP/1.1" 200 67595
INFO 2026-04-21 23:43:20,551 basehttp 13036 16136 "GET /letters/create/facs/ HTTP/1.1" 200 79410
INFO 2026-04-21 23:43:23,405 basehttp 13036 16136 "GET /letters/ HTTP/1.1" 200 91465
INFO 2026-04-21 23:43:33,768 basehttp 13036 16136 "GET /letters/create/facs/ HTTP/1.1" 200 79410
INFO 2026-04-21 23:44:19,909 basehttp 13036 16136 "GET /letters/pending/ HTTP/1.1" 200 59138
INFO 2026-04-21 23:44:25,827 basehttp 13036 16136 "GET /letters/radius/pending/ HTTP/1.1" 200 51882
INFO 2026-04-21 23:44:29,989 basehttp 13036 16136 "GET /letters/pending/ HTTP/1.1" 200 59138
INFO 2026-04-21 23:44:37,080 basehttp 13036 16136 "GET /letters/radius/pending/ HTTP/1.1" 200 51882
INFO 2026-04-21 23:44:38,989 basehttp 13036 16136 "GET /letters/sessions/pending/ HTTP/1.1" 200 56479
INFO 2026-04-21 23:44:40,979 basehttp 13036 16136 "GET /letters/client/pending/ HTTP/1.1" 200 48205
INFO 2026-04-21 23:44:44,809 basehttp 13036 16136 "GET /letters/14/facs/ HTTP/1.1" 200 56342
INFO 2026-04-21 23:45:07,838 basehttp 13036 16136 "GET /letters/delegated/ HTTP/1.1" 200 42559
INFO 2026-04-21 23:45:08,920 basehttp 13036 16136 "GET /letters/my-drafts/ HTTP/1.1" 200 67595
INFO 2026-04-21 23:45:10,077 basehttp 13036 16136 "GET /letters/ HTTP/1.1" 200 91465
INFO 2026-04-21 23:46:02,028 basehttp 13036 16136 "GET /accounts/users/ HTTP/1.1" 200 60293
INFO 2026-04-21 23:46:28,433 basehttp 13036 16136 "GET / HTTP/1.1" 200 104029
INFO 2026-04-21 23:46:43,071 basehttp 13036 16136 "GET /letters/pending/ HTTP/1.1" 200 59139
INFO 2026-04-21 23:46:53,959 basehttp 13036 16136 "GET /letters/7/facs/ HTTP/1.1" 200 54220
INFO 2026-04-21 23:46:59,701 basehttp 13036 16136 "GET /letters/1/artiva/ HTTP/1.1" 200 47396
INFO 2026-04-21 23:47:29,401 basehttp 13036 16136 "GET /letters/1/approval-management/ HTTP/1.1" 200 46649
INFO 2026-04-21 23:47:48,346 basehttp 13036 16136 "GET /letters/ HTTP/1.1" 200 91465
INFO 2026-04-21 23:47:52,713 basehttp 13036 16136 "GET /letters/create/facs/ HTTP/1.1" 200 79410
INFO 2026-04-21 23:48:53,376 basehttp 13036 16136 "POST /letters/create/facs/ HTTP/1.1" 302 0
INFO 2026-04-21 23:48:53,568 basehttp 13036 16136 "GET /letters/20/submit/ HTTP/1.1" 302 0
INFO 2026-04-21 23:48:53,761 basehttp 13036 16136 "GET /letters/20/facs/ HTTP/1.1" 200 55261
INFO 2026-04-21 23:49:03,821 basehttp 13036 16136 "GET /letters/ HTTP/1.1" 200 91174
INFO 2026-04-21 23:49:09,296 basehttp 13036 16136 "GET /letters/20/facs/ HTTP/1.1" 200 54217
ERROR 2026-04-21 23:49:20,904 basehttp 13036 16136 "POST /letters/38/radius/approve/ HTTP/1.1" 500 237694
INFO 2026-04-21 23:49:29,448 basehttp 13036 16136 - Broken pipe from ('127.0.0.1', 57772)
INFO 2026-04-21 23:49:30,038 basehttp 13036 8912 - Broken pipe from ('127.0.0.1', 62377)
INFO 2026-04-21 23:49:30,148 basehttp 13036 20444 - Broken pipe from ('127.0.0.1', 58578)
INFO 2026-04-21 23:49:30,287 basehttp 13036 16832 "GET / HTTP/1.1" 200 104038
INFO 2026-04-21 23:49:41,002 basehttp 13036 16832 "GET /letters/20/facs/ HTTP/1.1" 200 54235
INFO 2026-04-21 23:49:51,891 basehttp 13036 16832 "GET / HTTP/1.1" 200 104038
INFO 2026-04-21 23:49:59,294 basehttp 13036 16832 "GET /letters/20/facs/ HTTP/1.1" 200 54232
INFO 2026-04-21 23:50:19,078 basehttp 13036 16832 "GET / HTTP/1.1" 200 104035
INFO 2026-04-21 23:50:23,613 basehttp 13036 16832 "GET /letters/completed/ HTTP/1.1" 200 37971
INFO 2026-04-21 23:50:26,280 basehttp 13036 16832 "GET /letters/12/ HTTP/1.1" 200 53361
INFO 2026-04-21 23:50:43,495 basehttp 13036 16832 "GET / HTTP/1.1" 200 104034
INFO 2026-04-21 23:50:47,551 basehttp 13036 16832 "GET /letters/create/facs/ HTTP/1.1" 200 79384
INFO 2026-04-21 23:51:58,097 basehttp 13036 12768 "POST /letters/create/facs/ HTTP/1.1" 200 80436
INFO 2026-04-21 23:52:07,522 basehttp 13036 12768 "GET /letters/create/facs/ HTTP/1.1" 200 79388
INFO 2026-04-21 23:52:10,406 basehttp 13036 12768 "GET /letters/my-drafts/ HTTP/1.1" 200 67573
INFO 2026-04-21 23:52:15,581 basehttp 13036 12768 "GET /letters/2/edit/facs/ HTTP/1.1" 200 73301
INFO 2026-04-21 23:52:21,704 basehttp 13036 12768 "GET / HTTP/1.1" 200 104038
INFO 2026-04-21 23:52:41,467 basehttp 13036 12768 "GET /letters/my-drafts/ HTTP/1.1" 200 67573
INFO 2026-04-21 23:52:46,732 basehttp 13036 12768 "GET / HTTP/1.1" 200 104038
INFO 2026-04-21 23:53:06,960 basehttp 13036 12768 "GET /letters/create/facs/ HTTP/1.1" 200 79389
INFO 2026-04-21 23:53:55,986 basehttp 13036 12768 "POST /letters/create/facs/ HTTP/1.1" 200 80437
INFO 2026-04-21 23:54:01,097 basehttp 13036 12768 "GET /letters/create/facs/ HTTP/1.1" 200 79389
INFO 2026-04-22 00:14:45,307 basehttp 13036 15020 "GET /letters/create/facs/ HTTP/1.1" 200 79393
INFO 2026-04-22 00:46:25,832 autoreload 22236 20660 Watching for file changes with StatReloader
INFO 2026-04-22 00:46:37,359 basehttp 22236 22692 "GET /letters/create/facs/ HTTP/1.1" 200 79401
INFO 2026-04-22 00:46:43,809 basehttp 22236 22692 "GET /letters/ HTTP/1.1" 200 91194
INFO 2026-04-22 00:46:54,363 basehttp 22236 22692 "GET /letters/create/facs/ HTTP/1.1" 200 79401
INFO 2026-04-22 00:47:40,251 basehttp 22236 22692 "POST /letters/create/facs/ HTTP/1.1" 200 80449
INFO 2026-04-22 00:47:48,065 basehttp 22236 22692 "GET /letters/ HTTP/1.1" 200 91194
INFO 2026-04-22 00:48:00,252 basehttp 22236 22692 "GET /letters/create/facs/ HTTP/1.1" 200 79401
INFO 2026-04-22 00:48:55,500 basehttp 22236 22692 "POST /letters/create/facs/ HTTP/1.1" 302 0
INFO 2026-04-22 00:48:55,623 basehttp 22236 22692 "GET /letters/21/submit/ HTTP/1.1" 302 0
INFO 2026-04-22 00:48:55,753 basehttp 22236 22692 "GET /letters/21/facs/ HTTP/1.1" 200 55248
INFO 2026-04-22 00:49:00,430 basehttp 22236 22692 "GET /letters/create/artiva/ HTTP/1.1" 200 72333
INFO 2026-04-22 00:49:03,845 basehttp 22236 22692 "GET /letters/ HTTP/1.1" 200 90904
INFO 2026-04-22 00:49:12,680 basehttp 22236 22692 "GET /letters/create/artiva/ HTTP/1.1" 200 72333
INFO 2026-04-22 00:49:58,843 basehttp 22236 22692 "POST /letters/create/artiva/ HTTP/1.1" 200 73372
INFO 2026-04-22 00:50:44,650 basehttp 22236 22692 "POST /letters/create/artiva/ HTTP/1.1" 200 73383
INFO 2026-04-22 00:51:19,013 basehttp 22236 22692 "GET /letters/create/facs/ HTTP/1.1" 200 79394
INFO 2026-04-22 00:51:21,661 basehttp 22236 22692 "GET /letters/ HTTP/1.1" 200 90924
INFO 2026-04-22 00:51:29,211 basehttp 22236 22692 "GET /letters/create/facs/ HTTP/1.1" 200 79395
INFO 2026-04-22 00:52:08,584 basehttp 22236 18572 "POST /letters/create/facs/ HTTP/1.1" 302 0
INFO 2026-04-22 00:52:08,695 basehttp 22236 18572 "GET /letters/22/submit/ HTTP/1.1" 302 0
INFO 2026-04-22 00:52:08,818 basehttp 22236 18572 "GET /letters/22/facs/ HTTP/1.1" 200 54198
INFO 2026-04-22 00:59:33,716 autoreload 22236 20660 C:\PycharmProjects\letter_portal\apps\letters\forms.py changed, reloading.
INFO 2026-04-22 00:59:41,355 autoreload 22560 23072 Watching for file changes with StatReloader
INFO 2026-04-22 00:59:47,037 basehttp 22560 20724 "GET /letters/22/facs/ HTTP/1.1" 200 53160
INFO 2026-04-22 00:59:49,364 basehttp 22560 20724 "GET /letters/ HTTP/1.1" 200 90896
INFO 2026-04-22 00:59:58,064 basehttp 22560 20724 "GET /letters/create/artiva/ HTTP/1.1" 200 72327
INFO 2026-04-22 01:00:33,814 basehttp 22560 20724 "POST /letters/create/artiva/ HTTP/1.1" 302 0
INFO 2026-04-22 01:00:33,870 basehttp 22560 20724 "GET /letters/8/submit/ HTTP/1.1" 302 0
INFO 2026-04-22 01:00:34,038 basehttp 22560 20724 "GET /letters/8/facs/ HTTP/1.1" 200 55237
INFO 2026-04-22 01:01:51,502 autoreload 22560 23072 C:\PycharmProjects\letter_portal\apps\letters\forms.py changed, reloading.
INFO 2026-04-22 01:02:08,293 autoreload 21812 20744 Watching for file changes with StatReloader
INFO 2026-04-22 01:02:24,663 basehttp 21812 20296 "GET / HTTP/1.1" 200 104937
INFO 2026-04-22 01:02:27,217 basehttp 21812 20296 "GET / HTTP/1.1" 200 104937
INFO 2026-04-22 01:02:28,832 basehttp 21812 20296 "GET /letters/create/facs/ HTTP/1.1" 200 79377
INFO 2026-04-22 01:02:30,973 basehttp 21812 20296 "GET /letters/ HTTP/1.1" 200 90905
INFO 2026-04-22 01:02:35,822 basehttp 21812 20296 "GET /letters/create/facs/ HTTP/1.1" 200 79379
INFO 2026-04-22 01:03:19,253 basehttp 21812 20296 "POST /letters/create/facs/ HTTP/1.1" 302 0
INFO 2026-04-22 01:03:19,530 basehttp 21812 20296 "GET /letters/23/submit/ HTTP/1.1" 302 0
INFO 2026-04-22 01:03:19,684 basehttp 21812 20296 "GET /letters/23/facs/ HTTP/1.1" 200 54212
INFO 2026-04-22 01:03:29,702 basehttp 21812 20296 "GET / HTTP/1.1" 200 104963
INFO 2026-04-22 01:03:32,720 basehttp 21812 20296 "GET /letters/create/artiva/ HTTP/1.1" 200 72335
INFO 2026-04-22 01:03:35,724 basehttp 21812 20296 "GET /letters/ HTTP/1.1" 200 90901
INFO 2026-04-22 01:03:45,619 basehttp 21812 20296 "GET /letters/create/artiva/ HTTP/1.1" 200 72335
INFO 2026-04-22 01:04:21,423 basehttp 21812 20296 "POST /letters/create/artiva/ HTTP/1.1" 200 73367
INFO 2026-04-22 01:04:49,427 basehttp 21812 20296 "POST /letters/create/artiva/ HTTP/1.1" 200 73367
INFO 2026-04-22 01:04:54,827 basehttp 21812 20296 "GET / HTTP/1.1" 200 104960
INFO 2026-04-22 01:04:58,595 basehttp 21812 20296 "GET /letters/create/artiva/ HTTP/1.1" 200 72332
INFO 2026-04-22 01:05:10,220 autoreload 21812 20744 C:\PycharmProjects\letter_portal\apps\letters\forms.py changed, reloading.
INFO 2026-04-22 01:05:18,477 autoreload 22024 17732 Watching for file changes with StatReloader
INFO 2026-04-22 01:05:28,485 basehttp 22024 22260 "GET /letters/ HTTP/1.1" 200 90901
INFO 2026-04-22 01:05:34,759 basehttp 22024 22260 "GET /letters/create/artiva/ HTTP/1.1" 200 72335
INFO 2026-04-22 01:06:25,620 basehttp 22024 22260 "POST /letters/create/artiva/ HTTP/1.1" 302 0
INFO 2026-04-22 01:06:25,713 basehttp 22024 22260 "GET /letters/9/submit/ HTTP/1.1" 302 0
INFO 2026-04-22 01:06:25,800 basehttp 22024 22260 "GET /letters/9/facs/ HTTP/1.1" 200 55229
INFO 2026-04-22 01:06:57,567 basehttp 22024 22260 "GET /letters/ HTTP/1.1" 200 90632
INFO 2026-04-22 01:07:11,291 basehttp 22024 22260 "GET /letters/ HTTP/1.1" 200 90632
INFO 2026-04-22 01:07:14,796 basehttp 22024 22260 "GET /letters/?search=LTR-2026-0009&system=&status=&date_from=&date_to= HTTP/1.1" 200 47008
INFO 2026-04-22 01:09:28,723 autoreload 22024 17732 C:\PycharmProjects\letter_portal\apps\letters\forms.py changed, reloading.
INFO 2026-04-22 01:09:46,696 autoreload 4480 23516 Watching for file changes with StatReloader
INFO 2026-04-22 01:11:04,901 autoreload 4480 23516 C:\PycharmProjects\letter_portal\apps\letters\views.py changed, reloading.
INFO 2026-04-22 01:11:20,263 autoreload 11232 21072 Watching for file changes with StatReloader
INFO 2026-04-22 01:14:24,565 autoreload 11232 21072 C:\PycharmProjects\letter_portal\apps\letters\views.py changed, reloading.
INFO 2026-04-22 01:14:31,835 autoreload 21544 21284 Watching for file changes with StatReloader
INFO 2026-04-22 01:14:42,894 basehttp 21544 21160 "GET /letters/ HTTP/1.1" 200 90634
INFO 2026-04-22 01:14:54,655 basehttp 21544 21160 "GET /letters/create/artiva/ HTTP/1.1" 200 72334
INFO 2026-04-22 01:15:40,611 basehttp 21544 21160 "POST /letters/create/artiva/ HTTP/1.1" 302 0
INFO 2026-04-22 01:15:40,699 basehttp 21544 21160 "GET /letters/10/submit/ HTTP/1.1" 302 0
INFO 2026-04-22 01:15:40,803 basehttp 21544 21160 "GET /letters/10/facs/ HTTP/1.1" 200 57039
INFO 2026-04-22 01:15:48,243 basehttp 21544 21160 "GET /letters/ HTTP/1.1" 200 90386
INFO 2026-04-22 01:26:27,184 autoreload 21544 21284 C:\PycharmProjects\letter_portal\apps\letters\views.py changed, reloading.
INFO 2026-04-22 01:26:38,765 autoreload 19072 1704 Watching for file changes with StatReloader
INFO 2026-04-22 01:26:49,063 basehttp 19072 15868 "GET /letters/ HTTP/1.1" 200 90391
INFO 2026-04-22 01:26:57,022 basehttp 19072 15868 "GET /letters/create/artiva/ HTTP/1.1" 200 72347
INFO 2026-04-22 01:27:33,281 basehttp 19072 15868 "POST /letters/create/artiva/ HTTP/1.1" 302 0
INFO 2026-04-22 01:27:33,402 basehttp 19072 15868 "GET /letters/11/submit/ HTTP/1.1" 302 0
INFO 2026-04-22 01:27:33,591 basehttp 19072 15868 "GET /letters/11/facs/ HTTP/1.1" 200 57047
INFO 2026-04-22 01:27:38,454 basehttp 19072 15868 "GET /letters/ HTTP/1.1" 200 90401
INFO 2026-04-22 01:39:32,304 basehttp 19072 15244 "GET /letters/ HTTP/1.1" 200 90403
INFO 2026-04-22 01:39:34,031 basehttp 19072 15244 "GET /letters/ HTTP/1.1" 200 90403
INFO 2026-04-22 01:39:35,744 basehttp 19072 15244 "GET /letters/11/edit/artiva/ HTTP/1.1" 200 69220
INFO 2026-04-22 01:39:39,770 basehttp 19072 15244 - Broken pipe from ('127.0.0.1', 55736)
INFO 2026-04-22 01:39:39,848 basehttp 19072 16836 "POST /letters/11/edit/artiva/ HTTP/1.1" 302 0
INFO 2026-04-22 01:39:39,961 basehttp 19072 16836 "GET /letters/11/artiva/ HTTP/1.1" 200 48325
INFO 2026-04-22 01:39:43,456 basehttp 19072 16836 "GET /letters/ HTTP/1.1" 200 90134
INFO 2026-04-22 01:40:00,607 basehttp 19072 16836 "GET /letters/ HTTP/1.1" 200 90134
INFO 2026-04-22 01:40:04,178 basehttp 19072 16836 "GET /letters/create/artiva/ HTTP/1.1" 200 72352
INFO 2026-04-22 01:40:59,058 basehttp 19072 16836 "POST /letters/create/artiva/ HTTP/1.1" 302 0
INFO 2026-04-22 01:40:59,179 basehttp 19072 16836 "GET /letters/12/submit/ HTTP/1.1" 302 0
INFO 2026-04-22 01:40:59,396 basehttp 19072 16836 "GET /letters/12/facs/ HTTP/1.1" 200 54418
INFO 2026-04-22 01:41:05,692 basehttp 19072 16836 "GET /letters/ HTTP/1.1" 200 90410
INFO 2026-04-22 01:41:56,578 basehttp 19072 16836 "GET /letters/12/edit/artiva/ HTTP/1.1" 200 69220
INFO 2026-04-22 01:42:02,289 basehttp 19072 16836 "POST /letters/12/edit/artiva/ HTTP/1.1" 302 0
INFO 2026-04-22 01:42:02,390 basehttp 19072 16836 "GET /letters/12/artiva/ HTTP/1.1" 200 48336
INFO 2026-04-22 01:42:16,377 basehttp 19072 16836 "GET /letters/ HTTP/1.1" 200 90133
INFO 2026-04-22 01:42:17,709 basehttp 19072 16836 "GET /letters/create/facs/ HTTP/1.1" 200 79383
INFO 2026-04-22 01:42:22,945 basehttp 19072 16836 "GET /letters/ HTTP/1.1" 200 90133
INFO 2026-04-22 01:42:29,649 basehttp 19072 16836 "GET /letters/create/facs/ HTTP/1.1" 200 79383
INFO 2026-04-22 01:43:06,877 basehttp 19072 16836 "POST /letters/create/facs/ HTTP/1.1" 302 0
INFO 2026-04-22 01:43:06,983 basehttp 19072 16836 "GET /letters/24/submit/ HTTP/1.1" 302 0
INFO 2026-04-22 01:43:07,093 basehttp 19072 16836 "GET /letters/24/facs/ HTTP/1.1" 200 54207
INFO 2026-04-22 01:43:40,135 basehttp 19072 16836 "GET /letters/ HTTP/1.1" 200 90125
INFO 2026-04-22 01:43:52,199 basehttp 19072 16836 "GET /letters/create/artiva/ HTTP/1.1" 200 72333
INFO 2026-04-22 01:44:21,898 basehttp 19072 16836 "POST /letters/create/artiva/ HTTP/1.1" 302 0
INFO 2026-04-22 01:44:22,100 basehttp 19072 19444 "POST /letters/create/artiva/ HTTP/1.1" 200 73386
INFO 2026-04-22 01:44:29,891 basehttp 19072 19444 "GET /letters/ HTTP/1.1" 200 90406
INFO 2026-04-22 01:44:39,355 basehttp 19072 19444 "GET /letters/ HTTP/1.1" 200 90406
INFO 2026-04-22 01:44:42,499 basehttp 19072 19444 "GET /letters/create/artiva/ HTTP/1.1" 200 72336
INFO 2026-04-22 01:45:23,584 basehttp 19072 19444 "POST /letters/create/artiva/ HTTP/1.1" 302 0
INFO 2026-04-22 01:45:23,617 basehttp 19072 19444 "GET /letters/14/submit/ HTTP/1.1" 302 0
INFO 2026-04-22 01:45:23,731 basehttp 19072 19444 "GET /letters/14/facs/ HTTP/1.1" 200 57369
INFO 2026-04-22 01:45:32,797 basehttp 19072 19444 "GET /letters/ HTTP/1.1" 200 90692
INFO 2026-04-22 01:54:36,344 autoreload 19072 1704 C:\PycharmProjects\letter_portal\apps\letters\views.py changed, reloading.
INFO 2026-04-22 01:54:57,837 autoreload 23336 1184 Watching for file changes with StatReloader
INFO 2026-04-22 01:55:06,307 basehttp 23336 21064 "GET /letters/ HTTP/1.1" 200 90697
INFO 2026-04-22 01:55:12,535 basehttp 23336 21064 "GET /letters/14/edit/artiva/ HTTP/1.1" 200 69211
INFO 2026-04-22 01:55:23,537 basehttp 23336 21064 "POST /letters/14/edit/artiva/ HTTP/1.1" 302 0
INFO 2026-04-22 01:55:24,792 basehttp 23336 21064 "GET /letters/14/artiva/ HTTP/1.1" 200 48345
INFO 2026-04-22 01:55:31,490 basehttp 23336 21064 "GET /letters/ HTTP/1.1" 200 90431
INFO 2026-04-22 01:55:39,768 basehttp 23336 21064 "GET /letters/create/facs/ HTTP/1.1" 200 79393
INFO 2026-04-22 01:55:57,303 basehttp 23336 21064 "GET /letters/create/facs/ HTTP/1.1" 200 79393
INFO 2026-04-22 01:56:03,023 basehttp 23336 21064 "GET /letters/create/facs/ HTTP/1.1" 200 79393
INFO 2026-04-22 01:56:40,069 basehttp 23336 21064 "GET /letters/ HTTP/1.1" 200 90430
INFO 2026-04-22 01:56:50,684 basehttp 23336 21064 "GET /letters/create/facs/ HTTP/1.1" 200 79392
INFO 2026-04-22 01:57:27,698 basehttp 23336 21064 "POST /letters/create/facs/ HTTP/1.1" 302 0
INFO 2026-04-22 01:57:27,975 basehttp 23336 21064 "GET /letters/25/submit/ HTTP/1.1" 302 0
INFO 2026-04-22 01:57:28,200 basehttp 23336 21064 "GET /letters/25/facs/ HTTP/1.1" 200 54210
INFO 2026-04-22 01:57:36,857 basehttp 23336 21064 "GET /letters/ HTTP/1.1" 200 90414
INFO 2026-04-22 01:58:01,338 basehttp 23336 21064 "GET /letters/create/artiva/ HTTP/1.1" 200 72336
INFO 2026-04-22 01:58:03,166 basehttp 23336 21064 "GET /letters/create/facs/ HTTP/1.1" 200 79376
INFO 2026-04-22 01:58:03,794 basehttp 23336 21064 "GET /letters/delegated/ HTTP/1.1" 200 42525
INFO 2026-04-22 01:58:04,981 basehttp 23336 21064 "GET /letters/ HTTP/1.1" 200 90414
INFO 2026-04-22 01:58:11,146 basehttp 23336 21064 "GET /letters/create/artiva/ HTTP/1.1" 200 72336
INFO 2026-04-22 01:58:43,299 basehttp 23336 21064 "POST /letters/create/artiva/ HTTP/1.1" 302 0
INFO 2026-04-22 01:58:43,470 basehttp 23336 21064 "GET /letters/15/submit/ HTTP/1.1" 302 0
INFO 2026-04-22 01:58:43,589 basehttp 23336 21064 "GET /letters/15/artiva/ HTTP/1.1" 200 48851
INFO 2026-04-22 02:00:00,698 basehttp 23336 21064 "GET /letters/ HTTP/1.1" 200 90420
INFO 2026-04-22 02:00:04,446 basehttp 23336 21064 "GET /letters/13/edit/artiva/ HTTP/1.1" 200 69205
INFO 2026-04-22 02:00:12,952 basehttp 23336 21064 "POST /letters/13/edit/artiva/ HTTP/1.1" 302 0
INFO 2026-04-22 02:00:13,063 basehttp 23336 21064 "GET /letters/13/artiva/ HTTP/1.1" 200 48332
INFO 2026-04-22 02:00:16,952 basehttp 23336 21064 "GET /letters/ HTTP/1.1" 200 90149
INFO 2026-04-22 02:00:22,790 basehttp 23336 21064 "GET /letters/8/edit/artiva/ HTTP/1.1" 200 69211
INFO 2026-04-22 02:00:26,229 basehttp 23336 21064 "POST /letters/8/edit/artiva/ HTTP/1.1" 302 0
INFO 2026-04-22 02:00:26,319 basehttp 23336 21064 "GET /letters/8/artiva/ HTTP/1.1" 200 48329
INFO 2026-04-22 02:00:49,294 basehttp 23336 21064 "GET /letters/ HTTP/1.1" 200 89885
INFO 2026-04-22 02:00:58,653 basehttp 23336 21064 "GET /letters/ HTTP/1.1" 200 89885
INFO 2026-04-22 02:09:15,906 basehttp 23336 21200 "GET /letters/ HTTP/1.1" 200 89888
INFO 2026-04-22 03:06:42,051 autoreload 13744 24164 Watching for file changes with StatReloader
INFO 2026-04-22 03:08:42,657 basehttp 13744 14700 "GET / HTTP/1.1" 302 0
INFO 2026-04-22 03:08:42,785 basehttp 13744 14700 "GET /accounts/login/?next=/ HTTP/1.1" 200 10189
INFO 2026-04-22 03:08:59,191 basehttp 13744 14700 "POST /accounts/login/ HTTP/1.1" 302 0
INFO 2026-04-22 03:08:59,987 basehttp 13744 14700 "GET / HTTP/1.1" 200 107438
INFO 2026-04-22 03:21:58,916 autoreload 13744 24164 C:\PycharmProjects\letter_portal\apps\letters\views.py changed, reloading.
INFO 2026-04-22 03:22:17,259 autoreload 8128 13144 Watching for file changes with StatReloader
INFO 2026-04-22 03:26:54,923 basehttp 8128 11848 "GET /letters/create/facs/ HTTP/1.1" 200 79464
INFO 2026-04-22 03:27:14,598 basehttp 8128 11848 "GET /letters/client/pending/ HTTP/1.1" 200 57760
INFO 2026-04-22 03:27:19,300 basehttp 8128 11848 "GET /letters/10/facs/ HTTP/1.1" 200 56042
INFO 2026-04-22 03:43:20,565 basehttp 8128 18452 "GET /letters/create/facs/ HTTP/1.1" 200 79464
INFO 2026-04-22 03:43:22,049 basehttp 8128 18452 "GET /letters/create/facs/ HTTP/1.1" 200 79464
INFO 2026-04-22 03:43:25,655 basehttp 8128 18452 "GET /letters/ HTTP/1.1" 200 89935
INFO 2026-04-22 03:43:33,110 basehttp 8128 18452 "GET /letters/create/facs/ HTTP/1.1" 200 79464
INFO 2026-04-22 03:44:14,297 basehttp 8128 18452 "POST /letters/create/facs/ HTTP/1.1" 302 0
INFO 2026-04-22 03:44:14,571 basehttp 8128 18452 "GET /letters/26/submit/ HTTP/1.1" 302 0
INFO 2026-04-22 03:44:14,704 basehttp 8128 18452 "GET /letters/26/facs/ HTTP/1.1" 200 54224
INFO 2026-04-22 03:44:25,117 basehttp 8128 18452 "GET /letters/ HTTP/1.1" 200 90160
INFO 2026-04-22 03:44:36,586 basehttp 8128 18452 "GET /letters/radius/pending/ HTTP/1.1" 200 73020
INFO 2026-04-22 03:44:38,948 basehttp 8128 18452 "GET /letters/ HTTP/1.1" 200 90160
INFO 2026-04-22 03:48:37,871 autoreload 8128 13144 C:\PycharmProjects\letter_portal\apps\letters\views.py changed, reloading.
INFO 2026-04-22 03:49:04,979 autoreload 23364 1380 Watching for file changes with StatReloader
INFO 2026-04-22 03:50:41,816 autoreload 23364 1380 C:\PycharmProjects\letter_portal\apps\letters\views.py changed, reloading.
INFO 2026-04-22 03:50:47,103 autoreload 5892 24216 Watching for file changes with StatReloader
INFO 2026-04-22 03:52:02,704 autoreload 5892 24216 C:\PycharmProjects\letter_portal\apps\letters\views.py changed, reloading.
INFO 2026-04-22 03:52:07,896 autoreload 12656 23904 Watching for file changes with StatReloader
INFO 2026-04-22 03:54:11,967 autoreload 12656 23904 C:\PycharmProjects\letter_portal\apps\letters\views.py changed, reloading.
INFO 2026-04-22 03:54:16,714 autoreload 13328 24080 Watching for file changes with StatReloader
INFO 2026-04-22 03:55:49,610 autoreload 13328 24080 C:\PycharmProjects\letter_portal\apps\letters\views.py changed, reloading.
INFO 2026-04-22 03:56:02,329 autoreload 15832 24572 Watching for file changes with StatReloader
INFO 2026-04-22 03:56:05,386 basehttp 15832 15300 "GET /letters/create/facs/ HTTP/1.1" 200 79427
INFO 2026-04-22 03:56:49,066 basehttp 15832 15300 "POST /letters/create/facs/ HTTP/1.1" 302 0
INFO 2026-04-22 03:56:49,202 basehttp 15832 15300 "GET /letters/27/submit/ HTTP/1.1" 302 0
INFO 2026-04-22 03:56:49,400 basehttp 15832 15300 "GET /letters/27/facs/ HTTP/1.1" 200 55238
INFO 2026-04-22 03:57:13,633 basehttp 15832 15300 "GET /letters/ HTTP/1.1" 200 89874
INFO 2026-04-22 03:57:15,988 basehttp 15832 15300 "GET /letters/27/facs/ HTTP/1.1" 200 54198
INFO 2026-04-22 03:57:20,535 basehttp 15832 15300 "GET /letters/client/pending/ HTTP/1.1" 200 57701
INFO 2026-04-22 04:01:43,426 autoreload 15832 24572 C:\PycharmProjects\letter_portal\apps\letters\views.py changed, reloading.
INFO 2026-04-22 04:02:00,645 autoreload 20544 22220 Watching for file changes with StatReloader
INFO 2026-04-22 04:02:13,703 autoreload 20544 22220 C:\PycharmProjects\letter_portal\apps\letters\views.py changed, reloading.
INFO 2026-04-22 04:02:29,772 autoreload 20016 21496 Watching for file changes with StatReloader
INFO 2026-04-22 04:03:00,082 autoreload 20016 21496 C:\PycharmProjects\letter_portal\apps\letters\views.py changed, reloading.
INFO 2026-04-22 04:03:08,765 autoreload 20756 22512 Watching for file changes with StatReloader
INFO 2026-04-22 04:03:28,237 basehttp 20756 15528 "GET /letters/10/facs/ HTTP/1.1" 200 55983
INFO 2026-04-22 04:04:58,565 autoreload 20756 22512 C:\PycharmProjects\letter_portal\apps\letters\views.py changed, reloading.
INFO 2026-04-22 04:05:14,384 autoreload 16996 15876 Watching for file changes with StatReloader
INFO 2026-04-22 04:07:01,188 basehttp 16996 8612 "GET /letters/10/facs/ HTTP/1.1" 200 55986
INFO 2026-04-22 04:07:04,815 basehttp 16996 8612 "GET /letters/10/facs/ HTTP/1.1" 200 55986
INFO 2026-04-22 04:07:06,264 basehttp 16996 8612 "GET /letters/10/facs/ HTTP/1.1" 200 55986
INFO 2026-04-22 04:08:23,377 basehttp 16996 8612 "GET /letters/ HTTP/1.1" 200 89877
INFO 2026-04-22 04:08:35,745 basehttp 16996 8612 "GET /letters/create/facs/ HTTP/1.1" 200 79408
INFO 2026-04-22 04:09:17,110 basehttp 16996 8612 "POST /letters/create/facs/ HTTP/1.1" 302 0
INFO 2026-04-22 04:09:17,223 basehttp 16996 8612 "GET /letters/28/facs/ HTTP/1.1" 200 52685
INFO 2026-04-22 04:09:22,025 basehttp 16996 8612 "GET /letters/ HTTP/1.1" 200 90144
ERROR 2026-04-22 04:09:26,863 basehttp 16996 8612 "GET /letters/28/edit/facs/ HTTP/1.1" 500 215702
INFO 2026-04-22 04:09:47,872 basehttp 16996 8612 "GET /letters/9/edit/artiva/ HTTP/1.1" 200 69201
ERROR 2026-04-22 04:09:53,570 basehttp 16996 8612 "GET /letters/28/edit/facs/ HTTP/1.1" 500 215702
INFO 2026-04-22 04:10:02,296 basehttp 16996 8612 "GET /letters/ HTTP/1.1" 200 90144
INFO 2026-04-22 04:10:04,637 basehttp 16996 8612 "GET /letters/client/pending/ HTTP/1.1" 200 57704
INFO 2026-04-22 04:10:06,065 basehttp 16996 8612 "GET /letters/10/facs/ HTTP/1.1" 200 55986
WARNING 2026-04-22 04:10:37,558 basehttp 16996 8612 "GET /.well-known/appspecific/com.chrome.devtools.json HTTP/1.1" 404 5020
INFO 2026-04-22 04:10:44,312 basehttp 16996 8612 "GET /letters/10/facs/ HTTP/1.1" 200 55984
WARNING 2026-04-22 04:10:44,476 basehttp 16996 8612 "GET /.well-known/appspecific/com.chrome.devtools.json HTTP/1.1" 404 5020
INFO 2026-04-22 04:11:52,906 basehttp 16996 8612 "GET /letters/10/facs/ HTTP/1.1" 200 55986
WARNING 2026-04-22 04:12:10,138 basehttp 16996 8612 "GET /.well-known/appspecific/com.chrome.devtools.json HTTP/1.1" 404 5020
INFO 2026-04-22 04:12:15,422 basehttp 16996 8612 "GET /letters/10/facs/ HTTP/1.1" 200 55986
WARNING 2026-04-22 04:12:16,230 basehttp 16996 8612 "GET /.well-known/appspecific/com.chrome.devtools.json HTTP/1.1" 404 5020
INFO 2026-04-22 04:13:00,571 autoreload 16996 15876 C:\PycharmProjects\letter_portal\apps\letters\views.py changed, reloading.
INFO 2026-04-22 04:13:21,323 autoreload 15464 16888 Watching for file changes with StatReloader
INFO 2026-04-22 04:13:25,519 basehttp 15464 21224 "GET /letters/10/facs/ HTTP/1.1" 200 55986
WARNING 2026-04-22 04:13:26,025 basehttp 15464 21224 "GET /.well-known/appspecific/com.chrome.devtools.json HTTP/1.1" 404 5020
INFO 2026-04-22 04:13:29,780 basehttp 15464 21224 "GET /letters/10/facs/ HTTP/1.1" 200 55986
WARNING 2026-04-22 04:13:30,381 basehttp 15464 21224 "GET /.well-known/appspecific/com.chrome.devtools.json HTTP/1.1" 404 5020
INFO 2026-04-22 04:13:36,023 basehttp 15464 21224 "GET /letters/ HTTP/1.1" 200 90144
WARNING 2026-04-22 04:13:37,220 basehttp 15464 22088 "GET /.well-known/appspecific/com.chrome.devtools.json HTTP/1.1" 404 5020
INFO 2026-04-22 04:13:40,274 basehttp 15464 22088 "GET /letters/28/facs/ HTTP/1.1" 200 52162
WARNING 2026-04-22 04:13:40,655 basehttp 15464 21224 "GET /.well-known/appspecific/com.chrome.devtools.json HTTP/1.1" 404 5020
INFO 2026-04-22 04:13:53,560 basehttp 15464 21224 "GET /letters/pending/ HTTP/1.1" 200 98596
WARNING 2026-04-22 04:13:53,835 basehttp 15464 21224 "GET /.well-known/appspecific/com.chrome.devtools.json HTTP/1.1" 404 5020
INFO 2026-04-22 04:13:55,739 basehttp 15464 21224 "GET /letters/radius/pending/ HTTP/1.1" 200 76022
WARNING 2026-04-22 04:13:56,663 basehttp 15464 21224 "GET /.well-known/appspecific/com.chrome.devtools.json HTTP/1.1" 404 5020
INFO 2026-04-22 04:13:57,791 basehttp 15464 21224 "GET /letters/client/pending/ HTTP/1.1" 200 57704
WARNING 2026-04-22 04:13:58,145 basehttp 15464 21224 "GET /.well-known/appspecific/com.chrome.devtools.json HTTP/1.1" 404 5020
INFO 2026-04-22 04:13:58,699 basehttp 15464 21224 "GET /letters/client/pending/ HTTP/1.1" 200 57704
WARNING 2026-04-22 04:13:58,879 basehttp 15464 22088 "GET /.well-known/appspecific/com.chrome.devtools.json HTTP/1.1" 404 5020
INFO 2026-04-22 04:14:00,762 basehttp 15464 22088 "GET /letters/10/facs/ HTTP/1.1" 200 55986
WARNING 2026-04-22 04:14:01,140 basehttp 15464 21224 "GET /.well-known/appspecific/com.chrome.devtools.json HTTP/1.1" 404 5020
INFO 2026-04-22 04:19:39,709 basehttp 15464 6124 "GET /letters/radius/pending/ HTTP/1.1" 200 76024
INFO 2026-04-22 04:19:41,871 basehttp 15464 6124 "GET /letters/sessions/pending/ HTTP/1.1" 200 79278
INFO 2026-04-22 04:19:43,600 basehttp 15464 6124 "GET /letters/pending/ HTTP/1.1" 200 98598
INFO 2026-04-22 04:19:44,922 basehttp 15464 6124 "GET /letters/client/pending/ HTTP/1.1" 200 57706
INFO 2026-04-22 05:35:45,009 basehttp 15464 11836 "GET /letters/ HTTP/1.1" 200 90191
ERROR 2026-04-22 05:35:50,566 basehttp 15464 11836 "GET /letters/28/edit/facs/ HTTP/1.1" 500 215642
INFO 2026-04-22 05:35:58,258 basehttp 15464 11836 "GET /letters/28/facs/ HTTP/1.1" 200 52209
INFO 2026-04-22 05:36:26,694 basehttp 15464 11836 "GET /letters/ HTTP/1.1" 200 90191
ERROR 2026-04-22 05:36:29,511 basehttp 15464 11836 "GET /letters/28/edit/facs/ HTTP/1.1" 500 215642
ERROR 2026-04-22 05:38:05,012 basehttp 15464 11836 "GET /letters/28/edit/facs/ HTTP/1.1" 500 205472
ERROR 2026-04-22 05:38:09,871 basehttp 15464 11836 "GET /letters/28/edit/facs/ HTTP/1.1" 500 205472
INFO 2026-04-22 05:42:01,789 autoreload 15464 16888 C:\PycharmProjects\letter_portal\apps\letters\models.py changed, reloading.
INFO 2026-04-22 05:42:09,089 autoreload 4524 10476 Watching for file changes with StatReloader
INFO 2026-04-22 05:43:18,332 autoreload 4524 10476 C:\PycharmProjects\letter_portal\apps\letters\models.py changed, reloading.
INFO 2026-04-22 05:43:28,638 autoreload 23768 18336 Watching for file changes with StatReloader
ERROR 2026-04-22 05:43:36,082 basehttp 23768 20904 "GET /letters/28/edit/facs/ HTTP/1.1" 500 215779
INFO 2026-04-22 05:43:37,039 autoreload 23768 18336 C:\PycharmProjects\letter_portal\apps\letters\models.py changed, reloading.
INFO 2026-04-22 05:43:43,888 autoreload 24528 21752 Watching for file changes with StatReloader
INFO 2026-04-22 05:44:15,658 autoreload 24528 21752 C:\PycharmProjects\letter_portal\apps\letters\models.py changed, reloading.
INFO 2026-04-22 05:44:22,798 autoreload 14848 15124 Watching for file changes with StatReloader
INFO 2026-04-22 05:44:44,826 autoreload 14848 15124 C:\PycharmProjects\letter_portal\apps\letters\models.py changed, reloading.
INFO 2026-04-22 05:44:57,329 autoreload 22624 10396 Watching for file changes with StatReloader
INFO 2026-04-22 05:45:50,671 autoreload 22624 10396 C:\PycharmProjects\letter_portal\apps\letters\models.py changed, reloading.
INFO 2026-04-22 05:45:56,601 autoreload 3564 22960 Watching for file changes with StatReloader
ERROR 2026-04-22 05:46:06,310 basehttp 3564 1608 "GET /letters/28/edit/facs/ HTTP/1.1" 500 215779
ERROR 2026-04-22 05:46:34,123 basehttp 3564 1608 "GET /letters/28/edit/facs/ HTTP/1.1" 500 215779
ERROR 2026-04-22 05:46:36,725 basehttp 3564 1608 "GET /letters/28/edit/facs/ HTTP/1.1" 500 215779
ERROR 2026-04-22 05:46:39,691 basehttp 3564 1608 "GET /letters/28/edit/facs/ HTTP/1.1" 500 215779
ERROR 2026-04-22 05:47:06,690 basehttp 3564 1608 "GET /letters/28/edit/facs/ HTTP/1.1" 500 215779
ERROR 2026-04-22 05:48:55,146 basehttp 3564 1608 "GET /letters/28/edit/facs/ HTTP/1.1" 500 205472
ERROR 2026-04-22 05:49:00,304 basehttp 3564 1608 "GET /letters/28/edit/facs/ HTTP/1.1" 500 205335
ERROR 2026-04-22 05:49:30,894 basehttp 3564 1608 "GET /letters/28/edit/facs/ HTTP/1.1" 500 205472
ERROR 2026-04-22 05:49:33,521 basehttp 3564 1608 "GET /letters/28/edit/facs/ HTTP/1.1" 500 205472
ERROR 2026-04-22 05:49:46,331 basehttp 3564 1608 "GET /letters/28/edit/facs/ HTTP/1.1" 500 215779
ERROR 2026-04-22 05:49:53,592 basehttp 3564 1608 "GET /letters/28/edit/facs/ HTTP/1.1" 500 205472
INFO 2026-04-22 05:50:51,550 basehttp 3564 1608 "GET /letters/28/edit/facs/ HTTP/1.1" 200 68293
ERROR 2026-04-22 05:51:56,974 basehttp 3564 24312 "GET /letters/28/edit/facs/ HTTP/1.1" 500 215779
INFO 2026-04-22 05:52:24,209 basehttp 3564 24312 "GET /letters/10/edit/artiva/ HTTP/1.1" 200 69257
INFO 2026-04-22 05:54:24,436 basehttp 3564 24312 "GET /letters/ HTTP/1.1" 200 90191
ERROR 2026-04-22 05:54:26,104 basehttp 3564 24312 "GET /letters/28/edit/facs/ HTTP/1.1" 500 215642
ERROR 2026-04-22 05:54:58,649 basehttp 3564 24312 "GET /letters/28/edit/facs/ HTTP/1.1" 500 215779
ERROR 2026-04-22 05:55:00,614 basehttp 3564 24312 "GET /letters/28/edit/facs/ HTTP/1.1" 500 215779
ERROR 2026-04-22 05:55:01,943 basehttp 3564 24312 "GET /letters/28/edit/facs/ HTTP/1.1" 500 215779
ERROR 2026-04-22 05:57:16,162 basehttp 3564 24312 "GET /letters/28/edit/facs/ HTTP/1.1" 500 215779
INFO 2026-04-22 05:57:16,697 autoreload 3564 22960 C:\PycharmProjects\letter_portal\apps\letters\views.py changed, reloading.
INFO 2026-04-22 05:57:38,666 autoreload 2128 18720 Watching for file changes with StatReloader
INFO 2026-04-22 05:57:51,011 autoreload 2128 18720 C:\PycharmProjects\letter_portal\apps\letters\views.py changed, reloading.
INFO 2026-04-22 05:58:03,658 autoreload 11248 19928 Watching for file changes with StatReloader
INFO 2026-04-22 05:58:30,569 basehttp 11248 24500 - Broken pipe from ('127.0.0.1', 58268)
ERROR 2026-04-22 05:58:32,964 basehttp 11248 13904 "GET /letters/28/edit/facs/ HTTP/1.1" 500 215779
INFO 2026-04-22 05:59:57,519 autoreload 11248 19928 C:\PycharmProjects\letter_portal\apps\letters\views.py changed, reloading.
INFO 2026-04-22 06:00:09,597 autoreload 21936 22960 Watching for file changes with StatReloader
ERROR 2026-04-22 06:00:32,065 basehttp 21936 22860 "GET /letters/28/edit/facs/ HTTP/1.1" 500 215779
ERROR 2026-04-22 06:00:59,268 basehttp 21936 22860 "GET /letters/28/edit/facs/ HTTP/1.1" 500 215779
ERROR 2026-04-22 06:01:04,154 basehttp 21936 22860 "GET /letters/28/edit/facs/ HTTP/1.1" 500 215779
ERROR 2026-04-22 06:01:18,740 basehttp 21936 22860 "GET /letters/28/edit/facs/ HTTP/1.1" 500 215779
ERROR 2026-04-22 06:02:07,874 basehttp 21936 22860 "GET /letters/28/edit/facs/ HTTP/1.1" 500 227458
ERROR 2026-04-22 06:02:12,531 basehttp 21936 22860 "GET /letters/28/edit/facs/ HTTP/1.1" 500 227458
ERROR 2026-04-22 06:02:16,527 basehttp 21936 22860 "GET /letters/28/edit/facs/ HTTP/1.1" 500 227321
INFO 2026-04-22 06:03:18,310 basehttp 21936 22860 "GET /letters/10/edit/artiva/ HTTP/1.1" 200 69257
ERROR 2026-04-22 06:06:17,865 basehttp 21936 22860 "GET /letters/28/edit/facs/ HTTP/1.1" 500 215642
ERROR 2026-04-22 06:06:34,398 basehttp 21936 22860 "GET /letters/28/edit/facs/ HTTP/1.1" 500 215779
ERROR 2026-04-22 06:07:22,750 basehttp 21936 22860 "GET /letters/28/edit/facs/ HTTP/1.1" 500 215779
ERROR 2026-04-22 06:07:26,009 basehttp 21936 22860 "GET /letters/28/edit/facs/ HTTP/1.1" 500 215779
ERROR 2026-04-22 06:08:16,219 basehttp 21936 22860 "GET /letters/28/edit/facs/ HTTP/1.1" 500 205326
INFO 2026-04-22 06:09:56,472 autoreload 21936 22960 C:\PycharmProjects\letter_portal\apps\letters\views.py changed, reloading.
INFO 2026-04-22 06:10:13,962 autoreload 21344 11024 Watching for file changes with StatReloader
INFO 2026-04-22 06:10:48,101 basehttp 21344 9100 "GET /letters/28/edit/facs/ HTTP/1.1" 200 74572
INFO 2026-04-22 06:11:37,326 basehttp 21344 9100 "GET / HTTP/1.1" 200 93744
INFO 2026-04-22 06:11:42,364 basehttp 21344 9100 "GET /letters/ HTTP/1.1" 200 90194
INFO 2026-04-22 06:11:44,736 basehttp 21344 9100 "GET /letters/28/edit/facs/ HTTP/1.1" 200 74574
INFO 2026-04-22 06:11:52,542 basehttp 21344 9100 "GET /letters/28/facs/ HTTP/1.1" 200 49721
INFO 2026-04-22 06:12:13,394 basehttp 21344 9100 "GET /letters/ HTTP/1.1" 200 90194
INFO 2026-04-22 06:12:16,329 basehttp 21344 9100 "GET /letters/15/artiva/ HTTP/1.1" 200 47853
INFO 2026-04-22 06:12:22,085 basehttp 21344 9100 "GET /letters/ HTTP/1.1" 200 90194
INFO 2026-04-22 06:12:23,873 basehttp 21344 9100 "GET /letters/28/edit/facs/ HTTP/1.1" 200 74574
INFO 2026-04-22 06:12:32,233 basehttp 21344 9100 "GET /letters/ HTTP/1.1" 200 90194
INFO 2026-04-22 06:12:34,287 basehttp 21344 9100 "GET /letters/28/edit/facs/ HTTP/1.1" 200 74574
INFO 2026-04-22 06:13:03,398 basehttp 21344 9100 "GET /letters/ HTTP/1.1" 200 90194
INFO 2026-04-22 06:13:09,204 basehttp 21344 9100 "GET /letters/28/edit/facs/ HTTP/1.1" 200 74574
INFO 2026-04-22 06:13:22,721 basehttp 21344 9100 "GET /letters/ HTTP/1.1" 200 90194
INFO 2026-04-22 06:14:03,242 basehttp 21344 9100 "GET /letters/28/edit/facs/ HTTP/1.1" 200 74574
INFO 2026-04-22 06:14:27,049 basehttp 21344 9100 "POST /letters/28/edit/facs/ HTTP/1.1" 302 0
INFO 2026-04-22 06:14:27,203 basehttp 21344 9100 "GET /letters/28/facs/ HTTP/1.1" 200 50838
INFO 2026-04-22 06:14:40,803 basehttp 21344 9100 - Broken pipe from ('127.0.0.1', 51970)
INFO 2026-04-22 06:14:41,080 basehttp 21344 19032 "GET / HTTP/1.1" 200 94014
INFO 2026-04-22 06:14:43,611 basehttp 21344 19032 "GET /letters/ HTTP/1.1" 200 90194
INFO 2026-04-22 06:14:45,739 basehttp 21344 19032 "GET /letters/28/approval-management/ HTTP/1.1" 200 46646
INFO 2026-04-22 06:15:04,774 basehttp 21344 19032 "GET /letters/ HTTP/1.1" 200 90194
INFO 2026-04-22 06:15:05,987 basehttp 21344 19032 "GET /letters/my-drafts/ HTTP/1.1" 200 67652
INFO 2026-04-22 06:15:07,452 basehttp 21344 19032 "GET /letters/28/edit/facs/ HTTP/1.1" 200 75043
INFO 2026-04-22 06:15:18,820 basehttp 21344 19032 "GET /letters/ HTTP/1.1" 200 90194
INFO 2026-04-22 06:15:19,886 basehttp 21344 19032 "GET /letters/my-drafts/ HTTP/1.1" 200 67652
INFO 2026-04-22 06:15:23,303 basehttp 21344 19032 "GET /letters/9/edit/artiva/ HTTP/1.1" 200 69251
INFO 2026-04-22 06:15:29,773 basehttp 21344 19032 "GET /letters/ HTTP/1.1" 200 90194
INFO 2026-04-22 06:16:12,987 basehttp 21344 19032 "GET /letters/28/facs/ HTTP/1.1" 200 50406
INFO 2026-04-22 06:16:33,687 basehttp 21344 19032 "GET /letters/client/pending/ HTTP/1.1" 200 50585
INFO 2026-04-22 06:16:40,854 basehttp 21344 19032 "GET /letters/10/facs/ HTTP/1.1" 200 53224
INFO 2026-04-22 06:17:04,034 basehttp 21344 19032 "GET /letters/ HTTP/1.1" 200 90194
INFO 2026-04-22 06:17:06,894 basehttp 21344 19032 "GET /letters/28/facs/ HTTP/1.1" 200 50406
INFO 2026-04-22 06:17:29,698 basehttp 21344 19032 "GET /letters/ HTTP/1.1" 200 90194
INFO 2026-04-22 06:19:20,276 basehttp 21344 19032 "GET /letters/28/facs/ HTTP/1.1" 200 50408
INFO 2026-04-22 06:19:34,355 basehttp 21344 19032 "GET /letters/ HTTP/1.1" 200 90196
INFO 2026-04-22 06:19:41,092 basehttp 21344 19032 "GET /letters/15/artiva/ HTTP/1.1" 200 47855
INFO 2026-04-22 06:22:06,236 basehttp 21344 23720 "GET /letters/ HTTP/1.1" 200 90196
INFO 2026-04-22 06:22:07,949 basehttp 21344 23720 "GET /letters/28/edit/facs/ HTTP/1.1" 200 75045
INFO 2026-04-22 06:22:12,770 basehttp 21344 23720 "GET /letters/ HTTP/1.1" 200 90196
INFO 2026-04-22 06:22:14,722 basehttp 21344 23720 "GET /letters/28/facs/ HTTP/1.1" 200 50408
INFO 2026-04-22 06:22:22,809 basehttp 21344 23720 "GET /letters/28/edit/facs/ HTTP/1.1" 200 75045
INFO 2026-04-22 06:22:39,901 basehttp 21344 23720 "GET /letters/28/edit/facs/ HTTP/1.1" 200 75045
INFO 2026-04-22 06:23:22,715 basehttp 21344 23720 "GET /letters/ HTTP/1.1" 200 90196
INFO 2026-04-22 06:23:24,238 basehttp 21344 23720 "GET /letters/28/facs/ HTTP/1.1" 200 50408
INFO 2026-04-22 06:23:29,927 basehttp 21344 23720 "GET /letters/ HTTP/1.1" 200 90196
INFO 2026-04-22 06:23:32,351 basehttp 21344 23720 "GET /letters/15/facs/ HTTP/1.1" 200 53558
INFO 2026-04-22 06:25:28,077 basehttp 21344 23720 "GET /letters/15/facs/ HTTP/1.1" 200 53332
ERROR 2026-04-22 06:25:42,821 basehttp 21344 23720 "POST /letters/15/client/approve/ HTTP/1.1" 500 85298
INFO 2026-04-22 06:26:33,230 autoreload 21344 11024 C:\PycharmProjects\letter_portal\apps\letters\models.py changed, reloading.
INFO 2026-04-22 06:26:58,392 autoreload 18756 3836 Watching for file changes with StatReloader
INFO 2026-04-22 06:27:52,887 basehttp 18756 15436 "GET /letters/15/facs/ HTTP/1.1" 200 53660
INFO 2026-04-22 06:27:58,714 basehttp 18756 15436 "POST /letters/15/client/approve/ HTTP/1.1" 302 0
INFO 2026-04-22 06:27:58,866 basehttp 18756 15436 "GET /letters/15/facs/ HTTP/1.1" 200 54143
INFO 2026-04-22 06:28:09,932 basehttp 18756 15436 "POST /letters/15/client/approve/ HTTP/1.1" 302 0
INFO 2026-04-22 06:28:10,067 basehttp 18756 15436 "GET /letters/15/facs/ HTTP/1.1" 200 52324
INFO 2026-04-22 06:28:25,422 basehttp 18756 15436 "GET /letters/pending/ HTTP/1.1" 200 101281
INFO 2026-04-22 06:28:37,751 basehttp 18756 15436 "GET /letters/15/cco/final/ HTTP/1.1" 200 41347
INFO 2026-04-22 06:28:48,002 basehttp 18756 15436 "GET /letters/pending/ HTTP/1.1" 200 101281
INFO 2026-04-22 06:28:48,918 basehttp 18756 15436 "GET /letters/sessions/pending/ HTTP/1.1" 200 80909
INFO 2026-04-22 06:28:50,639 basehttp 18756 15436 "GET /letters/client/pending/ HTTP/1.1" 200 47671
INFO 2026-04-22 06:28:52,381 basehttp 18756 15436 "GET /letters/10/facs/ HTTP/1.1" 200 53390
INFO 2026-04-22 06:28:58,916 basehttp 18756 15436 "POST /letters/10/client/approve/ HTTP/1.1" 302 0
INFO 2026-04-22 06:28:59,056 basehttp 18756 15436 "GET /letters/10/facs/ HTTP/1.1" 200 53873
INFO 2026-04-22 06:29:05,697 basehttp 18756 15436 "POST /letters/10/client/approve/ HTTP/1.1" 302 0
INFO 2026-04-22 06:29:05,870 basehttp 18756 15436 "GET /letters/10/facs/ HTTP/1.1" 200 51995
INFO 2026-04-22 06:29:11,556 basehttp 18756 15436 "GET /letters/pending/ HTTP/1.1" 200 102430
INFO 2026-04-22 06:29:21,930 basehttp 18756 15436 "GET /letters/30/radius/approve/ HTTP/1.1" 200 41716
ERROR 2026-04-22 06:29:24,633 basehttp 18756 15436 "POST /letters/30/radius/approve/ HTTP/1.1" 500 237680
INFO 2026-04-22 06:31:36,443 autoreload 18756 3836 C:\PycharmProjects\letter_portal\apps\letters\views.py changed, reloading.
INFO 2026-04-22 06:31:57,757 autoreload 11820 13452 Watching for file changes with StatReloader
INFO 2026-04-22 06:34:36,990 basehttp 11820 23544 "GET /letters/30/radius/approve/ HTTP/1.1" 200 41714
ERROR 2026-04-22 06:34:42,970 basehttp 11820 23544 "POST /letters/30/radius/approve/ HTTP/1.1" 500 237723
INFO 2026-04-22 06:54:13,539 autoreload 11820 13452 C:\PycharmProjects\letter_portal\apps\accounts\models.py changed, reloading.
INFO 2026-04-22 06:54:23,057 autoreload 23572 8312 Watching for file changes with StatReloader
INFO 2026-04-22 06:54:30,084 autoreload 23572 8312 C:\PycharmProjects\letter_portal\apps\accounts\models.py changed, reloading.
INFO 2026-04-22 06:54:35,092 autoreload 21756 24520 Watching for file changes with StatReloader
INFO 2026-04-22 06:55:07,259 autoreload 21756 24520 C:\PycharmProjects\letter_portal\apps\accounts\models.py changed, reloading.
INFO 2026-04-22 06:55:13,487 autoreload 23064 15896 Watching for file changes with StatReloader
INFO 2026-04-22 06:56:12,884 basehttp 23064 21464 "POST /letters/30/radius/approve/ HTTP/1.1" 302 0
INFO 2026-04-22 06:56:13,589 basehttp 23064 21464 "GET /letters/pending/ HTTP/1.1" 200 101678
INFO 2026-04-22 06:56:19,622 basehttp 23064 21464 "GET /letters/31/radius/approve/ HTTP/1.1" 200 41717
INFO 2026-04-22 06:56:25,671 basehttp 23064 21464 "POST /letters/31/radius/approve/ HTTP/1.1" 302 0
INFO 2026-04-22 06:56:26,250 basehttp 23064 21464 "GET /letters/pending/ HTTP/1.1" 200 100407
INFO 2026-04-22 06:56:30,691 basehttp 23064 21464 "GET /letters/33/radius/approve/ HTTP/1.1" 200 41708
INFO 2026-04-22 06:56:34,830 basehttp 23064 21464 "POST /letters/33/radius/approve/ HTTP/1.1" 302 0
INFO 2026-04-22 06:56:35,454 basehttp 23064 21464 "GET /letters/pending/ HTTP/1.1" 200 100286
INFO 2026-04-22 06:56:39,890 basehttp 23064 21464 "GET /letters/20/sessions/approve/ HTTP/1.1" 200 42051
INFO 2026-04-22 06:56:46,189 basehttp 23064 21464 "POST /letters/20/sessions/approve/ HTTP/1.1" 302 0
INFO 2026-04-22 06:56:46,677 basehttp 23064 21464 "GET /letters/pending/ HTTP/1.1" 200 99017
INFO 2026-04-22 06:56:51,808 basehttp 23064 21464 "GET /letters/6/facs/ HTTP/1.1" 200 51813
INFO 2026-04-22 06:57:00,770 basehttp 23064 21464 "GET /letters/pending/ HTTP/1.1" 200 98496
INFO 2026-04-22 06:57:02,369 basehttp 23064 21464 "GET /letters/radius/pending/ HTTP/1.1" 200 71607
INFO 2026-04-22 06:57:04,502 basehttp 23064 21464 "GET /letters/pending/ HTTP/1.1" 200 98496
INFO 2026-04-22 06:57:10,748 basehttp 23064 21464 "GET /letters/radius/pending/ HTTP/1.1" 200 71607
INFO 2026-04-22 06:57:11,773 basehttp 23064 21464 "GET /letters/sessions/pending/ HTTP/1.1" 200 79385
INFO 2026-04-22 06:57:12,355 basehttp 23064 21464 "GET /letters/client/pending/ HTTP/1.1" 200 51216
INFO 2026-04-22 06:57:16,704 basehttp 23064 21464 "GET /letters/pending/ HTTP/1.1" 200 98495
INFO 2026-04-22 06:57:46,777 basehttp 23064 21464 "GET /letters/client/pending/ HTTP/1.1" 200 51212
INFO 2026-04-22 06:57:54,620 basehttp 23064 21464 "GET /letters/pending/ HTTP/1.1" 200 98492
INFO 2026-04-22 06:58:02,241 basehttp 23064 21464 "GET /letters/client/pending/ HTTP/1.1" 200 51212
INFO 2026-04-22 07:01:04,764 basehttp 23064 21464 "GET /letters/client/pending/ HTTP/1.1" 200 51216
INFO 2026-04-22 07:01:34,536 basehttp 23064 21464 "GET /letters/pending/ HTTP/1.1" 200 98496
INFO 2026-04-22 07:01:46,134 basehttp 23064 21464 "GET /letters/client/pending/ HTTP/1.1" 200 51216
INFO 2026-04-22 07:02:04,983 basehttp 23064 21464 "GET /letters/pending/ HTTP/1.1" 200 98496
INFO 2026-04-22 07:02:08,011 basehttp 23064 21464 "GET /letters/pending/ HTTP/1.1" 200 98496
INFO 2026-04-22 07:02:09,380 basehttp 23064 21464 "GET /letters/client/pending/ HTTP/1.1" 200 51216
INFO 2026-04-22 07:02:11,351 basehttp 23064 21464 "GET /letters/pending/ HTTP/1.1" 200 98496
INFO 2026-04-22 07:02:12,720 basehttp 23064 21464 "GET /letters/pending/ HTTP/1.1" 200 98496
INFO 2026-04-22 07:06:02,347 autoreload 23064 15896 C:\PycharmProjects\letter_portal\apps\letters\views.py changed, reloading.
INFO 2026-04-22 07:06:06,083 autoreload 14240 6440 Watching for file changes with StatReloader
INFO 2026-04-22 07:06:12,017 basehttp 14240 768 "GET /letters/pending/ HTTP/1.1" 200 102573
INFO 2026-04-22 07:06:18,120 basehttp 14240 768 "GET /letters/1/facs/ HTTP/1.1" 200 54299
INFO 2026-04-22 07:06:29,506 basehttp 14240 768 "GET /letters/22/sessions/approve/ HTTP/1.1" 200 42054
INFO 2026-04-22 07:06:40,095 basehttp 14240 768 "GET /letters/1/facs/ HTTP/1.1" 200 54301
INFO 2026-04-22 07:06:46,969 basehttp 14240 768 "GET /letters/22/sessions/approve/ HTTP/1.1" 200 42056
INFO 2026-04-22 07:07:01,041 basehttp 14240 768 "GET / HTTP/1.1" 200 94079
INFO 2026-04-22 07:14:25,699 basehttp 14240 18356 "GET /letters/pending/ HTTP/1.1" 200 103487
INFO 2026-04-22 07:14:29,756 basehttp 14240 18356 "GET /letters/pending/ HTTP/1.1" 200 103487
INFO 2026-04-22 07:14:32,480 basehttp 14240 18356 "GET /letters/1/client/approve/ HTTP/1.1" 302 0
INFO 2026-04-22 07:14:32,646 basehttp 14240 18356 "GET /letters/1/facs/ HTTP/1.1" 200 54302
INFO 2026-04-22 07:15:07,873 autoreload 14240 6440 C:\PycharmProjects\letter_portal\apps\letters\views.py changed, reloading.
INFO 2026-04-22 07:15:25,416 autoreload 5588 9544 Watching for file changes with StatReloader
INFO 2026-04-22 07:15:46,610 basehttp 5588 15092 "GET /letters/pending/ HTTP/1.1" 200 103487
INFO 2026-04-22 07:15:48,501 basehttp 5588 15092 "GET /letters/34/radius/approve/ HTTP/1.1" 200 41717
INFO 2026-04-22 07:15:58,154 basehttp 5588 20428 "GET /letters/1/client/approve/ HTTP/1.1" 200 46999
INFO 2026-04-22 07:17:06,201 basehttp 5588 20428 "GET /letters/1/facs/ HTTP/1.1" 200 54302
INFO 2026-04-22 07:17:10,271 basehttp 5588 20428 "GET /letters/ HTTP/1.1" 200 90248
INFO 2026-04-22 07:17:16,407 basehttp 5588 20428 "POST /letters/1/client/approve/ HTTP/1.1" 302 0
INFO 2026-04-22 07:17:17,007 basehttp 5588 20428 "GET /letters/pending/ HTTP/1.1" 200 104008
INFO 2026-04-22 07:17:20,374 basehttp 5588 20428 "GET /letters/1/client/approve/ HTTP/1.1" 200 46875
INFO 2026-04-22 07:17:26,821 basehttp 5588 20428 "GET /letters/pending/ HTTP/1.1" 200 103487
INFO 2026-04-22 07:17:31,674 basehttp 5588 20428 "GET /letters/10/cco/final/ HTTP/1.1" 200 41348
INFO 2026-04-22 07:17:48,002 basehttp 5588 20428 "GET / HTTP/1.1" 200 94079
INFO 2026-04-22 07:18:01,309 basehttp 5588 20428 "GET / HTTP/1.1" 200 94079
INFO 2026-04-22 07:18:04,742 basehttp 5588 20428 "GET /letters/28/facs/ HTTP/1.1" 200 50471
INFO 2026-04-22 07:18:10,415 basehttp 5588 20428 "GET / HTTP/1.1" 200 94079
INFO 2026-04-22 07:18:13,209 basehttp 5588 20428 "GET /letters/pending/ HTTP/1.1" 200 103487
INFO 2026-04-22 07:18:14,184 basehttp 5588 20428 "GET /letters/radius/pending/ HTTP/1.1" 200 71611
INFO 2026-04-22 07:18:15,386 basehttp 5588 20428 "GET /letters/sessions/pending/ HTTP/1.1" 200 79389
INFO 2026-04-22 07:18:17,315 basehttp 5588 20428 "GET /letters/sessions/pending/ HTTP/1.1" 200 79389
INFO 2026-04-22 07:18:18,473 basehttp 5588 20428 "GET /letters/client/pending/ HTTP/1.1" 200 51236
INFO 2026-04-22 07:18:20,039 basehttp 5588 20428 "GET /letters/delegated/ HTTP/1.1" 200 42637
INFO 2026-04-22 07:18:22,682 basehttp 5588 20428 "GET / HTTP/1.1" 200 94079
INFO 2026-04-22 07:18:24,382 basehttp 5588 20428 "GET /letters/my-drafts/ HTTP/1.1" 200 67726
INFO 2026-04-22 07:18:26,296 basehttp 5588 20428 - Broken pipe from ('127.0.0.1', 51690)
INFO 2026-04-22 07:18:26,460 basehttp 5588 21664 "GET /letters/28/edit/facs/ HTTP/1.1" 200 75108
ERROR 2026-04-22 07:18:49,230 basehttp 5588 21664 "POST /letters/28/edit/facs/ HTTP/1.1" 500 254348
ERROR 2026-04-22 07:19:17,064 basehttp 5588 21664 "POST /letters/28/edit/facs/ HTTP/1.1" 500 254347
INFO 2026-04-22 07:19:28,360 basehttp 5588 21664 "GET /letters/ HTTP/1.1" 200 90248
INFO 2026-04-22 07:19:32,206 basehttp 5588 21664 "GET /letters/my-drafts/ HTTP/1.1" 200 67717
INFO 2026-04-22 07:19:36,537 basehttp 5588 21664 "GET /letters/4/edit/artiva/ HTTP/1.1" 200 69339
INFO 2026-04-22 07:19:43,994 basehttp 5588 21664 "POST /letters/4/edit/artiva/ HTTP/1.1" 302 0
INFO 2026-04-22 07:19:44,124 basehttp 5588 21664 "GET /letters/4/artiva/ HTTP/1.1" 200 48376
INFO 2026-04-22 07:19:49,320 basehttp 5588 21664 "GET /letters/my-drafts/ HTTP/1.1" 200 67710
INFO 2026-04-22 07:19:52,876 basehttp 5588 21664 "GET /letters/10/edit/artiva/ HTTP/1.1" 200 69325
ERROR 2026-04-22 07:20:21,241 basehttp 5588 21664 "POST /letters/10/edit/artiva/ HTTP/1.1" 500 252337
INFO 2026-04-22 07:23:03,793 autoreload 5588 9544 C:\PycharmProjects\letter_portal\apps\letters\views.py changed, reloading.
INFO 2026-04-22 07:23:09,368 autoreload 16000 21020 Watching for file changes with StatReloader
INFO 2026-04-22 07:24:01,978 autoreload 16000 21020 C:\PycharmProjects\letter_portal\apps\letters\views.py changed, reloading.
INFO 2026-04-22 07:24:12,720 autoreload 18040 17116 Watching for file changes with StatReloader
INFO 2026-04-22 07:24:31,399 autoreload 18040 17116 C:\PycharmProjects\letter_portal\apps\letters\views.py changed, reloading.
INFO 2026-04-22 07:24:40,999 autoreload 10684 11892 Watching for file changes with StatReloader
INFO 2026-04-22 07:25:24,379 autoreload 10684 11892 C:\PycharmProjects\letter_portal\apps\letters\views.py changed, reloading.
INFO 2026-04-22 07:25:36,632 autoreload 22052 16252 Watching for file changes with StatReloader
INFO 2026-04-22 07:25:42,549 basehttp 22052 23120 "POST /letters/10/edit/artiva/ HTTP/1.1" 302 0
INFO 2026-04-22 07:25:42,729 basehttp 22052 23120 "GET /letters/10/artiva/ HTTP/1.1" 200 49766
INFO 2026-04-22 07:25:59,543 basehttp 22052 23120 "GET /letters/my-drafts/ HTTP/1.1" 200 65294
INFO 2026-04-22 07:26:51,508 autoreload 22052 16252 C:\PycharmProjects\letter_portal\apps\letters\views.py changed, reloading.
INFO 2026-04-22 07:26:59,162 autoreload 15020 13208 Watching for file changes with StatReloader
INFO 2026-04-22 07:27:03,218 basehttp 15020 15096 - Broken pipe from ('127.0.0.1', 63264)
INFO 2026-04-22 07:27:04,824 basehttp 15020 18420 "GET /letters/28/edit/facs/ HTTP/1.1" 200 75576
INFO 2026-04-22 07:27:33,949 basehttp 15020 18420 "POST /letters/28/edit/facs/ HTTP/1.1" 302 0
INFO 2026-04-22 07:27:34,079 basehttp 15020 18420 "GET /letters/28/facs/ HTTP/1.1" 200 52796
INFO 2026-04-22 07:27:37,290 basehttp 15020 18420 "GET /letters/my-drafts/ HTTP/1.1" 200 65291
INFO 2026-04-22 07:27:38,689 basehttp 15020 18420 "GET /letters/28/edit/facs/ HTTP/1.1" 200 75610
INFO 2026-04-22 07:27:42,121 basehttp 15020 18420 "POST /letters/28/edit/facs/ HTTP/1.1" 302 0
INFO 2026-04-22 07:27:42,232 basehttp 15020 18420 "GET /letters/28/facs/ HTTP/1.1" 200 53742
INFO 2026-04-22 07:27:45,950 basehttp 15020 18420 "GET /letters/my-drafts/ HTTP/1.1" 200 62895
INFO 2026-04-22 07:27:50,504 basehttp 15020 18420 "POST /letters/9/submit/ HTTP/1.1" 302 0
INFO 2026-04-22 07:27:50,623 basehttp 15020 18420 "GET /letters/9/artiva/ HTTP/1.1" 200 48411
INFO 2026-04-22 07:27:50,773 basehttp 15020 18420 "GET /letters/9/artiva/ HTTP/1.1" 200 47886
INFO 2026-04-22 07:28:14,990 basehttp 15020 18420 "GET /letters/ HTTP/1.1" 200 89413
INFO 2026-04-22 07:28:16,782 basehttp 15020 18420 "GET /letters/28/approval-management/ HTTP/1.1" 200 46707
INFO 2026-04-22 07:28:52,946 basehttp 15020 18420 "GET /letters/ HTTP/1.1" 200 89411
INFO 2026-04-22 07:28:55,092 basehttp 15020 18420 "GET /letters/28/approval-management/ HTTP/1.1" 200 46705
INFO 2026-04-22 07:29:02,078 basehttp 15020 18420 "GET /letters/client/pending/ HTTP/1.1" 200 51203
INFO 2026-04-22 07:29:04,572 basehttp 15020 18420 "GET /letters/11/facs/ HTTP/1.1" 200 53361
INFO 2026-04-22 07:29:09,593 basehttp 15020 18420 "GET /letters/pending/ HTTP/1.1" 200 104732
INFO 2026-04-22 07:29:19,301 basehttp 15020 18420 "GET /letters/my-drafts/ HTTP/1.1" 200 60471
INFO 2026-04-22 07:29:20,247 basehttp 15020 18420 "GET /letters/ HTTP/1.1" 200 89411
INFO 2026-04-22 07:29:21,879 basehttp 15020 18420 "GET /letters/create/facs/ HTTP/1.1" 200 79490
INFO 2026-04-22 07:29:23,439 basehttp 15020 18420 "GET /letters/create/artiva/ HTTP/1.1" 200 72415
INFO 2026-04-22 07:29:25,324 basehttp 15020 18420 "GET / HTTP/1.1" 200 94563
INFO 2026-04-22 07:30:21,211 basehttp 15020 18420 "GET /letters/ HTTP/1.1" 200 89413
INFO 2026-04-22 07:30:24,390 basehttp 15020 18420 "GET /letters/pending/ HTTP/1.1" 200 104734
INFO 2026-04-22 07:30:27,947 basehttp 15020 18420 "GET /letters/radius/pending/ HTTP/1.1" 200 71584
INFO 2026-04-22 07:30:33,566 basehttp 15020 18420 "GET /letters/pending/ HTTP/1.1" 200 104734
INFO 2026-04-22 07:30:41,311 basehttp 15020 18420 "GET /letters/pending/ HTTP/1.1" 200 104734
INFO 2026-04-22 07:32:33,537 basehttp 15020 18420 "GET /letters/completed/ HTTP/1.1" 200 38044
INFO 2026-04-22 07:32:38,560 basehttp 15020 18420 "GET /letters/12/versions/ HTTP/1.1" 200 40245
INFO 2026-04-22 07:32:42,555 basehttp 15020 18420 "GET /letters/12/ HTTP/1.1" 200 50940
INFO 2026-04-22 07:32:50,053 basehttp 15020 18420 "GET / HTTP/1.1" 200 94565
INFO 2026-04-22 07:34:40,465 basehttp 15020 18420 "GET / HTTP/1.1" 200 70453
INFO 2026-04-22 07:35:04,220 basehttp 15020 18420 - Broken pipe from ('127.0.0.1', 60660)
INFO 2026-04-22 07:35:04,976 basehttp 15020 23284 "GET /letters/pending/ HTTP/1.1" 200 104734
INFO 2026-04-22 07:35:07,225 basehttp 15020 23284 "GET / HTTP/1.1" 200 70453
INFO 2026-04-22 07:35:08,960 basehttp 15020 23284 "GET /letters/pending/ HTTP/1.1" 200 104734
INFO 2026-04-22 07:35:12,809 basehttp 15020 23284 "GET / HTTP/1.1" 200 70453
INFO 2026-04-22 07:35:14,857 basehttp 15020 23284 "GET /letters/pending/ HTTP/1.1" 200 104734
INFO 2026-04-22 07:35:18,226 basehttp 15020 23284 "GET / HTTP/1.1" 200 70453
INFO 2026-04-22 07:36:00,238 autoreload 15020 13208 C:\PycharmProjects\letter_portal\apps\dashboard\views.py changed, reloading.
INFO 2026-04-22 07:36:14,357 autoreload 8496 24528 Watching for file changes with StatReloader
INFO 2026-04-22 07:36:22,311 basehttp 8496 22872 "GET / HTTP/1.1" 200 70456
INFO 2026-04-22 07:36:26,096 basehttp 8496 22872 "GET / HTTP/1.1" 200 70456
INFO 2026-04-22 07:36:28,532 basehttp 8496 22872 "GET /letters/pending/ HTTP/1.1" 200 104737
INFO 2026-04-22 07:36:38,350 basehttp 8496 22872 "GET /letters/create/facs/ HTTP/1.1" 200 79495
INFO 2026-04-22 07:36:41,608 basehttp 8496 22872 "GET /letters/create/artiva/ HTTP/1.1" 200 72420
INFO 2026-04-22 07:36:45,466 basehttp 8496 22872 "GET /letters/pending/ HTTP/1.1" 200 104737
INFO 2026-04-22 07:36:50,393 basehttp 8496 22872 "GET /letters/reports/ HTTP/1.1" 200 73579
INFO 2026-04-22 07:37:15,024 basehttp 8496 22872 "GET /letters/reports/?start=2026-04-01&end=2026-04-22 HTTP/1.1" 200 73577
INFO 2026-04-22 07:37:22,454 basehttp 8496 22872 "GET /letters/reports/ HTTP/1.1" 200 73579
INFO 2026-04-22 07:37:25,991 basehttp 8496 22872 "GET / HTTP/1.1" 200 70456
INFO 2026-04-22 07:37:34,398 basehttp 8496 22872 "GET /letters/pending/ HTTP/1.1" 200 104737
INFO 2026-04-22 07:37:52,284 basehttp 8496 22872 "GET /letters/pending/ HTTP/1.1" 200 104739
INFO 2026-04-22 07:43:21,183 autoreload 8496 24528 C:\PycharmProjects\letter_portal\apps\dashboard\views.py changed, reloading.
INFO 2026-04-22 07:43:27,890 autoreload 17116 5468 Watching for file changes with StatReloader
ERROR 2026-04-22 07:43:42,604 basehttp 17116 18560 "GET / HTTP/1.1" 500 323178
INFO 2026-04-22 07:44:00,818 basehttp 17116 18560 "GET /letters/pending/ HTTP/1.1" 200 104739
ERROR 2026-04-22 07:44:08,194 basehttp 17116 18560 "GET / HTTP/1.1" 500 323178
INFO 2026-04-22 07:44:26,618 basehttp 17116 18560 - Broken pipe from ('127.0.0.1', 53916)
ERROR 2026-04-22 07:44:27,820 basehttp 17116 22664 "GET / HTTP/1.1" 500 323178
INFO 2026-04-22 07:44:41,141 autoreload 17116 5468 C:\PycharmProjects\letter_portal\apps\dashboard\views.py changed, reloading.
INFO 2026-04-22 07:44:48,203 autoreload 23988 24164 Watching for file changes with StatReloader
INFO 2026-04-22 07:44:52,741 basehttp 23988 11640 "GET / HTTP/1.1" 200 70458
INFO 2026-04-22 07:47:58,342 autoreload 23988 24164 C:\PycharmProjects\letter_portal\apps\dashboard\views.py changed, reloading.
INFO 2026-04-22 07:48:06,611 autoreload 13452 24464 Watching for file changes with StatReloader
ERROR 2026-04-22 07:48:15,899 basehttp 13452 12408 "GET / HTTP/1.1" 500 330320
ERROR 2026-04-22 07:48:21,461 basehttp 13452 12408 "GET / HTTP/1.1" 500 330320
INFO 2026-04-22 07:48:59,677 autoreload 13452 24464 C:\PycharmProjects\letter_portal\apps\dashboard\views.py changed, reloading.
INFO 2026-04-22 07:49:04,948 autoreload 20952 21580 Watching for file changes with StatReloader
ERROR 2026-04-22 07:49:19,723 basehttp 20952 2372 "GET / HTTP/1.1" 500 323178
INFO 2026-04-22 07:57:07,256 autoreload 20952 21580 C:\PycharmProjects\letter_portal\apps\dashboard\views.py changed, reloading.
INFO 2026-04-22 07:57:19,663 autoreload 744 21788 Watching for file changes with StatReloader
INFO 2026-04-22 07:57:23,411 basehttp 744 24008 "GET /letters/pending/ HTTP/1.1" 200 104739
INFO 2026-04-22 07:57:28,041 basehttp 744 24008 "GET / HTTP/1.1" 200 81983
INFO 2026-04-22 07:57:32,096 basehttp 744 24008 "GET / HTTP/1.1" 200 81983
INFO 2026-04-22 07:57:35,935 basehttp 744 24008 "GET /letters/pending/ HTTP/1.1" 200 104739
INFO 2026-04-22 07:57:40,551 basehttp 744 24008 "GET /letters/pending/ HTTP/1.1" 200 104739
INFO 2026-04-22 07:57:47,529 basehttp 744 24008 "GET /letters/pending/ HTTP/1.1" 200 104739
INFO 2026-04-22 07:57:51,666 basehttp 744 24008 "GET /letters/pending/ HTTP/1.1" 200 104739
INFO 2026-04-22 07:57:59,403 basehttp 744 24008 "GET /letters/ HTTP/1.1" 200 89418
INFO 2026-04-22 07:58:07,663 basehttp 744 24008 "GET / HTTP/1.1" 200 81983
INFO 2026-04-22 07:58:11,895 basehttp 744 24008 "GET /letters/pending/ HTTP/1.1" 200 104739
INFO 2026-04-22 07:58:20,592 basehttp 744 24008 "GET /letters/reports/ HTTP/1.1" 200 73581
INFO 2026-04-22 07:58:27,638 basehttp 744 24008 "GET / HTTP/1.1" 200 81983
INFO 2026-04-22 07:58:49,803 basehttp 744 24008 "GET /letters/pending/ HTTP/1.1" 200 104739
INFO 2026-04-22 07:58:57,236 basehttp 744 24008 "GET /letters/pending/ HTTP/1.1" 200 104739
INFO 2026-04-22 07:59:06,041 basehttp 744 24008 "GET /letters/10/cco/final/ HTTP/1.1" 200 41322
INFO 2026-04-22 07:59:18,013 basehttp 744 24008 "GET /letters/completed/ HTTP/1.1" 200 38049
INFO 2026-04-22 07:59:32,418 basehttp 744 24008 "GET /letters/pending/ HTTP/1.1" 200 104739
INFO 2026-04-22 07:59:38,995 basehttp 744 24008 "GET /letters/pending/ HTTP/1.1" 200 104739
INFO 2026-04-22 08:00:10,540 basehttp 744 24008 "GET /letters/pending/ HTTP/1.1" 200 104739
INFO 2026-04-22 08:00:15,065 basehttp 744 24008 "GET /letters/pending/ HTTP/1.1" 200 104739
INFO 2026-04-22 08:07:25,713 basehttp 744 23484 "GET /letters/pending/ HTTP/1.1" 200 106355
INFO 2026-04-22 08:07:45,503 basehttp 744 23484 "GET / HTTP/1.1" 200 82058
INFO 2026-04-22 08:07:47,457 basehttp 744 23484 "GET /letters/pending/?tab=radius HTTP/1.1" 200 106355
INFO 2026-04-22 08:07:49,566 basehttp 744 23484 "GET / HTTP/1.1" 200 82058
INFO 2026-04-22 08:07:51,354 basehttp 744 23484 "GET /letters/pending/?tab=sessions HTTP/1.1" 200 106355
INFO 2026-04-22 08:07:53,923 basehttp 744 23484 "GET / HTTP/1.1" 200 82058
INFO 2026-04-22 08:07:55,791 basehttp 744 23484 "GET /letters/pending/?tab=client HTTP/1.1" 200 106355
INFO 2026-04-22 08:07:58,364 basehttp 744 23484 "GET / HTTP/1.1" 200 82058
INFO 2026-04-22 08:08:00,356 basehttp 744 23484 "GET /letters/pending/?tab=cco HTTP/1.1" 200 106355
INFO 2026-04-22 08:08:06,239 basehttp 744 23484 "GET / HTTP/1.1" 200 82058
INFO 2026-04-22 08:10:42,570 basehttp 744 23484 "GET /letters/pending/?tab=radius HTTP/1.1" 200 106355
INFO 2026-04-22 08:13:28,909 basehttp 744 23484 "GET /letters/37/radius/approve/ HTTP/1.1" 200 41695
INFO 2026-04-22 08:13:32,819 basehttp 744 23484 "GET /letters/11/client/approve/ HTTP/1.1" 200 46012
INFO 2026-04-22 08:16:53,288 basehttp 744 23484 "GET / HTTP/1.1" 200 94489
INFO 2026-04-22 08:17:19,812 basehttp 744 23484 "GET /letters/15/artiva/ HTTP/1.1" 200 47892
INFO 2026-04-22 08:17:23,637 basehttp 744 23484 "GET /letters/ HTTP/1.1" 200 89418
INFO 2026-04-22 08:17:29,016 basehttp 744 23484 "GET / HTTP/1.1" 200 94489
INFO 2026-04-22 08:20:44,037 basehttp 744 23484 "GET /letters/ HTTP/1.1" 200 89418
INFO 2026-04-22 08:21:02,960 basehttp 744 23484 "GET /letters/?page=2 HTTP/1.1" 200 78604
INFO 2026-04-22 08:21:07,794 basehttp 744 23484 "GET /letters/ HTTP/1.1" 200 89418
INFO 2026-04-22 08:21:09,111 basehttp 744 23484 "GET / HTTP/1.1" 200 82058
INFO 2026-04-22 08:23:32,473 basehttp 744 14260 "GET / HTTP/1.1" 200 82058
INFO 2026-04-22 08:23:44,731 basehttp 744 14260 "GET / HTTP/1.1" 200 97167
INFO 2026-04-22 08:23:56,025 basehttp 744 14260 "GET / HTTP/1.1" 200 97167
INFO 2026-04-22 08:24:15,150 basehttp 744 14260 "GET /letters/pending/?tab=radius HTTP/1.1" 200 106355
INFO 2026-04-22 08:24:32,807 basehttp 744 14260 "GET /letters/28/facs/ HTTP/1.1" 200 53219
INFO 2026-04-22 08:24:43,391 basehttp 744 14260 "GET /letters/?system=ARTIVA HTTP/1.1" 200 71902
INFO 2026-04-22 08:24:55,153 basehttp 744 14260 "GET /letters/pending/?tab=radius HTTP/1.1" 200 106355
INFO 2026-04-22 08:25:01,211 basehttp 744 14260 "GET /letters/pending/?tab=cco HTTP/1.1" 200 106355
INFO 2026-04-22 08:25:05,395 basehttp 744 14260 "GET /letters/completed/?system=ARTIVA HTTP/1.1" 200 38049
INFO 2026-04-22 08:25:10,878 basehttp 744 14260 "GET /letters/completed/?system=ARTIVA HTTP/1.1" 200 38049
INFO 2026-04-22 08:25:16,893 basehttp 744 14260 "GET /letters/completed/?system=FACS HTTP/1.1" 200 38049
INFO 2026-04-22 08:25:20,736 basehttp 744 14260 "GET /letters/pending/?tab=client HTTP/1.1" 200 106355
INFO 2026-04-22 08:25:29,393 basehttp 744 14260 "GET /letters/create/artiva/ HTTP/1.1" 200 72422
INFO 2026-04-22 08:25:37,344 basehttp 744 14260 "GET /letters/1/client/approve/ HTTP/1.1" 200 46849
INFO 2026-04-22 08:26:05,968 basehttp 744 14260 "GET / HTTP/1.1" 200 97155
INFO 2026-04-22 08:29:13,529 basehttp 744 14260 "GET /documents/management/ HTTP/1.1" 200 78316
INFO 2026-04-22 08:29:18,862 basehttp 744 14260 "GET / HTTP/1.1" 200 97205
INFO 2026-04-22 08:29:26,283 basehttp 744 14260 "GET /letters/reports/ HTTP/1.1" 200 73619
INFO 2026-04-22 08:29:35,056 basehttp 744 14260 "GET / HTTP/1.1" 200 97205
INFO 2026-04-22 08:29:50,299 basehttp 744 14260 "GET / HTTP/1.1" 200 97206
INFO 2026-04-22 08:30:21,533 basehttp 744 14260 "GET / HTTP/1.1" 200 97207
INFO 2026-04-22 08:41:56,460 basehttp 744 13324 "GET / HTTP/1.1" 200 101632
INFO 2026-04-22 08:43:26,099 basehttp 744 13324 "GET / HTTP/1.1" 200 109886
INFO 2026-04-22 08:43:43,300 basehttp 744 13324 "GET /letters/34/radius/approve/ HTTP/1.1" 200 41736
INFO 2026-04-22 08:44:04,405 basehttp 744 13324 "GET /letters/pending/?tab=radius HTTP/1.1" 200 106400
INFO 2026-04-22 08:44:09,724 basehttp 744 13324 "GET /letters/1/client/approve/ HTTP/1.1" 200 46894
INFO 2026-04-22 08:44:14,756 basehttp 744 13324 "GET /letters/10/cco/final/ HTTP/1.1" 200 41367
INFO 2026-04-22 08:46:01,272 basehttp 744 13324 "GET / HTTP/1.1" 200 109886
INFO 2026-04-22 08:48:29,479 basehttp 744 13324 "GET / HTTP/1.1" 200 110503
INFO 2026-04-22 08:48:33,703 basehttp 744 13324 "GET / HTTP/1.1" 200 110503
INFO 2026-04-22 08:50:16,794 basehttp 744 13324 "GET / HTTP/1.1" 200 111039
INFO 2026-04-22 08:50:20,125 basehttp 744 13324 "GET / HTTP/1.1" 200 111039
INFO 2026-04-22 08:51:10,968 basehttp 744 13324 "GET / HTTP/1.1" 200 110971
INFO 2026-04-22 08:51:14,371 basehttp 744 13324 "GET / HTTP/1.1" 200 110971
INFO 2026-04-22 08:51:23,145 basehttp 744 13324 "GET / HTTP/1.1" 200 110971
INFO 2026-04-22 08:57:07,412 basehttp 744 21072 "GET / HTTP/1.1" 200 113526
INFO 2026-04-22 08:57:42,160 basehttp 744 21072 "GET /letters/pending/ HTTP/1.1" 200 106400
INFO 2026-04-22 08:59:23,368 basehttp 744 21072 "GET / HTTP/1.1" 200 113516
INFO 2026-04-22 08:59:27,599 basehttp 744 21072 "GET / HTTP/1.1" 200 113516
INFO 2026-04-22 09:01:58,950 basehttp 744 21072 "GET / HTTP/1.1" 200 113555
INFO 2026-04-22 09:03:02,973 basehttp 744 21072 "GET / HTTP/1.1" 200 113527
INFO 2026-04-22 09:04:02,139 basehttp 744 21072 "GET / HTTP/1.1" 200 113531
INFO 2026-04-22 09:04:30,424 basehttp 744 21072 "GET / HTTP/1.1" 200 113535
INFO 2026-04-22 09:04:36,135 basehttp 744 21072 "GET / HTTP/1.1" 200 113535
INFO 2026-04-22 09:05:53,819 basehttp 744 21072 "GET / HTTP/1.1" 200 113537
INFO 2026-04-22 09:06:09,240 basehttp 744 21072 "GET / HTTP/1.1" 200 113526
INFO 2026-04-22 09:07:35,736 basehttp 744 21072 "GET / HTTP/1.1" 200 113522
INFO 2026-04-22 09:07:58,255 basehttp 744 21072 "GET /letters/create/facs/ HTTP/1.1" 200 79542
INFO 2026-04-22 09:08:00,323 basehttp 744 21072 "GET /letters/create/artiva/ HTTP/1.1" 200 72467
INFO 2026-04-22 09:08:02,723 basehttp 744 21072 "GET /letters/create/facs/ HTTP/1.1" 200 79542
INFO 2026-04-22 09:33:42,461 basehttp 744 22076 "GET / HTTP/1.1" 200 113524
INFO 2026-04-22 09:34:23,593 basehttp 744 22076 "GET /letters/pending/?tab=cco HTTP/1.1" 200 106400
INFO 2026-04-22 09:34:34,710 basehttp 744 22076 "GET /letters/1/artiva/ HTTP/1.1" 200 47790
INFO 2026-04-22 09:34:39,231 basehttp 744 22076 "GET / HTTP/1.1" 200 113524
INFO 2026-04-22 09:41:42,339 basehttp 744 15208 "GET /letters/client/pending/ HTTP/1.1" 200 51260
INFO 2026-04-22 09:41:49,998 basehttp 744 15208 "GET /letters/sessions/pending/ HTTP/1.1" 200 80940
INFO 2026-04-22 09:41:51,095 basehttp 744 15208 "GET /letters/radius/pending/ HTTP/1.1" 200 71639
INFO 2026-04-22 09:41:52,913 basehttp 744 15208 "GET /letters/client/pending/ HTTP/1.1" 200 51260
INFO 2026-04-22 09:43:06,324 basehttp 744 2684 "GET /accounts/notifications/ HTTP/1.1" 200 79084
WARNING 2026-04-22 09:43:19,317 log 744 2684 Forbidden (CSRF token from the 'X-Csrftoken' HTTP header has incorrect length.): /accounts/notifications/203/delete/
WARNING 2026-04-22 09:43:19,807 basehttp 744 2684 "POST /accounts/notifications/203/delete/ HTTP/1.1" 403 2549
WARNING 2026-04-22 09:43:34,468 log 744 22732 Forbidden (CSRF token from the 'X-Csrftoken' HTTP header has incorrect length.): /accounts/notifications/202/delete/
WARNING 2026-04-22 09:43:34,472 log 744 2684 Forbidden (CSRF token from the 'X-Csrftoken' HTTP header has incorrect length.): /accounts/notifications/203/delete/
WARNING 2026-04-22 09:43:34,785 log 744 16252 Forbidden (CSRF token from the 'X-Csrftoken' HTTP header has incorrect length.): /accounts/notifications/198/delete/
WARNING 2026-04-22 09:43:34,832 basehttp 744 2684 "POST /accounts/notifications/203/delete/ HTTP/1.1" 403 2549
WARNING 2026-04-22 09:43:35,147 log 744 8972 Forbidden (CSRF token from the 'X-Csrftoken' HTTP header has incorrect length.): /accounts/notifications/199/delete/
WARNING 2026-04-22 09:43:35,229 log 744 2684 Forbidden (CSRF token from the 'X-Csrftoken' HTTP header has incorrect length.): /accounts/notifications/197/delete/
WARNING 2026-04-22 09:43:35,338 log 744 20032 Forbidden (CSRF token from the 'X-Csrftoken' HTTP header has incorrect length.): /accounts/notifications/200/delete/
WARNING 2026-04-22 09:43:35,507 basehttp 744 22732 "POST /accounts/notifications/202/delete/ HTTP/1.1" 403 2549
WARNING 2026-04-22 09:43:35,613 log 744 22732 Forbidden (CSRF token from the 'X-Csrftoken' HTTP header has incorrect length.): /accounts/notifications/196/delete/
WARNING 2026-04-22 09:43:35,658 log 744 24008 Forbidden (CSRF token from the 'X-Csrftoken' HTTP header has incorrect length.): /accounts/notifications/201/delete/
WARNING 2026-04-22 09:43:35,880 basehttp 744 2684 "POST /accounts/notifications/197/delete/ HTTP/1.1" 403 2549
WARNING 2026-04-22 09:43:35,906 basehttp 744 22732 "POST /accounts/notifications/196/delete/ HTTP/1.1" 403 2549
WARNING 2026-04-22 09:43:35,949 log 744 2684 Forbidden (CSRF token from the 'X-Csrftoken' HTTP header has incorrect length.): /accounts/notifications/195/delete/
WARNING 2026-04-22 09:43:35,952 log 744 22732 Forbidden (CSRF token from the 'X-Csrftoken' HTTP header has incorrect length.): /accounts/notifications/194/delete/
WARNING 2026-04-22 09:43:36,085 basehttp 744 8972 "POST /accounts/notifications/199/delete/ HTTP/1.1" 403 2549
WARNING 2026-04-22 09:43:36,136 basehttp 744 2684 "POST /accounts/notifications/195/delete/ HTTP/1.1" 403 2549
WARNING 2026-04-22 09:43:36,185 basehttp 744 22732 "POST /accounts/notifications/194/delete/ HTTP/1.1" 403 2549
WARNING 2026-04-22 09:43:36,227 log 744 8972 Forbidden (CSRF token from the 'X-Csrftoken' HTTP header has incorrect length.): /accounts/notifications/193/delete/
WARNING 2026-04-22 09:43:36,285 log 744 2684 Forbidden (CSRF token from the 'X-Csrftoken' HTTP header has incorrect length.): /accounts/notifications/192/delete/
WARNING 2026-04-22 09:43:36,395 log 744 22732 Forbidden (CSRF token from the 'X-Csrftoken' HTTP header has incorrect length.): /accounts/notifications/191/delete/
WARNING 2026-04-22 09:43:36,504 basehttp 744 8972 "POST /accounts/notifications/193/delete/ HTTP/1.1" 403 2549
WARNING 2026-04-22 09:43:36,637 basehttp 744 2684 "POST /accounts/notifications/192/delete/ HTTP/1.1" 403 2549
WARNING 2026-04-22 09:43:36,673 basehttp 744 22732 "POST /accounts/notifications/191/delete/ HTTP/1.1" 403 2549
WARNING 2026-04-22 09:43:36,720 log 744 8972 Forbidden (CSRF token from the 'X-Csrftoken' HTTP header has incorrect length.): /accounts/notifications/190/delete/
WARNING 2026-04-22 09:43:36,744 log 744 2684 Forbidden (CSRF token from the 'X-Csrftoken' HTTP header has incorrect length.): /accounts/notifications/189/delete/
WARNING 2026-04-22 09:43:36,802 log 744 22732 Forbidden (CSRF token from the 'X-Csrftoken' HTTP header has incorrect length.): /accounts/notifications/188/delete/
WARNING 2026-04-22 09:43:36,852 basehttp 744 8972 "POST /accounts/notifications/190/delete/ HTTP/1.1" 403 2549
WARNING 2026-04-22 09:43:36,971 basehttp 744 2684 "POST /accounts/notifications/189/delete/ HTTP/1.1" 403 2549
WARNING 2026-04-22 09:43:37,091 basehttp 744 22732 "POST /accounts/notifications/188/delete/ HTTP/1.1" 403 2549
WARNING 2026-04-22 09:43:37,315 log 744 8972 Forbidden (CSRF token from the 'X-Csrftoken' HTTP header has incorrect length.): /accounts/notifications/187/delete/
WARNING 2026-04-22 09:43:37,322 log 744 2684 Forbidden (CSRF token from the 'X-Csrftoken' HTTP header has incorrect length.): /accounts/notifications/186/delete/
WARNING 2026-04-22 09:43:37,403 log 744 22732 Forbidden (CSRF token from the 'X-Csrftoken' HTTP header has incorrect length.): /accounts/notifications/185/delete/
WARNING 2026-04-22 09:43:37,544 basehttp 744 8972 "POST /accounts/notifications/187/delete/ HTTP/1.1" 403 2549
WARNING 2026-04-22 09:43:37,647 basehttp 744 2684 "POST /accounts/notifications/186/delete/ HTTP/1.1" 403 2549
WARNING 2026-04-22 09:43:37,744 basehttp 744 22732 "POST /accounts/notifications/185/delete/ HTTP/1.1" 403 2549
WARNING 2026-04-22 09:43:37,860 log 744 8972 Forbidden (CSRF token from the 'X-Csrftoken' HTTP header has incorrect length.): /accounts/notifications/184/delete/
WARNING 2026-04-22 09:43:38,116 basehttp 744 8972 "POST /accounts/notifications/184/delete/ HTTP/1.1" 403 2549
WARNING 2026-04-22 09:43:41,004 basehttp 744 16252 "POST /accounts/notifications/198/delete/ HTTP/1.1" 403 2549
WARNING 2026-04-22 09:43:41,029 basehttp 744 20032 "POST /accounts/notifications/200/delete/ HTTP/1.1" 403 2549
WARNING 2026-04-22 09:43:41,128 basehttp 744 24008 "POST /accounts/notifications/201/delete/ HTTP/1.1" 403 2549
INFO 2026-04-22 09:43:41,767 basehttp 744 24008 "GET /accounts/notifications/ HTTP/1.1" 200 79084
INFO 2026-04-22 09:43:47,925 basehttp 744 24008 "GET /letters/ HTTP/1.1" 200 89468
INFO 2026-04-22 09:44:00,454 basehttp 744 24008 "GET / HTTP/1.1" 200 113529
INFO 2026-04-22 09:44:03,921 basehttp 744 24008 "GET /letters/9/artiva/ HTTP/1.1" 200 47941
INFO 2026-04-22 09:44:07,234 basehttp 744 24008 "GET /accounts/notifications/ HTTP/1.1" 200 79084
WARNING 2026-04-22 09:44:10,592 log 744 24008 Forbidden (CSRF token from the 'X-Csrftoken' HTTP header has incorrect length.): /accounts/notifications/read-all/
WARNING 2026-04-22 09:44:10,699 basehttp 744 24008 "POST /accounts/notifications/read-all/ HTTP/1.1" 403 2549
INFO 2026-04-23 05:42:58,655 autoreload 24288 25360 Watching for file changes with StatReloader
INFO 2026-04-23 05:43:17,349 basehttp 24288 13628 "GET / HTTP/1.1" 302 0
INFO 2026-04-23 05:43:17,517 basehttp 24288 13628 "GET /accounts/login/?next=/ HTTP/1.1" 200 10189
INFO 2026-05-13 23:14:01,609 autoreload 26860 27620 Watching for file changes with StatReloader
INFO 2026-08-12 03:41:10,489 autoreload 18672 27276 Watching for file changes with StatReloader
INFO 2026-08-12 03:46:22,318 autoreload 34256 33592 Watching for file changes with StatReloader
INFO 2026-08-12 03:48:35,925 autoreload 23072 36008 Watching for file changes with StatReloader
INFO 2026-08-12 03:57:06,096 autoreload 32848 32176 Watching for file changes with StatReloader
INFO 2026-08-12 03:57:11,156 log 32848 31868 "GET / HTTP/1.1" 302 0
INFO 2026-08-12 03:57:11,275 log 32848 31868 "GET /accounts/login/?next=/ HTTP/1.1" 200 10189
INFO 2026-08-12 03:57:11,313 log 32848 31868 "GET /static/css/theme.css HTTP/1.1" 200 3294
INFO 2026-08-12 03:57:11,315 log 32848 38040 "GET /static/css/dashboard.css HTTP/1.1" 200 9437
INFO 2026-08-12 03:57:11,316 log 32848 34348 "GET /static/css/style.css HTTP/1.1" 200 32991
INFO 2026-08-12 03:57:11,319 log 32848 24092 "GET /static/js/main.js HTTP/1.1" 200 2823
INFO 2026-08-12 03:58:25,410 log 32848 24092 "GET /accounts/login/?next=/ HTTP/1.1" 200 10189
INFO 2026-08-12 03:58:29,659 log 32848 24092 "POST /accounts/login/ HTTP/1.1" 302 0
INFO 2026-08-12 03:58:30,120 log 32848 24092 "GET / HTTP/1.1" 200 114021
INFO 2026-08-12 03:58:39,196 log 32848 24092 "POST /accounts/logout/ HTTP/1.1" 302 0
INFO 2026-08-12 03:58:39,202 log 32848 24092 "GET /accounts/login/ HTTP/1.1" 200 10189
INFO 2026-08-12 03:59:49,803 log 32848 24092 "POST /accounts/login/ HTTP/1.1" 302 0
INFO 2026-08-12 03:59:49,961 log 32848 24092 "GET / HTTP/1.1" 200 114021
INFO 2026-08-12 03:59:56,751 log 32848 24092 "GET /letters/create/artiva/ HTTP/1.1" 200 72462
